{"#vi": {"G": 0.05983493810178817, "G#": 0.038170563961485555, "F#": 0.002751031636863824, "D#": 0.10075653370013755, "E": 0.005502063273727648, "A": 0.1062585969738652, "F": 0.18982118294360384, "A#": 0.20598349381017883, "C#": 0.11485557083906466, "B": 0.0, "C": 0.17090784044016505, "D": 0.00515818431911967}, "III": {"G": 0.3048011639185257, "G#": 0.006304558680892337, "F#": 0.00024248302618816683, "D#": 0.3653006789524733, "E": 0.0, "A": 0.0008486905916585839, "F": 0.01879243452958293, "A#": 0.247090203685742, "C#": 0.014306498545101843, "B": 0.010911736178467508, "C": 0.0, "D": 0.031401551891367604}, "#I": {"G": 0.012531328320802004, "G#": 0.23057644110275688, "F#": 0.0, "D#": 0.018796992481203006, "E": 0.002506265664160401, "A": 0.006265664160401002, "F": 0.3458646616541353, "A#": 0.0, "C#": 0.30701754385964913, "B": 0.0012531328320802004, "C": 0.07518796992481203, "D": 0.0}, "iii": {"G": 0.0, "G#": 0.0028694404591104736, "F#": 0.03156384505021521, "D#": 0.3199426111908178, "E": 0.0, "A": 0.0, "F": 0.21664275466284075, "A#": 0.40889526542324245, "C#": 0.005738880918220947, "B": 0.0, "C": 0.0, "D": 0.014347202295552367}, "vii": {"G": 0.0, "G#": 0.0, "F#": 0.0, "D#": 0.0, "E": 0.0, "A": 0.0, "F": 0.0, "A#": 0.0, "C#": 0.0, "B": 0.0, "C": 0.0, "D": 0.0}, "#i": {"G": 0.046153846153846156, "G#": 0.36923076923076925, "F#": 0.0, "D#": 0.12307692307692308, "E": 0.06153846153846154, "A": 0.0, "F": 0.0, "A#": 0.046153846153846156, "C#": 0.26153846153846155, "B": 0.0, "C": 0.09230769230769231, "D": 0.0}, "IV": {"G": 0.006461421512732801, "G#": 0.0, "F#": 0.0007601672367920942, "D#": 0.11288483466362599, "E": 0.0003800836183960471, "A": 0.2573166096541239, "F": 0.35841885214747243, "A#": 0.004180919802356519, "C#": 0.0, "B": 0.0007601672367920942, "C": 0.2588369441277081, "D": 0.0}, "VII": {"G": 0.0, "G#": 0.0, "F#": 0.3333333333333333, "D#": 0.3333333333333333, "E": 0.0, "A": 0.0, "F": 0.0, "A#": 0.0, "C#": 0.0, "B": 0.3333333333333333, "C": 0.0, "D": 0.0}, "#V": {"G": 0.05906357388316151, "G#": 0.32044673539518903, "F#": 0.002147766323024055, "D#": 0.2349656357388316, "E": 0.014390034364261168, "A": 0.0, "F": 0.0, "A#": 0.01675257731958763, "C#": 0.005584192439862543, "B": 0.0002147766323024055, "C": 0.3384879725085911, "D": 0.007946735395189003}, "#v": {"G": 0.03233256351039261, "G#": 0.2817551963048499, "F#": 0.0, "D#": 0.4018475750577367, "E": 0.004618937644341801, "A": 0.0, "F": 0.0, "A#": 0.26096997690531176, "C#": 0.0, "B": 0.018475750577367205, "C": 0.0, "D": 0.0}, "#II": {"G": 0.0, "G#": 0.0, "F#": 0.0, "D#": 0.0, "E": 0.0, "A": 0.0, "F": 0.0, "A#": 0.0, "C#": 0.0, "B": 0.0, "C": 0.0, "D": 0.0}, "I": {"G": 0.2536136662286465, "G#": 0.0, "F#": 0.0, "D#": 0.0, "E": 0.25492772667542707, "A": 0.0, "F": 0.003416557161629435, "A#": 0.08226018396846255, "C#": 0.001314060446780552, "B": 0.00026281208935611036, "C": 0.40394218134034166, "D": 0.00026281208935611036}, "iv": {"G": 0.06615384615384616, "G#": 0.2353846153846154, "F#": 0.0, "D#": 0.0522051282051282, "E": 0.022256410256410255, "A": 0.0, "F": 0.318974358974359, "A#": 0.03230769230769231, "C#": 0.008307692307692308, "B": 0.0019487179487179488, "C": 0.2602051282051282, "D": 0.0022564102564102562}, "#ii": {"G": 0.0, "G#": 0.0, "F#": 0.0, "D#": 0.0, "E": 0.0, "A": 0.0, "F": 0.0, "A#": 0.0, "C#": 0.0, "B": 0.0, "C": 0.0, "D": 0.0}, "#IV": {"G": 0.0, "G#": 0.016666666666666666, "F#": 0.3333333333333333, "D#": 0.0, "E": 0.0, "A": 0.0, "F": 0.05, "A#": 0.3333333333333333, "C#": 0.25, "B": 0.016666666666666666, "C": 0.0, "D": 0.0}, "vi": {"G": 0.0, "G#": 0.0, "F#": 0.0, "D#": 0.0, "E": 0.0, "A": 0.0, "F": 0.0, "A#": 0.0, "C#": 0.0, "B": 0.0, "C": 0.0, "D": 0.0}, "V": {"G": 0.3815865662999421, "G#": 0.0018818760856977416, "F#": 0.0, "D#": 0.0, "E": 0.0, "A": 0.0007237984944991314, "F": 0.09640995946728431, "A#": 0.0, "C#": 0.0, "B": 0.25361899247249564, "C": 0.0027504342790966993, "D": 0.26302837290098435}, "VI": {"G": 0.2, "G#": 0.0, "F#": 0.0, "D#": 0.0, "E": 0.06666666666666667, "A": 0.4666666666666667, "F": 0.0, "A#": 0.0, "C#": 0.26666666666666666, "B": 0.0, "C": 0.0, "D": 0.0}, "ii": {"G": 0.03408587870739265, "G#": 0.18968570163789286, "F#": 0.0, "D#": 0.014608233731739707, "E": 0.0004426737494466578, "A": 0.02213368747233289, "F": 0.3063302346170872, "A#": 0.0, "C#": 0.0, "B": 0.0004426737494466578, "C": 0.15604249667994688, "D": 0.27622841965471445}, "i": {"G": 0.24180092059838895, "G#": 0.012442462600690448, "F#": 0.0008630609896432681, "D#": 0.23870828538550057, "E": 7.192174913693901e-05, "A": 0.00014384349827387802, "F": 0.04423187571921749, "A#": 0.03071058688147296, "C#": 0.00035960874568469507, "B": 0.03243670886075949, "C": 0.32587744533947066, "D": 0.07235327963176065}, "II": {"G": 0.004576659038901602, "G#": 0.003432494279176201, "F#": 0.2528604118993135, "D#": 0.0011441647597254005, "E": 0.0, "A": 0.2391304347826087, "F": 0.0, "A#": 0.0, "C#": 0.0, "B": 0.0, "C": 0.14073226544622425, "D": 0.35812356979405036}, "#VI": {"G": 0.0, "G#": 0.0695795548227535, "F#": 0.001978565539983512, "D#": 0.006595218466611707, "E": 0.0013190436933223414, "A": 0.0069249793899422915, "F": 0.2598516075845012, "A#": 0.37147568013190435, "C#": 0.0, "B": 0.0, "C": 0.008903544929925804, "D": 0.2733718054410552}, "#iv": {"G": 0.0039603960396039604, "G#": 0.007920792079207921, "F#": 0.25346534653465347, "D#": 0.1603960396039604, "E": 0.0, "A": 0.27722772277227725, "F": 0.0, "A#": 0.0039603960396039604, "C#": 0.0, "B": 0.0, "C": 0.29306930693069305, "D": 0.0}, "v": {"G": 0.3307227567688521, "G#": 0.0071604385768628325, "F#": 0.0, "D#": 0.00022376370552696352, "E": 0.00044752741105392703, "A": 0.018572387558737972, "F": 0.10203624972029537, "A#": 0.28306108749160885, "C#": 0.049004251510405016, "B": 0.0, "C": 0.025509062430073844, "D": 0.18326247482658312}}