{"#vi": {"#vi": 0.0050989303330931665, "III": 0.003380812503463947, "#I": 0.0008313473369173641, "iii": 0.0005542315579449094, "vii": 0.0, "#i": 0.0, "IV": 0.002660311478135565, "VII": 0.0, "#V": 0.0013301557390677824, "#v": 0.00011084631158898187, "#II": 0.0, "I": 0.003657928282436402, "iv": 0.004932660865709693, "#ii": 0.0, "#IV": 0.00011084631158898187, "vi": 0.0, "V": 0.0022169262317796377, "VI": 5.5423155794490936e-05, "ii": 0.00038796209056143655, "i": 0.0037133514382308927, "II": 0.0014964252064512554, "#VI": 0.006151970293188494, "#iv": 0.000942193648506346, "v": 0.00354708197084742}, "III": {"#vi": 0.006318239760571967, "III": 0.032090007205010256, "#I": 0.0003325389347669456, "iii": 0.004544698775148257, "vii": 0.0, "#i": 0.00011084631158898187, "IV": 0.006262816604777476, "VII": 0.0, "#V": 0.0165161004267583, "#v": 0.00177354098542371, "#II": 0.0, "I": 0.0008313473369173641, "iv": 0.016682369894141773, "#ii": 0.0, "#IV": 0.0, "vi": 0.0, "V": 0.003380812503463947, "VI": 5.5423155794490936e-05, "ii": 0.002660311478135565, "i": 0.011417170093665134, "II": 0.00022169262317796375, "#VI": 0.008535165992351604, "#iv": 0.0001662694673834728, "v": 0.00532062295627113}, "#I": {"#vi": 0.0020506567643961645, "III": 0.0007759241811228731, "#I": 0.002604888322341074, "iii": 0.00011084631158898187, "vii": 0.0, "#i": 0.00011084631158898187, "IV": 0.0002771157789724547, "VII": 0.0, "#V": 0.000886770492711855, "#v": 0.0, "#II": 0.0, "I": 0.0004988084021504184, "iv": 0.001884387297012692, "#ii": 0.0, "#IV": 0.00011084631158898187, "vi": 0.0, "V": 0.0, "VI": 0.0, "ii": 0.00011084631158898187, "i": 0.00022169262317796375, "II": 0.0, "#VI": 0.00022169262317796375, "#iv": 0.0, "v": 0.0017181178296292192}, "iii": {"#vi": 0.0007205010253283822, "III": 0.0012747325832732916, "#I": 0.0001662694673834728, "iii": 0.000942193648506346, "vii": 0.0, "#i": 0.0, "IV": 0.0004988084021504184, "VII": 0.0, "#V": 0.00038796209056143655, "#v": 0.00011084631158898187, "#II": 0.0, "I": 0.0, "iv": 0.0002771157789724547, "#ii": 0.0, "#IV": 0.00011084631158898187, "vi": 0.0, "V": 0.00011084631158898187, "VI": 0.0, "ii": 5.5423155794490936e-05, "i": 0.0003325389347669456, "II": 0.0, "#VI": 0.0048772377099152026, "#iv": 0.0, "v": 0.0}, "vii": {"#vi": 0.0, "III": 0.0, "#I": 0.0, "iii": 0.0, "vii": 0.0, "#i": 0.0, "IV": 0.0, "VII": 0.0, "#V": 0.0, "#v": 0.0, "#II": 0.0, "I": 0.0, "iv": 0.0, "#ii": 0.0, "#IV": 0.0, "vi": 0.0, "V": 0.0, "VI": 0.0, "ii": 0.0, "i": 0.0, "II": 0.0, "#VI": 0.0, "#iv": 0.0, "v": 0.0}, "#i": {"#vi": 0.00011084631158898187, "III": 5.5423155794490936e-05, "#I": 0.0, "iii": 0.0, "vii": 0.0, "#i": 0.0, "IV": 0.0, "VII": 0.0, "#V": 0.0004988084021504184, "#v": 0.00011084631158898187, "#II": 0.0, "I": 0.0, "iv": 0.0, "#ii": 0.0, "#IV": 0.0, "vi": 0.0, "V": 0.0, "VI": 0.0, "ii": 5.5423155794490936e-05, "i": 0.0, "II": 0.0, "#VI": 0.0, "#iv": 0.0, "v": 0.00011084631158898187}, "IV": {"#vi": 0.002771157789724547, "III": 0.0008313473369173641, "#I": 0.0001662694673834728, "iii": 0.0004988084021504184, "vii": 0.0, "#i": 5.5423155794490936e-05, "IV": 0.007315856564872804, "VII": 0.0, "#V": 0.0001662694673834728, "#v": 0.0, "#II": 0.0, "I": 0.0002771157789724547, "iv": 0.0009976168043008369, "#ii": 0.0, "#IV": 0.0, "vi": 0.0, "V": 0.003269966191874965, "VI": 0.0, "ii": 0.0008313473369173641, "i": 0.0037133514382308927, "II": 0.00022169262317796375, "#VI": 0.01186055534002106, "#iv": 0.0003325389347669456, "v": 0.0019398104528071827}, "VII": {"#vi": 0.0, "III": 0.0, "#I": 0.0, "iii": 0.0, "vii": 0.0, "#i": 0.0, "IV": 0.0, "VII": 0.0, "#V": 0.0, "#v": 0.0, "#II": 0.0, "I": 0.0, "iv": 5.5423155794490936e-05, "#ii": 0.0, "#IV": 0.0, "vi": 0.0, "V": 0.0, "VI": 0.0, "ii": 0.0, "i": 0.0, "II": 0.0, "#VI": 0.0, "#iv": 0.0, "v": 0.0}, "#V": {"#vi": 0.002715734633930056, "III": 0.006318239760571967, "#I": 0.0023277725433686193, "iii": 0.000886770492711855, "vii": 0.0, "#i": 0.0004433852463559275, "IV": 0.0005542315579449094, "VII": 0.0, "#V": 0.012581056365349444, "#v": 0.0021615030759851465, "#II": 0.0, "I": 0.0022723493875741285, "iv": 0.010087014354597352, "#ii": 0.0, "#IV": 0.0, "vi": 0.0, "V": 0.0013301557390677824, "VI": 0.0, "ii": 0.009144820706091005, "i": 0.006595355539544422, "II": 0.00011084631158898187, "#VI": 0.007038740785900349, "#iv": 5.5423155794490936e-05, "v": 0.0020506567643961645}, "#v": {"#vi": 0.0002771157789724547, "III": 0.003380812503463947, "#I": 0.0, "iii": 0.0002771157789724547, "vii": 0.0, "#i": 5.5423155794490936e-05, "IV": 0.0, "VII": 0.0, "#V": 5.5423155794490936e-05, "#v": 5.5423155794490936e-05, "#II": 0.0, "I": 0.0, "iv": 0.0004433852463559275, "#ii": 0.0, "#IV": 0.0, "vi": 0.0, "V": 0.0, "VI": 0.0, "ii": 0.0001662694673834728, "i": 0.0, "II": 0.0, "#VI": 0.0013855788948622734, "#iv": 0.0, "v": 0.0001662694673834728}, "#II": {"#vi": 0.0, "III": 0.0, "#I": 0.0, "iii": 0.0, "vii": 0.0, "#i": 0.0, "IV": 0.0, "VII": 0.0, "#V": 0.0, "#v": 0.0, "#II": 0.0, "I": 0.0, "iv": 0.0, "#ii": 0.0, "#IV": 0.0, "vi": 0.0, "V": 0.0, "VI": 0.0, "ii": 0.0, "i": 0.0, "II": 0.0, "#VI": 0.0, "#iv": 0.0, "v": 0.0}, "I": {"#vi": 0.001828964141218201, "III": 0.00011084631158898187, "#I": 0.00177354098542371, "iii": 0.0, "vii": 0.0, "#i": 0.0, "IV": 0.0038796209056143655, "VII": 0.0, "#V": 0.0021060799201906557, "#v": 0.0, "#II": 0.0, "I": 0.011417170093665134, "iv": 0.019675220307044283, "#ii": 0.0, "#IV": 0.00011084631158898187, "vi": 0.0, "V": 0.00011084631158898187, "VI": 0.0, "ii": 0.0009976168043008369, "i": 0.002882004101313529, "II": 0.0006650778695338912, "#VI": 0.0004433852463559275, "#iv": 0.0004988084021504184, "v": 0.000886770492711855}, "iv": {"#vi": 0.005542315579449094, "III": 0.007592972343845259, "#I": 0.001884387297012692, "iii": 0.0004433852463559275, "vii": 0.0, "#i": 5.5423155794490936e-05, "IV": 0.0017181178296292192, "VII": 0.0, "#V": 0.0050989303330931665, "#v": 0.0004433852463559275, "#II": 0.0, "I": 0.01302444161170537, "iv": 0.04383971623344233, "#ii": 0.0, "#IV": 0.0001662694673834728, "vi": 0.0, "V": 0.011749709028432078, "VI": 0.00011084631158898187, "ii": 0.009255667017679986, "i": 0.014576289973951117, "II": 0.0001662694673834728, "#VI": 0.009532782796652442, "#iv": 0.0005542315579449094, "v": 0.012581056365349444}, "#ii": {"#vi": 0.0, "III": 0.0, "#I": 0.0, "iii": 0.0, "vii": 0.0, "#i": 0.0, "IV": 0.0, "VII": 0.0, "#V": 0.0, "#v": 0.0, "#II": 0.0, "I": 0.0, "iv": 0.0, "#ii": 0.0, "#IV": 0.0, "vi": 0.0, "V": 0.0, "VI": 0.0, "ii": 0.0, "i": 0.0, "II": 0.0, "#VI": 0.0, "#iv": 0.0, "v": 0.0}, "#IV": {"#vi": 0.00011084631158898187, "III": 0.0, "#I": 0.00011084631158898187, "iii": 0.0001662694673834728, "vii": 0.0, "#i": 0.0, "IV": 0.0, "VII": 0.0, "#V": 0.0, "#v": 0.0, "#II": 0.0, "I": 0.0, "iv": 0.0, "#ii": 0.0, "#IV": 0.00022169262317796375, "vi": 0.0, "V": 0.0, "VI": 0.0, "ii": 0.0, "i": 0.00022169262317796375, "II": 0.0, "#VI": 0.0, "#iv": 0.0, "v": 0.0}, "vi": {"#vi": 0.0, "III": 0.0, "#I": 0.0, "iii": 0.0, "vii": 0.0, "#i": 0.0, "IV": 0.0, "VII": 0.0, "#V": 0.0, "#v": 0.0, "#II": 0.0, "I": 0.0, "iv": 0.0, "#ii": 0.0, "#IV": 0.0, "vi": 0.0, "V": 0.0, "VI": 0.0, "ii": 0.0, "i": 0.0, "II": 0.0, "#VI": 0.0, "#iv": 0.0, "v": 0.0}, "V": {"#vi": 0.0016072715180402372, "III": 0.0021615030759851465, "#I": 0.0, "iii": 0.0, "vii": 0.0, "#i": 0.0, "IV": 0.0004433852463559275, "VII": 0.0, "#V": 0.005653161891038076, "#v": 0.0, "#II": 0.0, "I": 0.008535165992351604, "iv": 0.0021615030759851465, "#ii": 0.0, "#IV": 0.0, "vi": 0.0, "V": 0.02882004101313529, "VI": 0.0, "ii": 0.0007759241811228731, "i": 0.04239871418278557, "II": 0.00011084631158898187, "#VI": 5.5423155794490936e-05, "#iv": 0.0002771157789724547, "v": 0.002604888322341074}, "VI": {"#vi": 0.0, "III": 0.0, "#I": 0.0, "iii": 0.0, "vii": 0.0, "#i": 0.0, "IV": 0.0, "VII": 0.0, "#V": 0.0, "#v": 0.0, "#II": 0.0, "I": 0.0, "iv": 0.0, "#ii": 0.0, "#IV": 0.0, "vi": 0.0, "V": 0.0, "VI": 0.0, "ii": 5.5423155794490936e-05, "i": 0.0, "II": 0.0001662694673834728, "#VI": 0.0, "#iv": 0.0, "v": 0.0},