{"#vi": 0.04074805308763848, "III": 0.11626631567401557, "#I": 0.01146210376220248, "iii": 0.009761983108478665, "vii": 0.0, "#i": 0.0009323242294614456, "IV": 0.03658001535592849, "VII": 5.4842601733026214e-05, "#V": 0.06597564988483054, "#v": 0.006197213995831962, "#II": 0.0, "I": 0.05319732368103543, "iv": 0.13694197652736645, "#ii": 0.0, "#IV": 0.0008226390259953932, "vi": 0.0, "V": 0.09591971043106284, "VI": 0.00021937040693210486, "ii": 0.06219151036525173, "i": 0.19639135680596687, "II": 0.012120214982998794, "#VI": 0.08467697707579247, "#iv": 0.007019853021827355, "v": 0.06252056597564988}