{"#VI": 0.08985160624014785, "IV": 0.035168777518073596, "iii": 0.00918628037179975, "II": 0.019242267761047996, "#ii": 0.0, "#i": 0.0003804968201337175, "iv": 0.09795075284013698, "vi": 0.0, "i": 0.24694243626678264, "#IV": 0.0, "VI": 0.0003261401315431864, "#iv": 0.010055987389248247, "I": 0.027776267869761374, "#vi": 0.029189541773115182, "#I": 0.001630700657715932, "III": 0.12007392509648313, "V": 0.1230091862803718, "#II": 0.0, "#v": 0.0036418981355655815, "ii": 0.07283796271131163, "v": 0.059411860629450454, "vii": 0.0, "#V": 0.05326955481872044, "VII": 5.4356688590531064e-05}