{"#VI": {"F#": 0.003382013835511145, "C#": 0.0, "G#": 0.06641045349730976, "A#": 0.3712528823981553, "F": 0.2614911606456572, "C": 0.0066102997694081475, "D": 0.2751729438893159, "A": 0.007993850883935434, "D#": 0.00676402767102229, "B": 0.0, "E": 0.0009223674096848578, "G": 0.0}, "IV": {"F#": 0.0007874015748031496, "C#": 0.0, "G#": 0.0, "A#": 0.003543307086614173, "F": 0.3464566929133858, "C": 0.26535433070866143, "D": 0.0, "A": 0.2622047244094488, "D#": 0.11220472440944881, "B": 0.0003937007874015748, "E": 0.0003937007874015748, "G": 0.008661417322834646}, "iii": {"F#": 0.00463678516228748, "C#": 0.0015455950540958269, "G#": 0.0030911901081916537, "A#": 0.40494590417310666, "F": 0.24420401854714066, "C": 0.0, "D": 0.02472952086553323, "A": 0.0, "D#": 0.31375579598145287, "B": 0.0030911901081916537, "E": 0.0, "G": 0.0}, "II": {"F#": 0.25303788420300216, "C#": 0.0, "G#": 0.002144388849177984, "A#": 0.0, "F": 0.0, "C": 0.13724088634739098, "D": 0.365975696926376, "A": 0.23874195854181557, "D#": 0.0007147962830593281, "B": 0.0, "E": 0.0, "G": 0.002144388849177984}, "#ii": {"F#": 0.0, "C#": 0.0, "G#": 0.0, "A#": 0.0, "F": 0.0, "C": 0.0, "D": 0.0, "A": 0.0, "D#": 0.0, "B": 0.0, "E": 0.0, "G": 0.0}, "#i": {"F#": 0.0, "C#": 0.25, "G#": 0.14285714285714285, "A#": 0.14285714285714285, "F": 0.0, "C": 0.0, "D": 0.0, "A": 0.0, "D#": 0.10714285714285714, "B": 0.0, "E": 0.14285714285714285, "G": 0.21428571428571427}, "iv": {"F#": 0.0, "C#": 0.004940014114326041, "G#": 0.2354269583627382, "A#": 0.026676076217360623, "F": 0.30910374029640086, "C": 0.2683133380381087, "D": 0.0022582921665490474, "A": 0.00014114326040931546, "D#": 0.07424135497529993, "B": 0.0029640084685956247, "E": 0.014961185603387439, "G": 0.06097388849682428}, "vi": {"F#": 0.0, "C#": 0.0, "G#": 0.0, "A#": 0.0, "F": 0.0, "C": 0.0, "D": 0.0, "A": 0.0, "D#": 0.0, "B": 0.0, "E": 0.0, "G": 0.0}, "i": {"F#": 0.0004528472772557455, "C#": 0.00011321181931393638, "G#": 0.010415487376882146, "A#": 0.026265142080833238, "F": 0.03996377221781954, "C": 0.3305219064870372, "D": 0.07409713574097136, "A": 0.00022642363862787276, "D#": 0.2404052983131439, "B": 0.030567191214762823, "E": 0.0, "G": 0.24697158383335222}, "#IV": {"F#": 0.0, "C#": 0.0, "G#": 0.0, "A#": 0.0, "F": 0.0, "C": 0.0, "D": 0.0, "A": 0.0, "D#": 0.0, "B": 0.0, "E": 0.0, "G": 0.0}, "VI": {"F#": 0.0, "C#": 0.25, "G#": 0.0, "A#": 0.0, "F": 0.0, "C": 0.0, "D": 0.0, "A": 0.375, "D#": 0.0, "B": 0.0, "E": 0.16666666666666666, "G": 0.20833333333333334}, "#iv": {"F#": 0.253077975376197, "C#": 0.0, "G#": 0.005471956224350205, "A#": 0.0013679890560875513, "F": 0.0, "C": 0.29411764705882354, "D": 0.0, "A": 0.2722298221614227, "D#": 0.16826265389876882, "B": 0.0, "E": 0.0013679890560875513, "G": 0.004103967168262654}, "I": {"F#": 0.0, "C#": 0.0010005002501250625, "G#": 0.0, "A#": 0.07253626813406704, "F": 0.0010005002501250625, "C": 0.40520260130065033, "D": 0.0010005002501250625, "A": 0.0, "D#": 0.0, "B": 0.0005002501250625312, "E": 0.256128064032016, "G": 0.26263131565782893}, "#vi": {"F#": 0.0038040893961008085, "C#": 0.020922491678554447, "G#": 0.010461245839277223, "A#": 0.08036138849262958, "F": 0.0879695672848312, "C": 0.27722301474084643, "D": 0.014740846409890632, "A": 0.20874940561103186, "D#": 0.1730860675225868, "B": 0.0, "E": 0.0038040893961008085, "G": 0.11887779362815026}, "#I": {"F#": 0.0, "C#": 0.2982456140350877, "G#": 0.21929824561403508, "A#": 0.0, "F": 0.40350877192982454, "C": 0.07017543859649122, "D": 0.0, "A": 0.0, "D#": 0.0, "B": 0.0, "E": 0.0, "G": 0.008771929824561403}, "III": {"F#": 0.00023266635644485808, "C#": 0.005467659376454164, "G#": 0.005700325732899023, "A#": 0.23871568171242438, "F": 0.022219637040483946, "C": 0.0, "D": 0.039436947417403445, "A": 0.0011633317822242904, "D#": 0.36144718473708703, "B": 0.015123313168915775, "E": 0.0, "G": 0.3104932526756631}, "V": {"F#": 0.0, "C#": 0.0, "G#": 0.0022343872193051058, "A#": 0.0, "F": 0.09116299854764831, "C": 0.0033515808289576584, "D": 0.26142330465869734, "A": 0.0005585968048262764, "D#": 0.0, "B": 0.2536029493911295, "E": 0.0, "G": 0.3876661825494358}, "#II": {"F#": 0.0, "C#": 0.0, "G#": 0.0, "A#": 0.0, "F": 0.0, "C": 0.0, "D": 0.0, "A": 0.0, "D#": 0.0, "B": 0.0, "E": 0.0, "G": 0.0}, "#v": {"F#": 0.0, "C#": 0.0, "G#": 0.2801556420233463, "A#": 0.27626459143968873, "F": 0.0, "C": 0.0, "D": 0.0, "A": 0.0, "D#": 0.39299610894941633, "B": 0.023346303501945526, "E": 0.0, "G": 0.027237354085603113}, "ii": {"F#": 0.0, "C#": 0.0, "G#": 0.18003731343283583, "A#": 0.00018656716417910448, "F": 0.3119402985074627, "C": 0.15541044776119403, "D": 0.27723880597014927, "A": 0.028358208955223882, "D#": 0.011380597014925373, "B": 0.00018656716417910448, "E": 0.0005597014925373135, "G": 0.03470149253731343}, "v": {"F#": 0.0009345794392523365, "C#": 0.008177570093457943, "G#": 0.006074766355140187, "A#": 0.2605140186915888, "F": 0.08130841121495327, "C": 0.020093457943925235, "D": 0.24532710280373832, "A": 0.022897196261682243, "D#": 0.0, "B": 0.0, "E": 0.0, "G": 0.35467289719626166}, "vii": {"F#": 0.0, "C#": 0.0, "G#": 0.0, "A#": 0.0, "F": 0.0, "C": 0.0, "D": 0.0, "A": 0.0, "D#": 0.0, "B": 0.0, "E": 0.0, "G": 0.0}, "#V": {"F#": 0.0013227513227513227, "C#": 0.0010582010582010583, "G#": 0.3055555555555556, "A#": 0.01746031746031746, "F": 0.0, "C": 0.3455026455026455, "D": 0.01216931216931217, "A": 0.0, "D#": 0.2402116402116402, "B": 0.0013227513227513227, "E": 0.006084656084656085, "G": 0.06931216931216931}, "VII": {"F#": 0.3333333333333333, "C#": 0.0, "G#": 0.0, "A#": 0.0, "F": 0.0, "C": 0.0, "D": 0.0, "A": 0.0, "D#": 0.3333333333333333, "B": 0.3333333333333333, "E": 0.0, "G": 0.0}}