{"#vi": 0.019009703906444388, "III": 0.06357302811644688, "#I": 0.005200298581736751, "iii": 0.03441154516048768, "vii": 0.022741975615824833, "#i": 0.003682508086588704, "IV": 0.06591191838765863, "VII": 0.001443145060960438, "#V": 0.029957700920627023, "#v": 0.0057974620552376215, "#II": 0.0002488181139586962, "I": 0.16073650161731773, "iv": 0.0682259268474745, "#ii": 0.0006469270962926101, "#IV": 0.0003732271709380443, "vi": 0.0565065936800199, "V": 0.14901716844986315, "VI": 0.009256033839263498, "ii": 0.08039313262005474, "i": 0.10141826324956457, "II": 0.03085344613087833, "#VI": 0.041502861408310526, "#iv": 0.010798706145807415, "v": 0.03829310773824334}