{"#vi": 0.0009564583712880306, "III": 0.019812351976680635, "#I": 0.0, "iii": 0.054882492257241754, "vii": 0.041628711969393335, "#i": 0.005966478411368191, "IV": 0.09027145199489889, "VII": 0.002596101293496083, "#V": 4.554563672800146e-05, "#v": 0.005465476407360175, "#II": 0.0004554563672800146, "I": 0.250045545636728, "iv": 0.011158680998360357, "#ii": 0.0011841865549280378, "#IV": 0.0, "vi": 0.10343414100929131, "V": 0.19311349972672617, "VI": 0.016760794315904538, "ii": 0.09550920021861906, "i": 0.022545090180360723, "II": 0.046411003825833484, "#VI": 0.005647658954272181, "#iv": 0.013936964838768447, "v": 0.01817270905447258}