{"#vi": {"G": 0.0, "G#": 0.0, "F#": 0.0, "D#": 0.0, "E": 0.0, "A": 0.0958904109589041, "F": 0.4657534246575342, "A#": 0.3013698630136986, "C#": 0.0136986301369863, "B": 0.0, "C": 0.1232876712328767, "D": 0.0}, "III": {"G": 0.0, "G#": 0.2518646012621916, "F#": 0.0, "D#": 0.0, "E": 0.37464142283419394, "A": 0.0005737234652897303, "F": 0.004589787722317842, "A#": 0.0, "C#": 0.0, "B": 0.2759609868043603, "C": 0.0, "D": 0.09236947791164658}, "#I": {"G": 0.0, "G#": 0.0, "F#": 0.0, "D#": 0.0, "E": 0.0, "A": 0.0, "F": 0.0, "A#": 0.0, "C#": 0.0, "B": 0.0, "C": 0.0, "D": 0.0}, "iii": {"G": 0.3268608414239482, "G#": 0.0, "F#": 0.0040453074433656954, "D#": 0.0002022653721682848, "E": 0.31088187702265374, "A": 0.01699029126213592, "F": 0.013956310679611651, "A#": 0.02831715210355987, "C#": 0.0, "B": 0.18830906148867313, "C": 0.0, "D": 0.1104368932038835}, "vii": {"G": 0.0, "G#": 0.0005406866720735334, "F#": 0.026493646931603138, "D#": 0.0, "E": 0.0186536901865369, "A": 0.09840497431738307, "F": 0.23817247904839145, "A#": 0.0, "C#": 0.0, "B": 0.2565558258988916, "C": 0.02216815355501487, "D": 0.33901054339010545}, "#i": {"G": 0.2644787644787645, "G#": 0.0019305019305019305, "F#": 0.0019305019305019305, "D#": 0.0, "E": 0.3416988416988417, "A": 0.0, "F": 0.011583011583011582, "A#": 0.10038610038610038, "C#": 0.25675675675675674, "B": 0.009652509652509652, "C": 0.0, "D": 0.011583011583011582}, "IV": {"G": 0.02825416409623689, "G#": 0.00012338062924120913, "F#": 0.00012338062924120913, "D#": 0.0004935225169648365, "E": 0.05441085749537323, "A": 0.30919185687847006, "F": 0.319185687847008, "A#": 0.0012338062924120913, "C#": 0.004441702652683528, "B": 0.008143121529919802, "C": 0.2743985194324491, "D": 0.0}, "VII": {"G": 0.0, "G#": 0.0, "F#": 0.2324561403508772, "D#": 0.25, "E": 0.0043859649122807015, "A": 0.13596491228070176, "F": 0.0, "A#": 0.0, "C#": 0.0, "B": 0.37719298245614036, "C": 0.0, "D": 0.0}, "#V": {"G": 0.5, "G#": 0.25, "F#": 0.0, "D#": 0.0, "E": 0.0, "A": 0.0, "F": 0.0, "A#": 0.0, "C#": 0.0, "B": 0.0, "C": 0.25, "D": 0.0}, "#v": {"G": 0.0, "G#": 0.2557651991614256, "F#": 0.0020964360587002098, "D#": 0.0, "E": 0.0041928721174004195, "A": 0.0041928721174004195, "F": 0.11740041928721175, "A#": 0.0, "C#": 0.0, "B": 0.3249475890985325, "C": 0.008385744234800839, "D": 0.2830188679245283}, "#II": {"G": 0.4358974358974359, "G#": 0.0, "F#": 0.0, "D#": 0.28205128205128205, "E": 0.0, "A": 0.0, "F": 0.02564102564102564, "A#": 0.23076923076923078, "C#": 0.0, "B": 0.0, "C": 0.0, "D": 0.02564102564102564}, "I": {"G": 0.2697797356828194, "G#": 0.0010572687224669603, "F#": 0.0006167400881057269, "D#": 0.0, "E": 0.2854625550660793, "A": 0.0, "F": 0.011894273127753305, "A#": 0.00960352422907489, "C#": 0.0, "B": 0.018590308370044054, "C": 0.3839647577092511, "D": 0.019030837004405287}, "iv": {"G": 0.22921108742004265, "G#": 0.009594882729211088, "F#": 0.0, "D#": 0.0010660980810234541, "E": 0.046908315565031986, "A": 0.0, "F": 0.2889125799573561, "A#": 0.0010660980810234541, "C#": 0.0, "B": 0.0, "C": 0.4232409381663113, "D": 0.0}, "#ii": {"G": 0.009009009009009009, "G#": 0.0, "F#": 0.27927927927927926, "D#": 0.23423423423423423, "E": 0.036036036036036036, "A": 0.26126126126126126, "F": 0.0, "A#": 0.0, "C#": 0.0, "B": 0.0, "C": 0.18018018018018017, "D": 0.0}, "#IV": {"G": 0.0, "G#": 0.0, "F#": 0.0, "D#": 0.0, "E": 0.0, "A": 0.0, "F": 0.0, "A#": 0.0, "C#": 0.0, "B": 0.0, "C": 0.0, "D": 0.0}, "vi": {"G": 0.09039301310043668, "G#": 0.0002183406113537118, "F#": 0.0, "D#": 0.0017467248908296944, "E": 0.23820960698689955, "A": 0.3358078602620087, "F": 0.0, "A#": 0.001200873362445415, "C#": 0.0001091703056768559, "B": 0.023253275109170305, "C": 0.28831877729257643, "D": 0.02074235807860262}, "V": {"G": 0.386200614824092, "G#": 0.00011385631333257428, "F#": 0.0022201981099851985, "D#": 0.00017078446999886144, "E": 0.0, "A": 0.007913013776613914, "F": 0.07377889103950815, "A#": 0.0, "C#": 0.0, "B": 0.2600478196515997, "C": 0.007514516679949903, "D": 0.2620403051349197}, "VI": {"G": 0.1219350563286945, "G#": 0.0, "F#": 0.0, "D#": 0.0, "E": 0.267064280980782, "A": 0.35453943008614974, "F": 0.0, "A#": 0.0019880715705765406, "C#": 0.24585818422796554, "B": 0.0033134526176275677, "C": 0.0, "D": 0.005301524188204109}, "ii": {"G": 0.042044134727061554, "G#": 0.00023228803716608595, "F#": 0.0, "D#": 0.0, "E": 0.026364692218350756, "A": 0.218931475029036, "F": 0.27096399535423926, "A#": 0.0, "C#": 0.0008130081300813008, "B": 0.0, "C": 0.12415795586527294, "D": 0.3164924506387921}, "i": {"G": 0.43078512396694213, "G#": 0.0005165289256198347, "F#": 0.0, "D#": 0.0025826446280991736, "E": 0.0, "A": 0.0, "F": 0.0, "A#": 0.006714876033057851, "C#": 0.0, "B": 0.021177685950413222, "C": 0.3047520661157025, "D": 0.2334710743801653}, "II": {"G": 0.006289308176100629, "G#": 0.0, "F#": 0.2522980164489598, "D#": 0.0, "E": 0.004596032897919691, "A": 0.25689404934687954, "F": 0.0, "A#": 0.0, "C#": 0.0, "B": 0.0, "C": 0.13086598935655538, "D": 0.3490566037735849}, "#VI": {"G": 0.0, "G#": 0.0020408163265306124, "F#": 0.012244897959183673, "D#": 0.0, "E": 0.012244897959183673, "A": 0.0653061224489796, "F": 0.24489795918367346, "A#": 0.3183673469387755, "C#": 0.0020408163265306124, "B": 0.0, "C": 0.0163265306122449, "D": 0.32653061224489793}, "#iv": {"G": 0.013481363996827915, "G#": 0.0, "F#": 0.2521808088818398, "D#": 0.00951625693893735, "E": 0.08643933386201427, "A": 0.3275178429817605, "F": 0.0, "A#": 0.0007930214115781126, "C#": 0.004758128469468675, "B": 0.00951625693893735, "C": 0.295796986518636, "D": 0.0}, "v": {"G": 0.3710201429499675, "G#": 0.0, "F#": 0.004548408057179987, "D#": 0.0, "E": 0.0, "A": 0.10266406757634827, "F": 0.07992202729044834, "A#": 0.10721247563352826, "C#": 0.001949317738791423, "B": 0.0, "C": 0.016894087069525665, "D": 0.3157894736842105}}