{"#VI": {"F#": 0.01507537688442211, "C#": 0.0016750418760469012, "G#": 0.0, "A#": 0.31155778894472363, "F": 0.24120603015075376, "C": 0.018425460636515914, "D": 0.33500837520938026, "A": 0.06365159128978225, "D#": 0.0, "B": 0.0, "E": 0.01340033500837521, "G": 0.0}, "IV": {"F#": 0.00011058277120424638, "C#": 0.004202145305761362, "G#": 0.00011058277120424638, "A#": 0.002543403737697667, "F": 0.3212429503483357, "C": 0.27026429282317815, "D": 0.0, "A": 0.31029525599911534, "D#": 0.0009952449408382174, "B": 0.007187880128276015, "E": 0.05363264403405949, "G": 0.029415017140329538}, "iii": {"F#": 0.00728835731638946, "C#": 0.0, "G#": 0.0, "A#": 0.031209119790693327, "F": 0.015511119416931415, "C": 0.0, "D": 0.1070827882638759, "A": 0.0181274528125584, "D#": 0.00018688095683049897, "B": 0.18276957578022798, "E": 0.3113436740796113, "G": 0.3264810315828817}, "II": {"F#": 0.25210084033613445, "C#": 0.0, "G#": 0.0, "A#": 0.0, "F": 0.0, "C": 0.13515406162464985, "D": 0.3468720821661998, "A": 0.2525676937441643, "D#": 0.0, "B": 0.0, "E": 0.005135387488328665, "G": 0.008169934640522876}, "#ii": {"F#": 0.27358490566037735, "C#": 0.0, "G#": 0.0, "A#": 0.018867924528301886, "F": 0.0, "C": 0.1792452830188679, "D": 0.009433962264150943, "A": 0.24528301886792453, "D#": 0.2358490566037736, "B": 0.0, "E": 0.02830188679245283, "G": 0.009433962264150943}, "#i": {"F#": 0.0018281535648994515, "C#": 0.2577696526508227, "G#": 0.0, "A#": 0.09140767824497258, "F": 0.014625228519195612, "C": 0.0, "D": 0.009140767824497258, "A": 0.0, "D#": 0.0, "B": 0.021937842778793418, "E": 0.3272394881170018, "G": 0.2760511882998172}, "iv": {"F#": 0.0, "C#": 0.0, "G#": 0.007469654528478058, "A#": 0.0009337068160597573, "F": 0.30158730158730157, "C": 0.4126984126984127, "D": 0.0, "A": 0.0, "D#": 0.0009337068160597573, "B": 0.0, "E": 0.05042016806722689, "G": 0.22595704948646125}, "vi": {"F#": 0.0, "C#": 0.00010393929944912172, "G#": 0.0006236357966947302, "A#": 0.0011433322939403388, "F": 0.0, "C": 0.2885354952707619, "D": 0.020268163392578736, "A": 0.33260575823718946, "D#": 0.0020787859889824342, "B": 0.021931192183764683, "E": 0.2404115996258185, "G": 0.09229809791082008}, "i": {"F#": 0.0, "C#": 0.0, "G#": 0.0004803073967339097, "A#": 0.007204610951008645, "F": 0.0004803073967339097, "C": 0.30883765609990393, "D": 0.22910662824207492, "A": 0.0, "D#": 0.004322766570605188, "B": 0.020172910662824207, "E": 0.0, "G": 0.42939481268011526}, "#IV": {"F#": 0.0, "C#": 0.0, "G#": 0.0, "A#": 0.0, "F": 0.0, "C": 0.0, "D": 0.0, "A": 0.0, "D#": 0.0, "B": 0.0, "E": 0.0, "G": 0.0}, "VI": {"F#": 0.0, "C#": 0.24527027027027026, "G#": 0.0, "A#": 0.002027027027027027, "F": 0.0, "C": 0.0, "D": 0.006081081081081081, "A": 0.3614864864864865, "D#": 0.0, "B": 0.002027027027027027, "E": 0.2641891891891892, "G": 0.11891891891891893}, "#iv": {"F#": 0.2533543804262036, "C#": 0.006314127861089187, "G#": 0.0, "A#": 0.0015785319652722968, "F": 0.0, "C": 0.2904498816101026, "D": 0.0, "A": 0.31728492501973166, "D#": 0.011838989739542225, "B": 0.009471191791633781, "E": 0.09155485398579322, "G": 0.018153117600631413}, "I": {"F#": 0.0005352878201432924, "C#": 0.0, "G#": 0.0011117516264514534, "A#": 0.01066458041670098, "F": 0.012929259655768756, "C": 0.3831013752779379, "D": 0.019270361525158528, "A": 0.0, "D#": 0.0, "B": 0.016882154327596145, "E": 0.28518488017788024, "G": 0.2703203491723627}, "#vi": {"F#": 0.0, "C#": 0.020833333333333332, "G#": 0.0, "A#": 0.2916666666666667, "F": 0.46875, "C": 0.09375, "D": 0.0, "A": 0.125, "D#": 0.0, "B": 0.0, "E": 0.0, "G": 0.0}, "#I": {"F#": 0.0, "C#": 0.0, "G#": 0.0, "A#": 0.0, "F": 0.0, "C": 0.0, "D": 0.0, "A": 0.0, "D#": 0.0, "B": 0.0, "E": 0.0, "G": 0.0}, "III": {"F#": 0.0, "C#": 0.0, "G#": 0.24845418774592468, "A#": 0.0, "F": 0.008431703204047217, "C": 0.0, "D": 0.09724564362001124, "A": 0.0022484541877459247, "D#": 0.0, "B": 0.26700393479482853, "E": 0.3766160764474424, "G": 0.0}, "V": {"F#": 0.0024373070465254832, "C#": 0.00016248713643503222, "G#": 0.00010832475762335481, "A#": 0.0, "F": 0.07387748469912798, "C": 0.00731192113957645, "D": 0.26025023019010995, "A": 0.008828467746303418, "D#": 0.00010832475762335481, "B": 0.2579754102800195, "E": 0.0, "G": 0.38894004224665546}, "#II": {"F#": 0.0, "C#": 0.02631578947368421, "G#": 0.0, "A#": 0.23684210526315788, "F": 0.02631578947368421, "C": 0.0, "D": 0.02631578947368421, "A": 0.0, "D#": 0.2631578947368421, "B": 0.0, "E": 0.0, "G": 0.42105263157894735}, "#v": {"F#": 0.0027472527472527475, "C#": 0.0, "G#": 0.25824175824175827, "A#": 0.0, "F": 0.1401098901098901, "C": 0.005494505494505495, "D": 0.29395604395604397, "A": 0.0, "D#": 0.0, "B": 0.29395604395604397, "E": 0.005494505494505495, "G": 0.0}, "ii": {"F#": 0.0001095290251916758, "C#": 0.0008762322015334064, "G#": 0.0002190580503833516, "A#": 0.0, "F": 0.2714129244249726, "C": 0.12519167579408544, "D": 0.31599123767798465, "A": 0.2171960569550931, "D#": 0.0001095290251916758, "B": 0.0, "E": 0.02453450164293538, "G": 0.0443592552026287}, "v": {"F#": 0.0036706869428421605, "C#": 0.002097535395909806, "G#": 0.0, "A#": 0.10907184058730991, "F": 0.08232826428945988, "C": 0.02202412165705296, "D": 0.30886208704771895, "A": 0.09648662821185107, "D#": 0.0005243838489774515, "B": 0.0, "E": 0.0, "G": 0.3749344520188778}, "vii": {"F#": 0.026262626262626262, "C#": 0.0, "G#": 0.0007575757575757576, "A#": 0.0, "F": 0.2366161616161616, "C": 0.026767676767676767, "D": 0.3285353535353535, "A": 0.10176767676767677, "D#": 0.0, "B": 0.25833333333333336, "E": 0.02095959595959596, "G": 0.0}, "#V": {"F#": 0.0, "C#": 0.0, "G#": 0.25, "A#": 0.0, "F": 0.0, "C": 0.25, "D": 0.0, "A": 0.0, "D#": 0.0, "B": 0.0, "E": 0.0, "G": 0.5}, "VII": {"F#": 0.23404255319148937, "C#": 0.0, "G#": 0.0, "A#": 0.0, "F": 0.0, "C": 0.0, "D": 0.0, "A": 0.13297872340425532, "D#": 0.25, "B": 0.3776595744680851, "E": 0.005319148936170213, "G": 0.0}}