{"#vi": {"#vi": 9.203018590097552e-05, "III": 0.0, "#I": 0.0, "iii": 0.0, "vii": 0.0, "#i": 4.601509295048776e-05, "IV": 0.0004141358365543898, "VII": 0.0, "#V": 0.0, "#v": 0.0, "#II": 0.0, "I": 0.0, "iv": 0.00018406037180195104, "#ii": 0.0, "#IV": 0.0, "vi": 4.601509295048776e-05, "V": 0.0, "VI": 0.0, "ii": 0.0, "i": 0.0, "II": 0.0, "#VI": 0.0, "#iv": 0.0, "v": 0.00018406037180195104}, "III": {"#vi": 0.0, "III": 0.004371433830296337, "#I": 0.0, "iii": 0.0006442113013068287, "vii": 4.601509295048776e-05, "#i": 0.0, "IV": 0.0014264678814651206, "VII": 0.0, "#V": 0.0, "#v": 0.0003681207436039021, "#II": 0.0, "I": 0.0004601509295048776, "iv": 0.0, "#ii": 4.601509295048776e-05, "#IV": 0.0, "vi": 0.011595803423522915, "V": 0.0, "VI": 0.0004601509295048776, "ii": 0.0002300754647524388, "i": 0.0, "II": 0.0, "#VI": 0.0, "#iv": 0.0002760905577029266, "v": 0.0}, "#I": {"#vi": 0.0, "III": 0.0, "#I": 0.0, "iii": 0.0, "vii": 0.0, "#i": 0.0, "IV": 0.0, "VII": 0.0, "#V": 0.0, "#v": 0.0, "#II": 0.0, "I": 0.0, "iv": 0.0, "#ii": 0.0, "#IV": 0.0, "vi": 0.0, "V": 0.0, "VI": 0.0, "ii": 0.0, "i": 0.0, "II": 0.0, "#VI": 0.0, "#iv": 0.0, "v": 0.0}, "iii": {"#vi": 0.0, "III": 0.0002760905577029266, "#I": 0.0, "iii": 0.008696852567642186, "vii": 0.001150377323762194, "#i": 0.0010583471378612184, "IV": 0.010951592122216088, "VII": 0.00018406037180195104, "#V": 0.0, "#v": 4.601509295048776e-05, "#II": 0.0, "I": 0.006350082827167311, "iv": 9.203018590097552e-05, "#ii": 0.0002300754647524388, "#IV": 0.0, "vi": 0.008972943125345113, "V": 0.007132339407325603, "VI": 0.0025308301122768267, "ii": 0.0037732376219399965, "i": 0.0001380452788514633, "II": 0.001702558439168047, "#VI": 9.203018590097552e-05, "#iv": 0.001334437695564145, "v": 0.0007362414872078042}, "vii": {"#vi": 0.0, "III": 0.0014264678814651206, "#I": 0.0, "iii": 0.002300754647524388, "vii": 0.0023927848334253637, "#i": 0.0001380452788514633, "IV": 0.0006902263942573164, "VII": 0.0, "#V": 0.0, "#v": 0.0004601509295048776, "#II": 0.0, "I": 0.021258972943125346, "iv": 0.0006442113013068287, "#ii": 0.0, "#IV": 0.0, "vi": 0.00391128290079146, "V": 0.00308301122768268, "VI": 0.0003681207436039021, "ii": 0.0037732376219399965, "i": 0.0, "II": 0.0014724829744156083, "#VI": 0.0, "#iv": 0.0001380452788514633, "v": 0.0}, "#i": {"#vi": 0.0, "III": 0.0, "#I": 0.0, "iii": 0.00018406037180195104, "vii": 0.0, "#i": 0.0003681207436039021, "IV": 0.0002760905577029266, "VII": 4.601509295048776e-05, "#V": 0.0, "#v": 0.0, "#II": 0.0, "I": 0.0, "iv": 0.0, "#ii": 0.0, "#IV": 0.0, "vi": 4.601509295048776e-05, "V": 0.0, "VI": 0.0006902263942573164, "ii": 0.0035431621571875575, "i": 0.0, "II": 0.0002760905577029266, "#VI": 0.0002300754647524388, "#iv": 0.0, "v": 0.0003681207436039021}, "IV": {"#vi": 0.0002760905577029266, "III": 0.0003681207436039021, "#I": 0.0, "iii": 0.0025308301122768267, "vii": 0.010445426099760721, "#i": 0.0004601509295048776, "IV": 0.02296153138229339, "VII": 0.0, "#V": 0.0, "#v": 0.00032210565065341433, "#II": 0.0, "I": 0.013712497699245353, "iv": 0.0021627093686729247, "#ii": 4.601509295048776e-05, "#IV": 0.0, "vi": 0.006258052641266335, "V": 0.01808393152954169, "VI": 0.000966316951960243, "ii": 0.007316399779127554, "i": 0.0018866188109699982, "II": 0.0010583471378612184, "#VI": 0.0012424075096631696, "#iv": 0.0, "v": 0.0011043622308117063}, "VII": {"#vi": 0.0, "III": 0.0002760905577029266, "#I": 0.0, "iii": 0.0010583471378612184, "vii": 0.0, "#i": 4.601509295048776e-05, "IV": 0.0, "VII": 0.0005521811154058532, "#V": 0.0, "#v": 0.0, "#II": 0.0, "I": 0.00032210565065341433, "iv": 0.0, "#ii": 4.601509295048776e-05, "#IV": 0.0, "vi": 4.601509295048776e-05, "V": 9.203018590097552e-05, "VI": 0.0001380452788514633, "ii": 0.0, "i": 0.0, "II": 0.0, "#VI": 0.0, "#iv": 4.601509295048776e-05, "v": 0.0}, "#V": {"#vi": 0.0, "III": 0.0, "#I": 0.0, "iii": 0.0, "vii": 0.0, "#i": 0.0, "IV": 0.0, "VII": 0.0, "#V": 0.0, "#v": 0.0, "#II": 0.0, "I": 0.0, "iv": 4.601509295048776e-05, "#ii": 0.0, "#IV": 0.0, "vi": 0.0, "V": 0.0, "VI": 0.0, "ii": 0.0, "i": 0.0, "II": 0.0, "#VI": 0.0, "#iv": 0.0, "v": 0.0}, "#v": {"#vi": 0.0, "III": 0.0005521811154058532, "#I": 0.0, "iii": 0.0, "vii": 0.0001380452788514633, "#i": 4.601509295048776e-05, "IV": 4.601509295048776e-05, "VII": 4.601509295048776e-05, "#V": 0.0, "#v": 0.0003681207436039021, "#II": 0.0, "I": 4.601509295048776e-05, "iv": 0.0, "#ii": 0.0, "#IV": 0.0, "vi": 0.0031750414135836556, "V": 0.0, "VI": 0.0004601509295048776, "ii": 0.0005521811154058532, "i": 4.601509295048776e-05, "II": 0.0, "#VI": 0.0, "#iv": 4.601509295048776e-05, "v": 0.0}, "#II": {"#vi": 0.0, "III": 0.0, "#I": 0.0, "iii": 0.0, "vii": 0.0, "#i": 0.0, "IV": 0.0, "VII": 0.0, "#V": 0.0, "#v": 0.0, "#II": 0.0, "I": 0.0, "iv": 0.0, "#ii": 0.0, "#IV": 0.0, "vi": 0.00018406037180195104, "V": 0.0, "VI": 0.0, "ii": 0.0, "i": 4.601509295048776e-05, "II": 0.0, "#VI": 9.203018590097552e-05, "#iv": 4.601509295048776e-05, "v": 9.203018590097552e-05}, "I": {"#vi": 0.00018406037180195104, "III": 0.0010583471378612184, "#I": 0.0, "iii": 0.00800662617338487, "vii": 0.003865267807840972, "#i": 0.0003681207436039021, "IV": 0.03409718387631143, "VII": 9.203018590097552e-05, "#V": 0.0, "#v": 0.0006902263942573164, "#II": 4.601509295048776e-05, "I": 0.08314927296153138, "iv": 0.004831584759801215, "#ii": 0.0, "#IV": 0.0, "vi": 0.01564513160316584, "V": 0.031382293392232655, "VI": 0.0008742867660592674, "ii": 0.03147432357813363, "i": 0.011779863795324867, "II": 0.008374746916988772, "#VI": 0.0004141358365543898, "#iv": 0.0041413583655438985, "v": 0.0027148904840787777}, "iv": {"#vi": 4.601509295048776e-05, "III": 4.601509295048776e-05, "#I": 0.0, "iii": 4.601509295048776e-05, "vii": 9.203018590097552e-05, "#i": 4.601509295048776e-05, "IV": 0.0003681207436039021, "VII": 0.0, "#V": 4.601509295048776e-05, "#v": 0.0, "#II": 0.0, "I": 0.004647524387999264, "iv": 0.0006442113013068287, "#ii": 0.0, "#IV": 0.0, "vi": 0.00018406037180195104, "V": 0.002300754647524388, "VI": 4.601509295048776e-05, "ii": 0.0005981962083563409, "i": 0.0016565433462175593, "II": 4.601509295048776e-05, "#VI": 9.203018590097552e-05, "#iv": 4.601509295048776e-05, "v": 0.00032210565065341433}, "#ii": {"#vi": 0.0, "III": 0.00018406037180195104, "#I": 0.0, "iii": 0.0006442113013068287, "vii": 0.0, "#i": 0.0, "IV": 0.0, "VII": 0.00018406037180195104, "#V": 0.0, "#v": 0.0, "#II": 0.0, "I": 0.0, "iv": 0.0, "#ii": 0.0001380452788514633, "#IV": 0.0, "vi": 0.0, "V": 0.0, "VI": 0.0, "ii": 0.0, "i": 0.0, "II": 0.0, "#VI": 0.0, "#iv": 4.601509295048776e-05, "v": 0.0}, "#IV": {"#vi": 0.0, "III": 0.0, "#I": 0.0, "iii": 0.0, "vii": 0.0, "#i": 0.0, "IV": 0.0, "VII": 0.0, "#V": 0.0, "#v": 0.0, "#II": 0.0, "I": 0.0, "iv": 0.0, "#ii": 0.0, "#IV": 0.0, "vi": 0.0, "V": 0.0, "VI": 0.0, "ii": 0.0, "i": 0.0, "II": 0.0, "#VI": 0.0, "#iv": 0.0, "v": 0.0}, "vi": {"#vi": 4.601509295048776e-05, "III": 0.004187373458494386, "#I": 0.0, "iii": 0.0043254187373458495, "vii": 0.008098656359285845, "#i": 0.0002300754647524388, "IV": 0.008512792195840236, "VII": 0.0004141358365543898, "#V": 0.0, "#v": 0.0010583471378612184, "#II": 0.0, "I": 0.010123320449107307, "iv": 0.0006902263942573164, "#ii": 0.0002760905577029266, "#IV": 0.0, "vi": 0.022455365359838025, "V": 0.013344376955641451, "VI": 0.0002300754647524388, "ii": 0.01150377323762194, "i": 0.0007822565801582919, "II": 0.010997607215166575, "#VI": 0.0006442113013068287, "#iv": 0.005475796061108044, "v": 0.0010583471378612184}, "V": {"#vi": 0.0, "III": 0.002622860298177802, "#I": 0.0, "iii": 0.01150377323762194, "vii": 0.0027148904840787777, "#i": 0.0017945886250690225, "IV": 0.004279403644395362, "VII": 0.00018406037180195104, "#V": 0.0, "#v": 9.203018590097552e-05, "#II": 0.0, "I": 0.07620099392600774, "iv": 0.0011043622308117063, "#ii": 4.601509295048776e-05, "#IV": 0.0, "vi": 0.02139701822197681, "V": 0.05319344745076385, "VI": 0.0013804527885146328, "ii": 0.005567826247009019, "i": 0.0022547395545739002, "II": 0.004647524387999264,