{"#vi": {"#vi": 0.0023632935260842237, "III": 0.0015336266499057197, "#I": 0.0003771213073538655, "iii": 0.000251414204902577, "vii": 0.0, "#i": 2.51414204902577e-05, "IV": 0.001433060967944689, "VII": 0.0, "#V": 0.0006033940917661848, "#v": 5.02828409805154e-05, "#II": 0.0, "I": 0.001659333752357008, "iv": 0.002338152105593966, "#ii": 0.0, "#IV": 5.02828409805154e-05, "vi": 2.51414204902577e-05, "V": 0.001005656819610308, "VI": 2.51414204902577e-05, "ii": 0.0001759899434318039, "i": 0.001684475172847266, "II": 0.0006788183532369579, "#VI": 0.0027906976744186047, "#iv": 0.0004274041483343809, "v": 0.0017096165933375236}, "III": {"#vi": 0.002866121935889378, "III": 0.01694531741043369, "#I": 0.0001508485229415462, "iii": 0.002413576367064739, "vii": 2.51414204902577e-05, "#i": 5.02828409805154e-05, "IV": 0.0036203645505971088, "VII": 0.0, "#V": 0.007492143306096794, "#v": 0.001005656819610308, "#II": 0.0, "I": 0.0006285355122564425, "iv": 0.0075675675675675675, "#ii": 2.51414204902577e-05, "#IV": 0.0, "vi": 0.00633563796354494, "V": 0.0015336266499057197, "VI": 0.0002765556253928347, "ii": 0.0013324952859836581, "i": 0.005179132620993086, "II": 0.0001005656819610308, "#VI": 0.0038717787554996856, "#iv": 0.0002262727844123193, "v": 0.002413576367064739}, "#I": {"#vi": 0.0009302325581395349, "III": 0.0003519798868636078, "#I": 0.0011816467630421119, "iii": 5.02828409805154e-05, "vii": 0.0, "#i": 5.02828409805154e-05, "IV": 0.0001257071024512885, "VII": 0.0, "#V": 0.0004022627278441232, "#v": 0.0, "#II": 0.0, "I": 0.0002262727844123193, "iv": 0.0008548082966687618, "#ii": 0.0, "#IV": 5.02828409805154e-05, "vi": 0.0, "V": 0.0, "VI": 0.0, "ii": 5.02828409805154e-05, "i": 0.0001005656819610308, "II": 0.0, "#VI": 0.0001005656819610308, "#iv": 0.0, "v": 0.0007793840351979887}, "iii": {"#vi": 0.00032683846637335007, "III": 0.0007291011942174733, "#I": 7.54242614707731e-05, "iii": 0.005179132620993086, "vii": 0.0006285355122564425, "#i": 0.0005782526712759271, "IV": 0.006209930861093652, "VII": 0.0001005656819610308, "#V": 0.0001759899434318039, "#v": 7.54242614707731e-05, "#II": 0.0, "I": 0.0034695160276555625, "iv": 0.0001759899434318039, "#ii": 0.0001257071024512885, "#IV": 5.02828409805154e-05, "vi": 0.004902576995600251, "V": 0.003947203016970459, "VI": 0.0013827781269641734, "ii": 0.002086737900691389, "i": 0.0002262727844123193, "II": 0.0009302325581395349, "#VI": 0.0022627278441231928, "#iv": 0.0007291011942174733, "v": 0.0004022627278441232}, "vii": {"#vi": 0.0, "III": 0.0007793840351979887, "#I": 0.0, "iii": 0.001257071024512885, "vii": 0.0013073538654934003, "#i": 7.54242614707731e-05, "IV": 0.0003771213073538655, "VII": 0.0, "#V": 0.0, "#v": 0.000251414204902577, "#II": 0.0, "I": 0.011615336266499058, "iv": 0.0003519798868636078, "#ii": 0.0, "#IV": 0.0, "vi": 0.0021370207416719043, "V": 0.001684475172847266, "VI": 0.0002011313639220616, "ii": 0.002061596480201131, "i": 0.0, "II": 0.0008045254556882464, "#VI": 0.0, "#iv": 7.54242614707731e-05, "v": 0.0}, "#i": {"#vi": 5.02828409805154e-05, "III": 2.51414204902577e-05, "#I": 0.0, "iii": 0.0001005656819610308, "vii": 0.0, "#i": 0.0002011313639220616, "IV": 0.0001508485229415462, "VII": 2.51414204902577e-05, "#V": 0.0002262727844123193, "#v": 5.02828409805154e-05, "#II": 0.0, "I": 0.0, "iv": 0.0, "#ii": 0.0, "#IV": 0.0, "vi": 2.51414204902577e-05, "V": 0.0, "VI": 0.0003771213073538655, "ii": 0.0019610307982401006, "i": 0.0, "II": 0.0001508485229415462, "#VI": 0.0001257071024512885, "#iv": 0.0, "v": 0.000251414204902577}, "IV": {"#vi": 0.0014079195474544313, "III": 0.0005782526712759271, "#I": 7.54242614707731e-05, "iii": 0.0016090509113764928, "vii": 0.005707102451288497, "#i": 0.0002765556253928347, "IV": 0.015864236329352608, "VII": 0.0, "#V": 7.54242614707731e-05, "#v": 0.0001759899434318039, "#II": 0.0, "I": 0.007617850408548083, "iv": 0.0016341923318667505, "#ii": 2.51414204902577e-05, "#IV": 0.0, "vi": 0.003419233186675047, "V": 0.01136392206159648, "VI": 0.0005279698302954117, "ii": 0.00437460716530484, "i": 0.0027152734129478316, "II": 0.0006788183532369579, "#VI": 0.006059082338152106, "#iv": 0.0001508485229415462, "v": 0.0014833438089252042}, "VII": {"#vi": 0.0, "III": 0.0001508485229415462, "#I": 0.0, "iii": 0.0005782526712759271, "vii": 0.0, "#i": 2.51414204902577e-05, "IV": 0.0, "VII": 0.0003016970458830924, "#V": 0.0, "#v": 0.0, "#II": 0.0, "I": 0.0001759899434318039, "iv": 2.51414204902577e-05, "#ii": 2.51414204902577e-05, "#IV": 0.0, "vi": 2.51414204902577e-05, "V": 5.02828409805154e-05, "VI": 7.54242614707731e-05, "ii": 0.0, "i": 0.0, "II": 0.0, "#VI": 0.0, "#iv": 2.51414204902577e-05, "v": 0.0}, "#V": {"#vi": 0.0012319296040226274, "III": 0.002866121935889378, "#I": 0.0010559396605908235, "iii": 0.0004022627278441232, "vii": 0.0, "#i": 0.0002011313639220616, "IV": 0.000251414204902577, "VII": 0.0, "#V": 0.005707102451288497, "#v": 0.0009805153991200503, "#II": 0.0, "I": 0.0010307982401005656, "iv": 0.004600879949717159, "#ii": 0.0, "#IV": 0.0, "vi": 0.0, "V": 0.0006033940917661848, "VI": 0.0, "ii": 0.004148334380892521, "i": 0.0029918290383406662, "II": 5.02828409805154e-05, "#VI": 0.003192960402262728, "#iv": 2.51414204902577e-05, "v": 0.0009302325581395349}, "#v": {"#vi": 0.0001257071024512885, "III": 0.001835323695788812, "#I": 0.0, "iii": 0.0001257071024512885, "vii": 7.54242614707731e-05, "#i": 5.02828409805154e-05, "IV": 2.51414204902577e-05, "VII": 2.51414204902577e-05, "#V": 2.51414204902577e-05, "#v": 0.0002262727844123193, "#II": 0.0, "I": 2.51414204902577e-05, "iv": 0.0002011313639220616, "#ii": 0.0, "#IV": 0.0, "vi": 0.0017347580138277812, "V": 0.0, "VI": 0.000251414204902577, "ii": 0.0003771213073538655, "i": 2.51414204902577e-05, "II": 0.0, "#VI": 0.0006285355122564425, "#iv": 2.51414204902577e-05, "v": 7.54242614707731e-05}, "#II": {"#vi": 0.0, "III": 0.0, "#I": 0.0, "iii": 0.0, "vii": 0.0, "#i": 0.0, "IV": 0.0, "VII": 0.0, "#V": 0.0, "#v": 0.0, "#II": 0.0, "I": 0.0, "iv": 0.0, "#ii": 0.0, "#IV": 0.0, "vi": 0.0001005656819610308, "V": 0.0, "VI": 0.0, "ii": 0.0, "i": 2.51414204902577e-05, "II": 0.0, "#VI": 5.02828409805154e-05, "#iv": 2.51414204902577e-05, "v": 5.02828409805154e-05}, "I": {"#vi": 0.0009302325581395349, "III": 0.0006285355122564425, "#I": 0.0008045254556882464, "iii": 0.00437460716530484, "vii": 0.002111879321181647, "#i": 0.0002011313639220616, "IV": 0.020389692017598993, "VII": 5.02828409805154e-05, "#V": 0.0009553739786297926, "#v": 0.0003771213073538655, "#II": 2.51414204902577e-05, "I": 0.050609679446888746, "iv": 0.011565053425518541, "#ii": 0.0, "#IV": 5.02828409805154e-05, "vi": 0.008548082966687617, "V": 0.017196731615336268, "VI": 0.0004776869893148963, "ii": 0.017649277184160907, "i": 0.007743557510999371, "II": 0.004877435575109994, "#VI": 0.0004274041483343809, "#iv": 0.002489000628535512, "v": 0.0018856065367693275}, "iv": {"#vi": 0.002539283469516028, "III": 0.0034695160276555625, "#I": 0.0008548082966687618, "iii": 0.0002262727844123193, "vii": 5.02828409805154e-05, "#i": 5.02828409805154e-05, "IV": 0.0009805153991200503, "VII": 0.0, "#V": 0.002338152105593966, "#v": 0.0002011313639220616, "#II": 0.0, "I": 0.008447517284726588, "iv": 0.02023884349465745, "#ii": 0.0, "#IV": 7.54242614707731e-05, "vi": 0.0001005656819610308, "V": 0.006587052168447518, "VI": 7.54242614707731e-05, "ii": 0.0045254556882463855, "i": 0.007517284726587052, "II": 0.0001005656819610308, "#VI": 0.00437460716530484, "#iv": 0.0002765556253928347, "v": 0.005883092394720302}, "#ii": {"#vi": 0.0, "III": 0.0001005656819610308, "#I": 0.0, "iii": 0.0003519798868636078, "vii": 0.0, "#i": 0.0, "IV": 0.0, "VII": 0.0001005656819610308, "#V": 0.0, "#v": 0.0, "#II": 0.0, "I": 0.0, "iv": 0.0, "#ii": 7.54242614707731e-05, "#IV": 0.0, "vi": 0.0, "V": 0.0, "VI": 0.0, "ii": 0.0, "i": 0.0, "II": 0.0, "#VI": 0.0, "#iv": 2.51414204902577e-05, "v": 0.0}, "#IV": {"#vi": 5.02828409805154e-05, "III": 0.0, "#I": 5.02828409805154e-05, "iii": 7.54242614707731e-05, "vii": 0.0, "#i": 0.0,