{"#VI": 0.006424533150591057, "IV": 0.09414082576666095, "iii": 0.056450231283193424, "II": 0.044971732054137396, "#ii": 0.0010707555250985094, "#i": 0.005953400719547713, "iv": 0.012592084975158471, "vi": 0.10073667980126777, "i": 0.023171149563131745, "#IV": 0.0, "VI": 0.015418879561418537, "#iv": 0.013234538290217578, "I": 0.25132773685112214, "#vi": 0.0011564159671063902, "#I": 0.0, "III": 0.018673976357718006, "V": 0.18990919993147165, "#II": 0.0004283022100394038, "#v": 0.003940380332362515, "ii": 0.09495459996573583, "v": 0.02141511050197019, "vii": 0.041973616583861575, "#V": 4.283022100394038e-05, "VII": 0.002013020387185198}