{"#vi": {"G": 0.05836967460583697, "G#": 0.03723582690372358, "F#": 0.0026836632002683663, "D#": 0.09828916470982892, "E": 0.005367326400536733, "A": 0.10600469641060047, "F": 0.19657832941965783, "A#": 0.20831935592083192, "C#": 0.11237839651123784, "B": 0.0, "C": 0.16974169741697417, "D": 0.005031868500503187}, "III": {"G": 0.2516264638174357, "G#": 0.049144229806826145, "F#": 0.00020018016214593134, "D#": 0.30157141427284556, "E": 0.06535882294064659, "A": 0.0008007206485837253, "F": 0.016314683214893405, "A#": 0.20398358522670404, "C#": 0.01181062956660995, "B": 0.0571514362926634, "C": 0.0, "D": 0.04203783405064558}, "#I": {"G": 0.012531328320802004, "G#": 0.23057644110275688, "F#": 0.0, "D#": 0.018796992481203006, "E": 0.002506265664160401, "A": 0.006265664160401002, "F": 0.3458646616541353, "A#": 0.0, "C#": 0.30701754385964913, "B": 0.0012531328320802004, "C": 0.07518796992481203, "D": 0.0}, "iii": {"G": 0.28647402942740646, "G#": 0.0003545470661230278, "F#": 0.007445488388583585, "D#": 0.039709271405779116, "E": 0.2724694203155469, "A": 0.01489097677716717, "F": 0.03900017727353306, "A#": 0.07534125155114342, "C#": 0.0007090941322460556, "B": 0.16504165928026945, "C": 0.0, "D": 0.09856408438220174}, "vii": {"G": 0.0, "G#": 0.0005406866720735334, "F#": 0.026493646931603138, "D#": 0.0, "E": 0.0186536901865369, "A": 0.09840497431738307, "F": 0.23817247904839145, "A#": 0.0, "C#": 0.0, "B": 0.2565558258988916, "C": 0.02216815355501487, "D": 0.33901054339010545}, "#i": {"G": 0.24013722126929674, "G#": 0.04288164665523156, "F#": 0.0017152658662092624, "D#": 0.0137221269296741, "E": 0.31046312178387653, "A": 0.0, "F": 0.010291595197255575, "A#": 0.09433962264150944, "C#": 0.25728987993138935, "B": 0.008576329331046312, "C": 0.010291595197255575, "D": 0.010291595197255575}, "IV": {"G": 0.022913561847988078, "G#": 9.314456035767511e-05, "F#": 0.00027943368107302534, "D#": 0.028036512667660208, "E": 0.0411698956780924, "A": 0.2964791356184799, "F": 0.32880029806259314, "A#": 0.0019560357675111775, "C#": 0.0033532041728763042, "B": 0.006333830104321907, "C": 0.2705849478390462, "D": 0.0}, "VII": {"G": 0.0, "G#": 0.0, "F#": 0.23376623376623376, "D#": 0.2510822510822511, "E": 0.004329004329004329, "A": 0.1341991341991342, "F": 0.0, "A#": 0.0, "C#": 0.0, "B": 0.37662337662337664, "C": 0.0, "D": 0.0}, "#V": {"G": 0.05944206008583691, "G#": 0.3203862660944206, "F#": 0.002145922746781116, "D#": 0.23476394849785406, "E": 0.014377682403433477, "A": 0.0, "F": 0.0, "A#": 0.016738197424892704, "C#": 0.005579399141630901, "B": 0.00021459227467811158, "C": 0.33841201716738195, "D": 0.00793991416309013}, "#v": {"G": 0.015384615384615385, "G#": 0.2681318681318681, "F#": 0.001098901098901099, "D#": 0.1912087912087912, "E": 0.004395604395604396, "A": 0.002197802197802198, "F": 0.06153846153846154, "A#": 0.12417582417582418, "C#": 0.0, "B": 0.17912087912087912, "C": 0.004395604395604396, "D": 0.14835164835164835}, "#II": {"G": 0.4358974358974359, "G#": 0.0, "F#": 0.0, "D#": 0.28205128205128205, "E": 0.0, "A": 0.0, "F": 0.02564102564102564, "A#": 0.23076923076923078, "C#": 0.0, "B": 0.0, "C": 0.0, "D": 0.02564102564102564}, "I": {"G": 0.2674589700056593, "G#": 0.0009054895302773062, "F#": 0.0005282022259950952, "D#": 0.0, "E": 0.2810790416902471, "A": 0.0, "F": 0.010677230711186569, "A#": 0.020033955857385398, "C#": 0.00018864365214110544, "B": 0.01595925297113752, "C": 0.38683267308055086, "D": 0.016336540275419732}, "iv": {"G": 0.08046407185628743, "G#": 0.2155688622754491, "F#": 0.0, "D#": 0.04771706586826347, "E": 0.02441991017964072, "A": 0.0, "F": 0.3163360778443114, "A#": 0.029565868263473054, "C#": 0.007578592814371257, "B": 0.001777694610778443, "C": 0.27451347305389223, "D": 0.0020583832335329343}, "#ii": {"G": 0.009009009009009009, "G#": 0.0, "F#": 0.27927927927927926, "D#": 0.23423423423423423, "E": 0.036036036036036036, "A": 0.26126126126126126, "F": 0.0, "A#": 0.0, "C#": 0.0, "B": 0.0, "C": 0.18018018018018017, "D": 0.0}, "#IV": {"G": 0.0, "G#": 0.016666666666666666, "F#": 0.3333333333333333, "D#": 0.0, "E": 0.0, "A": 0.0, "F": 0.05, "A#": 0.3333333333333333, "C#": 0.25, "B": 0.016666666666666666, "C": 0.0, "D": 0.0}, "vi": {"G": 0.09039301310043668, "G#": 0.0002183406113537118, "F#": 0.0, "D#": 0.0017467248908296944, "E": 0.23820960698689955, "A": 0.3358078602620087, "F": 0.0, "A#": 0.001200873362445415, "C#": 0.0001091703056768559, "B": 0.023253275109170305, "C": 0.28831877729257643, "D": 0.02074235807860262}, "V": {"G": 0.3848982593772984, "G#": 0.0006128953174797745, "F#": 0.0015935278254474135, "D#": 0.00012257906349595488, "E": 0.0, "A": 0.005883795047805835, "F": 0.0801667075263545, "A#": 0.0, "C#": 0.0, "B": 0.25823322709814495, "C": 0.006169812862629729, "D": 0.26231919588134345}, "VI": {"G": 0.12270341207349081, "G#": 0.0, "F#": 0.0, "D#": 0.0, "E": 0.2650918635170604, "A": 0.3556430446194226, "F": 0.0, "A#": 0.001968503937007874, "C#": 0.24606299212598426, "B": 0.0032808398950131233, "C": 0.0, "D": 0.005249343832020997}, "ii": {"G": 0.03930530164533821, "G#": 0.06543266301035953, "F#": 0.0, "D#": 0.005027422303473492, "E": 0.017443631931748933, "A": 0.15120353443022547, "F": 0.28313528336380256, "A#": 0.0, "C#": 0.0005332114564290067, "B": 0.00015234613040828764, "C": 0.13513101767215113, "D": 0.3026355880560634}, "i": {"G": 0.2648989898989899, "G#": 0.010984848484848484, "F#": 0.0007575757575757576, "D#": 0.20984848484848484, "E": 6.313131313131313e-05, "A": 0.00012626262626262626, "F": 0.038825757575757576, "A#": 0.027777777777777776, "C#": 0.0003156565656565657, "B": 0.03106060606060606, "C": 0.32329545454545455, "D": 0.09204545454545454}, "II": {"G": 0.0059904153354632585, "G#": 0.0005990415335463259, "F#": 0.2523961661341853, "D#": 0.00019968051118210862, "E": 0.0037939297124600637, "A": 0.25379392971246006, "F": 0.0, "A#": 0.0, "C#": 0.0, "B": 0.0, "C": 0.13258785942492013, "D": 0.3506389776357827}, "#VI": {"G": 0.0, "G#": 0.06453089244851258, "F#": 0.002745995423340961, "D#": 0.006102212051868803, "E": 0.0021357742181540807, "A": 0.011289092295957285, "F": 0.2587337909992372, "A#": 0.3675057208237986, "C#": 0.00015255530129672007, "B": 0.0, "C": 0.009458428680396643, "D": 0.2773455377574371}, "#iv": {"G": 0.010758776896942242, "G#": 0.0022650056625141564, "F#": 0.25254813137032844, "D#": 0.05266138165345413, "E": 0.06172140430351076, "A": 0.3131370328425821, "F": 0.0, "A#": 0.0016987542468856172, "C#": 0.0033975084937712344, "B": 0.006795016987542469, "C": 0.29501698754246886, "D": 0.0}, "v": {"G": 0.34104527296937415, "G#": 0.005326231691078562, "F#": 0.0011651131824234355, "D#": 0.00016644474034620507, "E": 0.00033288948069241014, "A": 0.04011318242343542, "F": 0.09637150466045273, "A#": 0.23801597869507324, "C#": 0.03695073235685752, "B": 0.0, "C": 0.02330226364846871, "D": 0.2172103861517976}}