{"G": {"G": 0.10094206914190716, "G#": 0.007331940832942581, "F#": 0.0007246685706978132, "D#": 0.061042670190545205, "E": 0.09783025704420478, "A": 0.021228526365147705, "F": 0.05111044801568694, "A#": 0.07331940832942581, "C#": 0.007417195958907029, "B": 0.15056055245321626, "C": 0.2560211432712392, "D": 0.17247111982607954}, "G#": {"G": 0.01988972036234738, "G#": 0.03781016148089799, "F#": 0.0013784954706577393, "D#": 0.12741236707365106, "E": 0.039582512800315085, "A": 0.0, "F": 0.1577392674281213, "A#": 0.03840094525403702, "C#": 0.012800315084679008, "B": 0.05553367467506892, "C": 0.3607719574635683, "D": 0.14868058290665617}, "F#": {"G": 0.018623024830699775, "G#": 0.000564334085778781, "F#": 0.009029345372460496, "D#": 0.034424379232505645, "E": 0.020316027088036117, "A": 0.40914221218961627, "F": 0.002257336343115124, "A#": 0.02144469525959368, "C#": 0.003386004514672686, "B": 0.04740406320541761, "C": 0.19187358916478556, "D": 0.24153498871331827}, "D#": {"G": 0.34071134177988094, "G#": 0.09891619600061059, "F#": 0.008700961685238895, "D#": 0.07067623263623875, "E": 0.00045794535185467866, "A": 0.03633033124713784, "F": 0.04533658983361319, "A#": 0.1758510151121966, "C#": 0.007785070981529537, "B": 0.0062585864753472754, "C": 0.19340558693329263, "D": 0.015570141963059074}, "E": {"G": 0.37899307350356665, "G#": 0.020055825493642095, "F#": 0.0031014163134498087, "D#": 0.0, "E": 0.046624625245528795, "A": 0.11206450945931976, "F": 0.020055825493642095, "A#": 0.023674144526000206, "C#": 0.009924532203039387, "B": 0.0773286467486819, "C": 0.27819704331644785, "D": 0.029980357696681486}, "A": {"G": 0.04550390964378801, "G#": 0.0, "F#": 0.03355777584708949, "D#": 0.023023457862728063, "E": 0.14367940920938316, "A": 0.07688966116420504, "F": 0.1273892267593397, "A#": 0.004235447437011294, "C#": 0.019439617723718505, "B": 0.021611642050390966, "C": 0.33883579496090355, "D": 0.16583405734144221}, "F": {"G": 0.08603231042745613, "G#": 0.12676818427765324, "F#": 0.0002318930200200974, "D#": 0.02450336244879029, "E": 0.011517353327664837, "A": 0.15096235603308342, "F": 0.07157764551287006, "A#": 0.08989719409445776, "C#": 0.009121125454123831, "B": 0.10218752415552292, "C": 0.2085491226714076, "D": 0.11865192857694984}, "A#": {"G": 0.1773007055997598, "G#": 0.030626032127308214, "F#": 0.0007506380423359856, "D#": 0.1818045338537757, "E": 0.0468398138417655, "A": 0.006455487164089476, "F": 0.18300555472151328, "A#": 0.06920882750337787, "C#": 0.043537006455487165, "B": 0.0, "C": 0.06500525446629635, "D": 0.19546614622429065}, "C#": {"G": 0.20380434782608695, "G#": 0.07065217391304347, "F#": 0.008152173913043478, "D#": 0.034646739130434784, "E": 0.18206521739130435, "A": 0.09510869565217392, "F": 0.24592391304347827, "A#": 0.11277173913043478, "C#": 0.025815217391304348, "B": 0.001358695652173913, "C": 0.01358695652173913, "D": 0.006114130434782609}, "B": {"G": 0.29991685473334123, "G#": 0.019836085045729895, "F#": 0.0077206319040266065, "D#": 0.008789642475353368, "E": 0.0797006770400285, "A": 0.020548758759947737, "F": 0.09787385675258345, "A#": 0.0, "C#": 0.0004751158094785604, "B": 0.016035158569901415, "C": 0.031238864473215347, "D": 0.41786435443639386}, "C": {"G": 0.2438883199002538, "G#": 0.03174956583693281, "F#": 0.016075165872556443, "D#": 0.1110566861112348, "E": 0.20875450861646702, "A": 0.07903994300218195, "F": 0.13265351560760566, "A#": 0.015941577236496415, "C#": 0.0008905909070668389, "B": 0.00574431135058111, "C": 0.09453622478514494, "D": 0.0596695907734782}, "D": {"G": 0.24964066873439747, "G#": 0.024056282623496482, "F#": 0.043044103184809744, "D#": 0.013011574249186777, "E": 0.026855284060821546, "A": 0.10969059686814434, "F": 0.22883727967319767, "A#": 0.05416446024661472, "C#": 7.564868749527195e-05, "B": 0.11914668280505333, "C": 0.06566306074589606, "D": 0.0658143581208866}}