{"G": 0.18429795120118198, "G#": 0.03960954113397044, "F#": 0.013057996635153253, "D#": 0.05770626766758047, "E": 0.08925384096402006, "A": 0.07216486041010137, "F": 0.1126625844414269, "A#": 0.052138044118777385, "C#": 0.010290965301085461, "B": 0.06493129392875749, "C": 0.18424670988018071, "D": 0.11963994431776451}