{"G": {"#vi": 0.014197127937336814, "III": 0.20512402088772846, "#I": 0.0008159268929503916, "iii": 0.0, "vii": 0.0, "#i": 0.00024477806788511747, "IV": 0.0013870757180156658, "VII": 0.0, "#V": 0.02243798955613577, "#v": 0.0011422976501305484, "#II": 0.0, "I": 0.07873694516971279, "iv": 0.052627284595300264, "#ii": 0.0, "#IV": 0.0, "vi": 0.0, "V": 0.21507832898172324, "VI": 0.00024477806788511747, "ii": 0.012565274151436032, "i": 0.2743146214099217, "II": 0.00032637075718015666, "#VI": 0.0, "#iv": 0.00016318537859007833, "v": 0.12059399477806788}, "G#": {"#vi": 0.01918092275790565, "III": 0.008985657508208053, "#I": 0.03179540349058234, "iii": 0.0003456022118541559, "vii": 0.0, "#i": 0.00414722654224987, "IV": 0.0, "VII": 0.0, "#V": 0.2578192500432003, "#v": 0.021081734923103508, "#II": 0.0, "I": 0.0, "iv": 0.3965785381026439, "#ii": 0.0, "#IV": 0.00017280110592707794, "vi": 0.0, "V": 0.0022464143770520133, "VI": 0.0, "ii": 0.14809054777950578, "i": 0.02989459132538448, "II": 0.0005184033177812338, "#VI": 0.07292206670122689, "#iv": 0.0006912044237083118, "v": 0.005529635389666494}, "F#": {"#vi": 0.0182648401826484, "III": 0.0045662100456621, "#I": 0.0, "iii": 0.0502283105022831, "vii": 0.0, "#i": 0.0, "IV": 0.0045662100456621, "VII": 0.00228310502283105, "#V": 0.0228310502283105, "#v": 0.0, "#II": 0.0, "I": 0.0, "iv": 0.0, "#ii": 0.0, "#IV": 0.045662100456621, "vi": 0.0, "V": 0.0, "VI": 0.0, "ii": 0.0, "i": 0.0273972602739726, "II": 0.5045662100456622, "#VI": 0.0273972602739726, "#iv": 0.2922374429223744, "v": 0.0}, "D#": {"#vi": 0.032074438970990694, "III": 0.32983032293377124, "#I": 0.0016420361247947454, "iii": 0.02441160372194855, "vii": 0.0, "#i": 0.000875752599890531, "IV": 0.03251231527093596, "VII": 0.00010946907498631637, "#V": 0.1197591680350301, "#v": 0.01904761904761905, "#II": 0.0, "I": 0.0, "iv": 0.05571975916803503, "#ii": 0.0, "#IV": 0.0, "vi": 0.0, "V": 0.0, "VI": 0.0, "ii": 0.00722495894909688, "i": 0.363327859879584, "II": 0.00010946907498631637, "#VI": 0.004378762999452655, "#iv": 0.008866995073891626, "v": 0.00010946907498631637}, "E": {"#vi": 0.01237432327919567, "III": 0.0, "#I": 0.0015467904098994587, "iii": 0.0, "vii": 0.0, "#i": 0.0030935808197989174, "IV": 0.0007733952049497294, "VII": 0.0, "#V": 0.051817478731631866, "#v": 0.0015467904098994587, "#II": 0.0, "I": 0.7501933488012374, "iv": 0.16782675947409126, "#ii": 0.0, "#IV": 0.0, "vi": 0.0, "V": 0.0, "VI": 0.0007733952049497294, "ii": 0.0015467904098994587, "i": 0.0007733952049497294, "II": 0.0, "#VI": 0.006187161639597835, "#iv": 0.0, "v": 0.0015467904098994587}, "A": {"#vi": 0.1948297604035309, "III": 0.004413619167717529, "#I": 0.0031525851197982345, "iii": 0.0, "vii": 0.0, "#i": 0.0, "IV": 0.42686002522068095, "VII": 0.0, "#V": 0.0, "#v": 0.0, "#II": 0.0, "I": 0.0, "iv": 0.0, "#ii": 0.0, "#IV": 0.0, "vi": 0.0, "V": 0.0031525851197982345, "VI": 0.004413619167717529, "ii": 0.06305170239596469, "i": 0.0012610340479192938, "II": 0.1317780580075662, "#VI": 0.02648171500630517, "#iv": 0.08827238335435057, "v": 0.05233291298865069}, "F": {"#vi": 0.055757575757575756, "III": 0.015656565656565657, "#I": 0.027878787878787878, "iii": 0.015252525252525252, "vii": 0.0, "#i": 0.0, "IV": 0.09525252525252526, "VII": 0.0, "#V": 0.0, "#v": 0.0, "#II": 0.0, "I": 0.0013131313131313131, "iv": 0.31414141414141417, "#ii": 0.0, "#IV": 0.00030303030303030303, "vi": 0.0, "V": 0.06727272727272728, "VI": 0.0, "ii": 0.1397979797979798, "i": 0.06212121212121212, "II": 0.0, "#VI": 0.1591919191919192, "#iv": 0.0, "v": 0.04606060606060606}, "A#": {"#vi": 0.07757057757057757, "III": 0.2639212639212639, "#I": 0.0, "iii": 0.036907536907536904, "vii": 0.0, "#i": 0.0003885003885003885, "IV": 0.0014245014245014246, "VII": 0.0, "#V": 0.010101010101010102, "#v": 0.014633514633514633, "#II": 0.0, "I": 0.04053354053354053, "iv": 0.04079254079254079, "#ii": 0.0, "#IV": 0.00259000259000259, "vi": 0.0, "V": 0.0, "VI": 0.0, "ii": 0.0, "i": 0.0552965552965553, "II": 0.0, "#VI": 0.29176379176379175, "#iv": 0.000259000259000259, "v": 0.16381766381766383}, "C#": {"#vi": 0.31127679403541475, "III": 0.10997204100652376, "#I": 0.22833178005591798, "iii": 0.003727865796831314, "vii": 0.0, "#i": 0.015843429636533086, "IV": 0.0, "VII": 0.0, "#V": 0.024231127679403542, "#v": 0.0, "#II": 0.0, "I": 0.004659832246039142, "iv": 0.0754892823858341, "#ii": 0.0, "#IV": 0.013979496738117428, "vi": 0.0, "V": 0.0, "VI": 0.003727865796831314, "ii": 0.0, "i": 0.004659832246039142, "II": 0.0, "#VI": 0.0, "#iv": 0.0, "v": 0.20410065237651445}, "B": {"#vi": 0.0, "III": 0.038643194504079006, "#I": 0.00042936882782310007, "iii": 0.0, "vii": 0.0, "#i": 0.0, "IV": 0.0008587376556462001, "VII": 0.00042936882782310007, "#V": 0.00042936882782310007, "#v": 0.0034349506225848005, "#II": 0.0, "I": 0.00042936882782310007, "iv": 0.008158007728638901, "#ii": 0.0, "#IV": 0.00042936882782310007, "vi": 0.0, "V": 0.7522541863460713, "VI": 0.0, "ii": 0.0008587376556462001, "i": 0.19364534134821812, "II": 0.0, "#VI": 0.0, "#iv": 0.0, "v": 0.0}, "C": {"#vi": 0.03948204639339053, "III": 0.0, "#I": 0.004766444232602479, "iii": 0.0, "vii": 0.0, "#i": 0.00047664442326024784, "IV": 0.05409914204003813, "VII": 0.0, "#V": 0.12519860184302511, "#v": 0.0, "#II": 0.0, "I": 0.12210041309183349, "iv": 0.2015411503018748, "#ii": 0.0, "#IV": 0.0, "vi": 0.0, "V": 0.0015093740069907849, "VI": 0.0, "ii": 0.05600571973307912, "i": 0.3599459802986972, "II": 0.009771210676835082, "#VI": 0.004289799809342231, "#iv": 0.011757229107086114, "v": 0.00905624404194471}, "D": {"#vi": 0.002081887578070784, "III": 0.035947258848022204, "#I": 0.0, "iii": 0.0013879250520471894, "vii": 0.0, "#i": 0.0, "IV": 0.0, "VII": 0.0, "#V": 0.005135322692574601, "#v": 0.0, "#II": 0.0, "I": 0.00013879250520471896, "iv": 0.0030534351145038168, "#ii": 0.0, "#IV": 0.0, "vi": 0.0, "V": 0.25218598195697434, "VI": 0.0, "ii": 0.17321304649548924, "i": 0.13962526023594726, "II": 0.04344205412907703, "#VI": 0.23011797362942402, "#iv": 0.0, "v": 0.11367106176266481}}