{"A": 0.02783684515754881, "G": 0.18631355113087184, "B": 0.041271989174560215, "G#": 0.0631935047361299, "A#": 0.09731297119659772, "F": 0.12263676783297893, "D#": 0.14227720858302725, "C#": 0.0033829499323410014, "E": 0.010574134931374444, "F#": 0.008138410980088924, "C": 0.17539145563502803, "D": 0.12167021070945293}