{"G": 0.16968449931412893, "G#": 0.08163825200862238, "F#": 0.006074857926709779, "D#": 0.1303938859494415, "E": 0.019126004311189496, "A": 0.023515579071134628, "F": 0.1394081912600431, "A#": 0.10715265530080345, "C#": 0.015265530080344895, "B": 0.032529884381736235, "C": 0.17648442092886538, "D": 0.09872623946698021}