{"G": {"G": 0.08602266594711279, "G#": 0.01834862385321101, "F#": 0.00010793308148947653, "D#": 0.15358877495952508, "E": 0.01672962763086886, "A": 0.007555315704263357, "F": 0.055801403130059365, "A#": 0.16481381543443066, "C#": 0.009282245008094981, "B": 0.10383162439287642, "C": 0.24673502428494334, "D": 0.13718294657312466}, "G#": {"G": 0.022379791712829604, "G#": 0.04210059827165965, "F#": 0.0015510746731664082, "D#": 0.14336361621980945, "E": 0.0039884777309993355, "A": 0.0, "F": 0.17083979614447153, "A#": 0.0432085087524928, "C#": 0.014181254154664303, "B": 0.013073343673831155, "C": 0.4019499224462663, "D": 0.14336361621980945}, "F#": {"G": 0.0, "G#": 0.002531645569620253, "F#": 0.002531645569620253, "D#": 0.11139240506329114, "E": 0.0, "A": 0.3341772151898734, "F": 0.010126582278481013, "A#": 0.08860759493670886, "C#": 0.010126582278481013, "B": 0.002531645569620253, "C": 0.22784810126582278, "D": 0.21012658227848102}, "D#": {"G": 0.3453271028037383, "G#": 0.10093457943925234, "F#": 0.004361370716510903, "D#": 0.0721183800623053, "E": 0.0, "A": 0.03115264797507788, "F": 0.04610591900311527, "A#": 0.17850467289719626, "C#": 0.00794392523364486, "B": 0.003738317757009346, "C": 0.1939252336448598, "D": 0.01588785046728972}, "E": {"G": 0.5058505850585059, "G#": 0.0288028802880288, "F#": 0.0, "D#": 0.0, "E": 0.0, "A": 0.0036003600360036, "F": 0.019801980198019802, "A#": 0.1278127812781278, "C#": 0.023402340234023402, "B": 0.0036003600360036, "C": 0.2808280828082808, "D": 0.0063006300630063005}, "A": {"G": 0.05963302752293578, "G#": 0.0, "F#": 0.039755351681957186, "D#": 0.1559633027522936, "E": 0.0030581039755351682, "A": 0.0191131498470948, "F": 0.18425076452599387, "A#": 0.019877675840978593, "C#": 0.0022935779816513763, "B": 0.0022935779816513763, "C": 0.3853211009174312, "D": 0.12844036697247707}, "F": {"G": 0.07159738634783817, "G#": 0.22660920339218685, "F#": 0.0004170721534825525, "D#": 0.04365355206450716, "E": 0.0011121924092868066, "A": 0.04532184067843737, "F": 0.07799249270123731, "A#": 0.15139719171416655, "C#": 0.016126789934658697, "B": 0.058251077436396494, "C": 0.2032531627971639, "D": 0.10426803837063812}, "A#": {"G": 0.16613579212070412, "G#": 0.03403185247275775, "F#": 0.0008382229673093043, "D#": 0.20268231349538976, "E": 0.030176026823134954, "A": 0.0045264040234702435, "F": 0.1906119027661358, "A#": 0.07560771165129924, "C#": 0.04610226320201174, "B": 0.0, "C": 0.058005029337803854, "D": 0.19128248113998322}, "C#": {"G": 0.22395833333333334, "G#": 0.10833333333333334, "F#": 0.010416666666666666, "D#": 0.053125, "E": 0.041666666666666664, "A": 0.005208333333333333, "F": 0.35520833333333335, "A#": 0.14270833333333333, "C#": 0.03958333333333333, "B": 0.0010416666666666667, "C": 0.01875, "D": 0.0}, "B": {"G": 0.2746615087040619, "G#": 0.029980657640232108, "F#": 0.0009671179883945841, "D#": 0.029980657640232108, "E": 0.0009671179883945841, "A": 0.00048355899419729207, "F": 0.1528046421663443, "A#": 0.0, "C#": 0.00048355899419729207, "B": 0.00048355899419729207, "C": 0.016924564796905222, "D": 0.4922630560928433}, "C": {"G": 0.21283422459893048, "G#": 0.07572192513368985, "F#": 0.006310160427807487, "D#": 0.26545454545454544, "E": 0.05925133689839572, "A": 0.022780748663101605, "F": 0.18203208556149733, "A#": 0.030053475935828876, "C#": 0.0021390374331550803, "B": 0.0012834224598930481, "C": 0.0906951871657754, "D": 0.05144385026737968}, "D": {"G": 0.23002207505518762, "G#": 0.056291390728476824, "F#": 0.019867549668874173, "D#": 0.037969094922737305, "E": 0.0006622516556291391, "A": 0.03377483443708609, "F": 0.3066225165562914, "A#": 0.13995584988962473, "C#": 0.0, "B": 0.07350993377483443, "C": 0.05474613686534217, "D": 0.04657836644591611}}