{"G": {"#vi": 0.005761017117504884, "III": 0.08323676455981194, "#I": 0.000331092937787637, "iii": 0.05350461874648214, "vii": 0.0, "#i": 0.004635301129026918, "IV": 0.00814488626957587, "VII": 0.0, "#V": 0.009171274376717544, "#v": 0.0004635301129026918, "#II": 0.0005628579942389829, "I": 0.23471178359765585, "iv": 0.028473992649736782, "#ii": 3.31092937787637e-05, "#IV": 0.0, "vi": 0.027414495248816343, "V": 0.31188954739595404, "VI": 0.006191437936628812, "ii": 0.01708439558984207, "i": 0.1389265966956925, "II": 0.0009932788133629109, "#VI": 0.0, "#iv": 0.0006290765817965103, "v": 0.06784094295268682}, "G#": {"#vi": 0.017360025023459492, "III": 0.07679074131998749, "#I": 0.02877697841726619, "iii": 0.00031279324366593683, "vii": 0.00031279324366593683, "#i": 0.00390991554582421, "IV": 0.00015639662183296842, "VII": 0.0, "#V": 0.23350015639662183, "#v": 0.038160775727244294, "#II": 0.0, "I": 0.003753518923991242, "iv": 0.36033781670315923, "#ii": 0.0, "#IV": 0.00015639662183296842, "vi": 0.00031279324366593683, "V": 0.0023459493274945262, "VI": 0.0, "ii": 0.13434469815451985, "i": 0.027213012198936504, "II": 0.00046918986549890525, "#VI": 0.06615577103534563, "#iv": 0.0006255864873318737, "v": 0.005004691898654989}, "F#": {"#vi": 0.003864734299516908, "III": 0.000966183574879227, "#I": 0.0, "iii": 0.020289855072463767, "vii": 0.04734299516908213, "#i": 0.0004830917874396135, "IV": 0.0014492753623188406, "VII": 0.02608695652173913, "#V": 0.004830917874396135, "#v": 0.0004830917874396135, "#II": 0.0, "I": 0.00676328502415459, "iv": 0.0, "#ii": 0.01497584541062802, "#IV": 0.00966183574879227, "vi": 0.0, "V": 0.01884057971014493, "VI": 0.0, "ii": 0.0, "i": 0.005797101449275362, "II": 0.6106280193236715, "#VI": 0.008695652173913044, "#iv": 0.21545893719806763, "v": 0.003381642512077295}, "D#": {"#vi": 0.031603926221551074, "III": 0.3249919102577931, "#I": 0.001617948441376335, "iii": 0.024161363391219933, "vii": 0.0, "#i": 0.0008629058354007119, "IV": 0.032466832056951785, "VII": 0.006256067306655161, "#V": 0.11800237299104735, "#v": 0.018768201919965484, "#II": 0.001186495523675979, "I": 0.0, "iv": 0.05501024700679538, "#ii": 0.002804443965052314, "#IV": 0.0, "vi": 0.0017258116708014238, "V": 0.00032358968827526696, "VI": 0.0, "ii": 0.007118973142055873, "i": 0.3585373746089958, "II": 0.00010786322942508899, "#VI": 0.0043145291770035595, "#iv": 0.010031280336533275, "v": 0.00010786322942508899}, "E": {"#vi": 0.0011724188466329596, "III": 0.047849344178207666, "#I": 0.00014655235582911996, "iii": 0.11262548545467868, "vii": 0.005056056276104638, "#i": 0.013262988202535356, "IV": 0.03238807063823551, "VII": 7.327617791455998e-05, "#V": 0.004909503920275518, "#v": 0.0002931047116582399, "#II": 0.0, "I": 0.5459075254634719, "iv": 0.019125082435700155, "#ii": 0.0002931047116582399, "#IV": 0.0, "vi": 0.15988862020956987, "V": 0.0, "VI": 0.02960357587748223, "ii": 0.016780244742434235, "i": 7.327617791455998e-05, "II": 0.0013922473803766396, "#VI": 0.0010258664908038397, "#iv": 0.007987103392687038, "v": 0.00014655235582911996}, "A": {"#vi": 0.02653232577665827, "III": 0.0006717044500419815, "#I": 0.00041981528127623844, "iii": 0.007052896725440806, "vii": 0.03056255247691016, "#i": 0.0, "IV": 0.2672544080604534, "VII": 0.0026028547439126784, "#V": 0.0, "#v": 0.00016792611251049538, "#II": 0.0, "I": 0.0, "iv": 0.0, "#ii": 0.002434928631402183, "#IV": 0.0, "vi": 0.25827036104114187, "V": 0.012090680100755667, "VI": 0.04550797649034425, "ii": 0.16666666666666666, "i": 0.00016792611251049538, "II": 0.10671704450041981, "#VI": 0.006213266162888329, "#iv": 0.04643157010915197, "v": 0.020235096557514695}, "F": {"#vi": 0.03263714842662211, "III": 0.009078251183514342, "#I": 0.015371762740183793, "iii": 0.012252854358117515, "vii": 0.04906711222500696, "#i": 0.0003341687552213868, "IV": 0.19660261765524922, "VII": 0.0, "#V": 0.0, "#v": 0.0031189083820662767, "#II": 5.56947925368978e-05, "I": 0.015761626287942077, "iv": 0.18830409356725147, "#ii": 0.0, "#IV": 0.0001670843776106934, "vi": 0.0, "V": 0.10927318295739348, "VI": 0.0, "ii": 0.20701754385964913, "i": 0.034252297410192145, "II": 0.0, "#VI": 0.09445836814257867, "#iv": 0.0, "v": 0.03224728487886382}, "A#": {"#vi": 0.07286166842661035, "III": 0.23911768156752317, "#I": 0.0, "iii": 0.04986507098439517, "vii": 0.0, "#i": 0.006453126833274669, "IV": 0.0024639211545230554, "VII": 0.0, "#V": 0.009151707145371349, "#v": 0.013258242402909773, "#II": 0.0010559662090813093, "I": 0.06230200633579725, "iv": 0.03707614689663264, "#ii": 0.0, "#IV": 0.0023465915757362433, "vi": 0.0012906253666549337, "V": 0.0, "VI": 0.00035198873636043646, "ii": 0.0, "i": 0.05162501466619735, "II": 0.0, "#VI": 0.2826469552974305, "#iv": 0.00035198873636043646, "v": 0.16778129766514138}, "C#": {"#vi": 0.20526960784313725, "III": 0.07230392156862746, "#I": 0.15012254901960784, "iii": 0.0024509803921568627, "vii": 0.0, "#i": 0.09191176470588236, "IV": 0.022058823529411766, "VII": 0.0, "#V": 0.015931372549019607, "#v": 0.0, "#II": 0.0, "I": 0.0030637254901960784, "iv": 0.04963235294117647, "#ii": 0.0, "#IV": 0.009191176470588236, "vi": 0.0006127450980392157, "V": 0.0, "VI": 0.22977941176470587, "ii": 0.00428921568627451, "i": 0.0030637254901960784, "II": 0.0, "#VI": 0.0006127450980392157, "#iv": 0.003676470588235294, "v": 0.13602941176470587}, "B": {"#vi": 0.0, "III": 0.055636753385949526, "#I": 9.743739647276625e-05, "iii": 0.09071421611614537, "vii": 0.09246808925265516, "#i": 0.00048718698236383125, "IV": 0.006625742960148105, "VII": 0.008477053493130663, "#V": 9.743739647276625e-05, "#v": 0.0158822956250609, "#II": 0.0, "I": 0.041216018707980126, "iv": 0.0018513105329825588, "#ii": 0.0, "#IV": 9.743739647276625e-05, "vi": 0.02075416544869921, "V": 0.6158043457078827, "VI": 0.00048718698236383125, "ii": 0.0001948747929455325, "i": 0.04793919906460099, "II": 0.0, "#VI": 0.0, "#iv": 0.001169248757673195, "v": 0.0}, "C": {"#vi": 0.01719859963971313, "III": 0.0, "#I": 0.0020393596410727033, "iii": 0.0, "vii": 0.002787124842799361, "#i": 0.00020393596410727031, "IV": 0.09873899595527004, "VII": 0.0, "#V": 0.05360116923286088, "#v": 0.00013595730940484688, "#II": 0.0, "I": 0.34849257333197375, "iv": 0.09972468644845518, "#ii": 0.0006797865470242344, "#IV": 0.0, "vi": 0.08976581353455015, "V": 0.00513238843003297, "VI": 0.0, "ii": 0.06029706672104959, "i": 0.17405934536555523, "II": 0.022568913361204583, "#VI": 0.0021073382957751264, "#iv": 0.017708439549981306, "v": 0.004758505829169641}, "D": {"#vi": 0.0007573080224163174, "III": 0.02120462462765689, "#I": 0.0, "iii": 0.028070884030898167, "vii": 0.06331095067400414, "#i": 0.000302923208966527, "IV": 0.0, "VII": 0.0, "#V": 0.001868026455293583, "#v": 0.006815772201746857, "#II": 5.0487201494421164e-05, "I": 0.021860958247084363, "iv": 0.0011107184328772656, "#ii": 0.0, "#IV": 0.0, "vi": 0.009592568283940022, "V": 0.3241278335941839, "VI": 0.0004038976119553693, "ii": 0.2005856515373353, "i": 0.07361033977886605, "II": 0.08865552582420357, "#VI": 0.09178573231685767, "#iv": 0.0, "v": 0.06588579795021962}}