{"B0": 0.0, "G#6": 0.0, "F3": 0.03140123963433617, "C4": 0.09046783460221323, "B7": 0.0, "D7": 0.0, "F0": 0.0, "G6": 0.0003679279993207483, "C#0": 0.0, "B1": 0.0, "C#2": 0.000198115076557326, "E1": 0.0, "C6": 0.0011037839979622449, "G2": 0.011872753516542609, "A#2": 0.00025471938414513344, "C1": 0.0, "A4": 0.05398635836187134, "G#5": 0.0001415107689695186, "B5": 0.011561429824809668, "D2": 0.007797243370220474, "C3": 0.05876942235304106, "D#0": 0.0, "C0": 0.0, "F2": 0.004004754761837375, "D#2": 0.000198115076557326, "D#6": 0.0, "E6": 7.07553844847593e-05, "F7": 0.0, "E3": 0.04392494268813857, "G#2": 0.0005235898451872188, "G0": 0.0, "D#7": 0.0, "F#3": 0.006707610449155181, "G#0": 0.0, "A0": 0.0, "A#4": 0.0054198624515325615, "F5": 0.021820960575099767, "D0": 0.0, "D3": 0.03867489315936943, "D4": 0.0666657232615402, "F#1": 0.0, "G#7": 0.0, "C2": 0.014985990433872018, "C#7": 0.0, "D#4": 0.00045283446070245947, "F#0": 0.0, "D5": 0.02179265842130586, "F4": 0.037203181162086436, "F#5": 0.001995301842470212, "D#1": 0.0, "D#5": 7.07553844847593e-05, "G1": 0.0, "G#4": 0.0029575750714629385, "A1": 0.0, "F#7": 0.0, "A#6": 5.660430758780743e-05, "A#0": 0.0, "D6": 0.0001698129227634223, "E2": 0.007896300908499137, "C#3": 0.0030141793790507457, "D1": 0.0, "A#1": 0.0, "E7": 0.0, "A3": 0.03725978546967424, "B3": 0.02985877225256842, "A6": 7.07553844847593e-05, "C#4": 0.0023773809186879123, "F1": 0.0, "B6": 0.0007217049217445447, "E0": 0.0, "A7": 0.0, "G3": 0.057821300200945294, "D#3": 0.0008066113831262559, "A#7": 0.0, "C5": 0.025769111029349333, "F#6": 2.8302153793903717e-05, "B2": 0.0020802083038519233, "F#4": 0.008688761214728441, "G4": 0.09990660289248011, "G7": 0.0, "F#2": 0.0006509495372597854, "F6": 0.0002405683072481816, "E4": 0.06571760110944443, "C7": 0.0, "B4": 0.04270795007500071, "A#5": 0.0011037839979622449, "C#6": 0.0, "G#1": 0.0, "G#3": 0.0028585175331842755, "A#3": 0.003594373531825772, "A2": 0.005589675374295984, "E5": 0.02651911810488778, "A5": 0.012014264285512128, "G5": 0.026604024566269494, "C#5": 0.0004811366144963632, "C#1": 0.0}