{"G": {"G": 0.03614457831325301, "G#": 0.031114557238856415, "F#": 0.0030418704521054515, "D#": 0.007256749771362678, "E": 0.0012724163982663326, "A": 0.009722056543003697, "F": 0.048650045727464314, "A#": 0.004175116306811404, "C#": 1.9881506222911447e-05, "B": 0.001153127360928864, "C": 0.023539703367927153, "D": 0.002803292377430514}, "G#": {"G": 0.04262594934192215, "G#": 0.007912839476718756, "F#": 0.00035786711201240607, "D#": 0.0019483876098453218, "E": 0.0002982225933436717, "A": 0.0007952602489164579, "F": 0.005328243667740268, "A#": 0.01757525150105372, "C#": 0.001550757485387093, "B": 0.00017893355600620304, "C": 0.0026044773152013997, "D": 0.0016302835102787387}, "F#": {"G": 0.00411547178814267, "G#": 0.00011928903733746869, "F#": 7.952602489164579e-05, "D#": 0.0, "E": 9.940753111455723e-05, "A": 3.9763012445822895e-05, "F": 0.0007753787426935465, "A#": 5.9644518668734345e-05, "C#": 1.9881506222911447e-05, "B": 0.0, "C": 5.9644518668734345e-05, "D": 0.0007753787426935465}, "D#": {"G": 0.0051294286055111535, "G#": 0.006680186090898247, "F#": 7.952602489164579e-05, "D#": 0.025070579347091334, "E": 0.0009543122986997495, "A": 0.0006958527178019007, "F": 0.0328243667740268, "A#": 0.004513101912600899, "C#": 0.005527058729969382, "B": 0.0009741938049226609, "C": 0.006441608016223309, "D": 0.04296393494771164}, "E": {"G": 0.0005368006680186091, "G#": 0.00021869656845202592, "F#": 0.0006163266929102548, "D#": 0.0002982225933436717, "E": 0.0008151417551393694, "A": 7.952602489164579e-05, "F": 0.011312577040836614, "A#": 0.0, "C#": 0.0, "B": 3.9763012445822895e-05, "C": 0.0026840033400930456, "D": 0.0006362081991331663}, "A": {"G": 0.00576563680464432, "G#": 0.00027834108712076024, "F#": 0.00019881506222911447, "D#": 1.9881506222911447e-05, "E": 0.0, "A": 0.0008350232613622808, "F": 0.00151099447294127, "A#": 0.00878762575052686, "C#": 1.9881506222911447e-05, "B": 0.004632390949938368, "C": 0.00011928903733746869, "D": 0.0010537198298143067}, "F": {"G": 0.04248677879836176, "G#": 0.002385780746749374, "F#": 0.0009145492862539266, "D#": 0.04085649528808302, "E": 0.011213169509722056, "A": 0.00015905204978329158, "F": 0.02017972881625512, "A#": 0.008290588094954074, "C#": 0.0008350232613622808, "B": 0.0008549047675851922, "C": 0.007654379895820907, "D": 0.004294405344148873}, "A#": {"G": 0.0052288361366257105, "G#": 0.02773470118096147, "F#": 0.00027834108712076024, "D#": 0.011889140721301046, "E": 0.000576563680464432, "A": 0.009006322318978886, "F": 0.0033400930454491233, "A#": 0.022426339019444113, "C#": 0.00039763012445822893, "B": 0.001729691041393296, "C": 0.024474134160403994, "D": 0.0014513499542725358}, "C#": {"G": 0.00023857807467493738, "G#": 0.00027834108712076024, "F#": 9.940753111455723e-05, "D#": 0.0023261362280806394, "E": 9.940753111455723e-05, "A": 7.952602489164579e-05, "F": 9.940753111455723e-05, "A#": 0.0010537198298143067, "C#": 0.0010537198298143067, "B": 5.9644518668734345e-05, "C": 0.009622649011889141, "D": 0.00047715614934987476}, "B": {"G": 0.006521134041114955, "G#": 5.9644518668734345e-05, "F#": 1.9881506222911447e-05, "D#": 0.00047715614934987476, "E": 1.9881506222911447e-05, "A": 0.0010139568173684838, "F": 5.9644518668734345e-05, "A#": 0.0006560897053560778, "C#": 5.9644518668734345e-05, "B": 0.0009741938049226609, "C": 0.02196906437631715, "D": 0.000755497236470635}, "C": {"G": 0.011372221559505348, "G#": 0.005248717642848622, "F#": 0.00035786711201240607, "D#": 0.005109547099288242, "E": 0.0005169191617956976, "A": 0.001332060916935067, "F": 0.014433973517833711, "A#": 0.03735735019285061, "C#": 0.005865044335758877, "B": 0.020358662372261322, "C": 0.0387291741222315, "D": 0.032764722255358064}, "D": {"G": 0.008708099725635214, "G#": 0.00011928903733746869, "F#": 0.00011928903733746869, "D#": 0.03451429480297427, "E": 0.0033997375641178574, "A": 7.952602489164579e-05, "F": 0.00151099447294127, "A#": 0.0035389081076782378, "C#": 0.00013917054356038012, "B": 0.0017694540538391189, "C": 0.03562765915145731, "D": 0.010139568173684839}}