{"A": {"A": 0.09002026946464767, "G": 0.042446643615118636, "B": 0.025038750447120544, "G#": 0.0002384642899725766, "A#": 0.0016692500298080362, "F": 0.12078216287111006, "D#": 0.0013115535948491712, "C#": 0.022296411112435913, "E": 0.15750566352688686, "F#": 0.03016573268153094, "C": 0.3437462739954692, "D": 0.16477882437105043}, "G": {"A": 0.030340678741908062, "G": 0.11894330739554045, "B": 0.17400117700908913, "G#": 0.0001307787876806382, "A#": 0.015562675733995945, "F": 0.04681880598966848, "D#": 0.0005231151507225528, "C#": 0.005427319688746485, "E": 0.14549140129471, "F#": 0.0017655136336886157, "C": 0.2664617798993003, "D": 0.19453344667494932}, "B": {"A": 0.02671118530884808, "G": 0.3108210654120504, "B": 0.021247533768401883, "G#": 0.014721505539535589, "A#": 0.0, "F": 0.07983001972985279, "D#": 0.0013659128851115495, "C#": 0.00030353619669145547, "E": 0.09986340871148884, "F#": 0.010927303080892396, "C": 0.03824556078312339, "D": 0.39596296858400365}, "G#": {"A": 0.010752688172043012, "G": 0.0, "B": 0.3960573476702509, "G#": 0.0035842293906810036, "A#": 0.0, "F": 0.044802867383512544, "D#": 0.0, "C#": 0.0, "E": 0.32974910394265233, "F#": 0.0, "C": 0.03225806451612903, "D": 0.1827956989247312}, "A#": {"A": 0.021454112038140644, "G": 0.2586412395709178, "B": 0.0, "G#": 0.0, "A#": 0.017878426698450536, "F": 0.13587604290822408, "D#": 0.0023837902264600714, "C#": 0.01907032181168057, "E": 0.18951132300357568, "F#": 0.0, "C": 0.12872467222884387, "D": 0.22646007151370678}, "F": {"A": 0.2901480184625179, "G": 0.10775107432755053, "B": 0.151201655260226, "G#": 0.0019099156453923284, "A#": 0.015279325163138627, "F": 0.06668788795161547, "D#": 0.0007957981855801369, "C#": 0.0006366385484641095, "E": 0.026420499761260544, "F#": 0.0, "C": 0.20706668788795163, "D": 0.13210249880630273}, "D#": {"A": 0.30434782608695654, "G": 0.15217391304347827, "B": 0.11594202898550725, "G#": 0.0, "A#": 0.028985507246376812, "F": 0.028985507246376812, "D#": 0.0, "C#": 0.007246376811594203, "E": 0.014492753623188406, "F#": 0.2028985507246377, "C": 0.14492753623188406, "D": 0.0}, "C#": {"A": 0.23809523809523808, "G": 0.17523809523809525, "B": 0.0038095238095238095, "G#": 0.0, "A#": 0.047619047619047616, "F": 0.04, "D#": 0.0, "C#": 0.0, "E": 0.4666666666666667, "F#": 0.009523809523809525, "C": 0.0038095238095238095, "D": 0.015238095238095238}, "E": {"A": 0.12354053152451908, "G": 0.3686200378071834, "B": 0.08284221060825087, "G#": 0.017235627710441456, "A#": 0.011898143000111197, "F": 0.020349160458134105, "D#": 0.0, "C#": 0.006783053486044702, "E": 0.05793394862670966, "F#": 0.0033359279439564107, "C": 0.2721005226287112, "D": 0.035360836205937954}, "F#": {"A": 0.40650969529085873, "G": 0.0332409972299169, "B": 0.05886426592797784, "G#": 0.0, "A#": 0.002770083102493075, "F": 0.0, "D#": 0.015235457063711912, "C#": 0.0006925207756232687, "E": 0.035318559556786706, "F#": 0.01038781163434903, "C": 0.18213296398891968, "D": 0.2548476454293629}, "C": {"A": 0.11420298043647151, "G": 0.26294229818490006, "B": 0.008828307083833604, "G#": 0.0003531322833533442, "A#": 0.006285754643689526, "F": 0.10346775902252985, "D#": 0.0009181439367186949, "C#": 0.0, "E": 0.31810156084469243, "F#": 0.02111731054452998, "C": 0.09873578642559502, "D": 0.065046966593686}, "D": {"A": 0.14931927975406237, "G": 0.25823451910408435, "B": 0.13954765041721565, "G#": 0.006587615283267457, "A#": 0.010869565217391304, "F": 0.19268774703557312, "D#": 0.0, "C#": 0.00010979358805445762, "E": 0.04018445322793149, "F#": 0.055445761967501096, "C": 0.07048748353096179, "D": 0.07652613087395696}}