{"G": 0.19558603151537168, "G#": 0.007144695215173395, "F#": 0.018452083617153323, "D#": 0.0015591178117857196, "E": 0.14342370161815238, "A": 0.10974372947035406, "F": 0.0920030879614913, "A#": 0.009642311127257315, "C#": 0.006448390173016666, "B": 0.08995958403342265, "C": 0.19024264717012548, "D": 0.13579462028669603}