{"A": {"VI": 0.04207595328331658, "#vi": 0.03488282156392606, "i": 0.00030938200943615127, "v": 0.021811431665248664, "#ii": 0.0020109830613349836, "#v": 0.0, "#i": 0.0, "III": 0.0010828370330265296, "V": 0.012994044396318355, "#iv": 0.04648464691778173, "IV": 0.26854358419057933, "vi": 0.24750560754892104, "iii": 0.007502513728826669, "vii": 0.031170237450692244, "#I": 0.0, "VII": 0.0019336375589759456, "II": 0.10952123134039755, "#IV": 0.0, "iv": 7.734550235903782e-05, "#V": 0.0, "#II": 0.0, "I": 0.0, "#VI": 0.006961095212313404, "ii": 0.16513264753654575}, "G": {"VI": 0.005480032698537649, "#vi": 0.007569105937206697, "i": 0.15916315964758243, "v": 0.06760725423113022, "#ii": 3.027642374882679e-05, "#v": 0.00021193496624178753, "#i": 0.0047533985285658055, "III": 0.0808077749856187, "V": 0.3224741893487541, "#iv": 0.0007871870174694965, "IV": 0.008719610039662115, "vi": 0.02688546428895819, "iii": 0.0528929122892004, "vii": 0.0, "#I": 3.027642374882679e-05, "VII": 0.0, "II": 0.001150504102455418, "#IV": 0.0, "iv": 0.020406309606709257, "#V": 0.007992975869690272, "#II": 0.0004844227799812286, "I": 0.21465984437918192, "#VI": 0.0, "ii": 0.017893366435556633}, "B": {"VI": 0.0002690582959641256, "#vi": 0.0, "i": 0.05219730941704036, "v": 0.0, "#ii": 0.0, "#v": 0.010134529147982062, "#i": 0.0010762331838565023, "III": 0.054260089686098655, "V": 0.630762331838565, "#iv": 0.0010762331838565023, "IV": 0.005919282511210763, "vi": 0.018923766816143498, "iii": 0.08789237668161436, "vii": 0.09174887892376682, "#I": 0.0, "VII": 0.006457399103139014, "II": 0.0, "#IV": 0.0, "iv": 0.001883408071748879, "#V": 0.0004484304932735426, "#II": 0.0, "I": 0.0368609865470852, "#VI": 0.0, "ii": 8.968609865470852e-05}, "G#": {"VI": 0.0, "#vi": 0.004216174779609045, "i": 0.03545419701034879, "v": 0.004982752012265236, "#ii": 0.0, "#v": 0.03181295515523189, "#i": 0.0007665772326561902, "III": 0.09409735530854733, "V": 0.004216174779609045, "#iv": 0.0007665772326561902, "IV": 0.00019164430816404754, "vi": 0.0011498658489842851, "iii": 0.0003832886163280951, "vii": 0.0005749329244921426, "#I": 0.004791107704101188, "VII": 0.0, "II": 0.0005749329244921426, "#IV": 0.0, "iv": 0.32119586048294363, "#V": 0.22154082023763894, "#II": 0.0, "I": 0.005174396320429283, "#VI": 0.08279034112686853, "ii": 0.18532004599463395}, "A#": {"VI": 0.0003784533871578151, "#vi": 0.02485177242336319, "i": 0.06042639081619781, "v": 0.16689794373659644, "#ii": 0.00025230225810521004, "#v": 0.008956730162734957, "#i": 0.006812160968840671, "III": 0.2588621168159455, "V": 0.0, "#iv": 0.0003784533871578151, "IV": 0.004036836129683361, "vi": 0.0013876624195786552, "iii": 0.054118834363567556, "vii": 0.0, "#I": 0.0, "VII": 0.0, "II": 0.0, "#IV": 0.0, "iv": 0.023968714519994955, "#V": 0.008325974517471931, "#II": 0.0011353601614734453, "I": 0.050965056137252426, "#VI": 0.3281190866658257, "ii": 0.00012615112905260502}, "F": {"VI": 0.0, "#vi": 0.01297895152643756, "i": 0.0398961683877885, "v": 0.028497263134134643, "#ii": 0.0, "#v": 0.002877941425427459, "#i": 0.0004514417922239151, "III": 0.011624626149765815, "V": 0.12301788838101688, "#iv": 0.0, "IV": 0.21358839794593984, "vi": 0.0, "iii": 0.013599683990745444, "vii": 0.05287511991422606, "#I": 0.002595790305287512, "VII": 0.0, "II": 0.0, "#IV": 0.0, "iv": 0.14180915298233734, "#V": 0.0, "#II": 5.643022402798939e-05, "I": 0.017831950792844647, "#VI": 0.10411376333164042, "ii": 0.23418542971615597}, "D#": {"VI": 0.0, "#vi": 0.035986159169550176, "i": 0.4207612456747405, "v": 9.886307464162135e-05, "#ii": 0.002471576866040534, "#v": 0.009985170538803757, "#i": 0.00029658922392486405, "III": 0.30716757291151753, "V": 0.0001977261492832427, "#iv": 0.013643104300543748, "IV": 0.02906574394463668, "vi": 0.001977261492832427, "iii": 0.020168067226890758, "vii": 0.0, "#I": 0.0, "VII": 0.004745427582797825, "II": 9.886307464162135e-05, "#IV": 0.0, "iv": 0.052100840336134456, "#V": 0.08976767177459219, "#II": 0.0009886307464162135, "I": 0.0, "#VI": 0.00434997528423134, "ii": 0.006129510627780524}, "C#": {"VI": 0.46886912325285895, "#vi": 0.05844980940279543, "i": 0.0025412960609911056, "v": 0.04955527318932656, "#ii": 0.0, "#v": 0.0, "#i": 0.1880559085133418, "III": 0.05972045743329098, "V": 0.0038119440914866584, "#iv": 0.010165184243964422, "IV": 0.048284625158831, "vi": 0.0012706480304955528, "iii": 0.0012706480304955528, "vii": 0.0, "#I": 0.043202033036848796, "VII": 0.0, "II": 0.0, "#IV": 0.0, "iv": 0.044472681067344345, "#V": 0.005082592121982211, "#II": 0.0012706480304955528, "I": 0.0025412960609911056, "#VI": 0.0012706480304955528, "ii": 0.010165184243964422}, "E": {"VI": 0.028600390992686988, "#vi": 0.0005792484251683441, "i": 0.0, "v": 0.0, "#ii": 0.00021721815943812902, "#v": 0.00014481210629208602, "#i": 0.013250307725725871, "III": 0.04851205560784882, "V": 0.0, "#iv": 0.008471508218087032, "IV": 0.0351893418289769, "vi": 0.1674752009267975, "iii": 0.12062848454130766, "vii": 0.0060097024111215695, "#I": 0.0, "VII": 7.240605314604301e-05, "II": 0.001592933169212946, "#IV": 0.0, "iv": 0.011584968503366882, "#V": 0.0016653392223589891, "#II": 0.0, "I": 0.5385562233002679, "#VI": 0.0010136847440446021, "ii": 0.01643617406415176}, "F#": {"VI": 0.0, "#vi": 0.0034949759720401923, "i": 0.0034949759720401923, "v": 0.004805591961555264, "#ii": 0.012669287898645697, "#v": 0.00043687199650502403, "#i": 0.00043687199650502403, "III": 0.0008737439930100481, "V": 0.019659239842726082, "#iv": 0.22105723023154217, "IV": 0.001310615989515072, "vi": 0.0, "iii": 0.01834862385321101, "vii": 0.045434687636522496, "#I": 0.0, "VII": 0.019659239842726082, "II": 0.6264744429882044, "#IV": 0.0, "iv": 0.0, "#V": 0.00218435998252512, "#II": 0.0, "I": 0.005679335954565312, "#VI": 0.013543031891655745, "ii": 0.00043687199650502403}, "C": {"VI": 0.0, "#vi": 0.019381875327396544, "i": 0.21221843897328443, "v": 0.0041906757464641176, "#ii": 0.0006220534311157674, "#v": 6.547930853850184e-05, "#i": 0.0, "III": 0.0, "V": 0.005402042954426401, "#iv": 0.019087218438973284, "IV": 0.10208224201152435, "vi": 0.09088528025144055, "iii": 0.0, "vii": 0.0034704033525405974, "#I": 0.00026191723415400735, "VII": 0.0, "II": 0.025242273441592456, "#IV": 0.0, "iv": 0.0767090099528549, "#V": 0.04279072812991095, "#II": 0.0, "I": 0.33112886327920377, "#VI": 0.0017679413305395496, "ii": 0.0646935568360398}, "D": {"VI": 0.0004051863857374392, "#vi": 0.0013956419953178461, "i": 0.0804069872141185, "v": 0.07378894291374032, "#ii": 4.502070952638214e-05, "#v": 0.004817215919322888, "#i": 0.00022510354763191067, "III": 0.023050603277507655, "V": 0.32167296956600033, "#iv": 0.0, "IV": 0.0, "vi": 0.008779038357644516, "iii": 0.026517197911039077, "vii": 0.05857194309382316, "#I": 0.0, "VII": 0.0, "II": 0.08995137763371151, "#IV": 0.0, "iv": 0.0007203313524221142, "#V": 0.0020709526382135784, "#II": 4.502070952638214e-05, "I": 0.021159733477399603, "#VI": 0.08959121195750044, "ii": 0.1967855213398163}}