{"A": 0.07465113238994739, "G": 0.1922366744011242, "B": 0.06763292918069218, "G#": 0.030450341514428575, "A#": 0.04715023366776692, "F": 0.10649040818327396, "D#": 0.06101506585182522, "C#": 0.0049348017909082, "E": 0.08768260400666689, "F#": 0.01387300238569888, "C": 0.1844586424392954, "D": 0.12942416418837216}