{"B0": 0.0, "G#6": 0.0, "F3": 0.03406157063956339, "C4": 0.0891042190921272, "B7": 0.0, "D7": 0.0, "F0": 0.0, "G6": 0.00026144645249844765, "C#0": 0.0, "B1": 0.0, "C#2": 0.0002124252426549887, "E1": 0.0, "C6": 0.0006372757279649662, "G2": 0.011103304029543449, "A#2": 0.0019935292003006636, "C1": 0.0, "A4": 0.037158077061341874, "G#5": 0.0018219549658485571, "B5": 0.007312330468315958, "D2": 0.007345011274878264, "C3": 0.06059838556815582, "D#0": 0.0, "C0": 0.0, "F2": 0.004338377071146116, "D#2": 0.003186378639824831, "D#6": 9.804241968691788e-05, "E6": 4.0851008202882444e-05, "F7": 0.0, "E3": 0.027566260335305074, "G#2": 0.0016748913363181803, "G0": 0.0, "D#7": 0.0, "F#3": 0.005555737115592013, "G#0": 0.0, "A0": 0.0, "A#4": 0.024706689761103302, "F5": 0.020376482891597766, "D0": 0.0, "D3": 0.03991143501421615, "D4": 0.06439752933102388, "F#1": 0.0, "G#7": 0.0, "C2": 0.015531553318735906, "C#7": 0.0, "D#4": 0.029290172881466715, "F#0": 0.0, "D5": 0.017623124938723488, "F4": 0.04748521193503056, "F#5": 0.0012582110526487794, "D#1": 0.0, "D#5": 0.009101604627602209, "G1": 0.0, "G#4": 0.014322363475930586, "A1": 0.0, "F#7": 0.0, "A#6": 3.2680806562305956e-05, "A#0": 0.0, "D6": 0.00014706362953037681, "E2": 0.00477139775809667, "C#3": 0.0024674008954541, "D1": 0.0, "A#1": 0.0, "E7": 0.0, "A3": 0.025727964966175364, "B3": 0.02360371253962548, "A6": 4.0851008202882444e-05, "C#4": 0.0019281675871760514, "F1": 0.0, "B6": 0.00041668028366940096, "E0": 0.0, "A7": 0.0, "G3": 0.0596343017745678, "D#3": 0.019338867283244552, "A#7": 0.0, "C5": 0.018587208732311514, "F#6": 1.6340403281152978e-05, "B2": 0.0019118271838948985, "F#4": 0.006454459296055427, "G4": 0.098696035818164, "G7": 0.0, "F#2": 0.0005882545181215073, "F6": 0.0002287656459361417, "E4": 0.039919605215856725, "C7": 0.0, "B4": 0.03438837870518644, "A#5": 0.0035295271087290433, "C#6": 0.0, "G#1": 0.0, "G#3": 0.012631131736331253, "A#3": 0.016887806791071602, "A2": 0.0038808457792738325, "E5": 0.015384489689205529, "A5": 0.00784339357495343, "G5": 0.022541586326350536, "C#5": 0.00032680806562305955, "C#1": 0.0}