{"G#3": 0.0036026217398543816, "C7": 0.0, "D#2": 0.00013623359520457745, "C1": 0.0, "E4": 0.06829844239589483, "G#0": 0.0, "C4": 0.09221500688736509, "C2": 0.014728365348228207, "G5": 0.02474910312883157, "C#0": 0.0, "D#1": 0.0, "D1": 0.0, "A#5": 0.0009536351664320422, "F2": 0.0038750889302635364, "E5": 0.02341704130905348, "A6": 7.56853306692097e-05, "C0": 0.0, "A#6": 6.0548264535367756e-05, "F#4": 0.008688675960825273, "F5": 0.01928462225451463, "F#1": 0.0, "A#2": 0.00033301545494452263, "C#6": 0.0, "C6": 0.000726579174424413, "A2": 0.005706673932458411, "D2": 0.007386888273314866, "F4": 0.0367073853745667, "G#6": 0.0, "G#5": 0.00013623359520457745, "C#3": 0.0031030985574375973, "F#6": 3.0274132267683878e-05, "D3": 0.03909904182371373, "E2": 0.006857090958630398, "A4": 0.052676990145769945, "A1": 0.0, "B5": 0.00999046364833568, "B6": 0.0002724671904091549, "D0": 0.0, "A7": 0.0, "E1": 0.0, "B2": 0.00296686496223302, "F7": 0.0, "A0": 0.0, "D#6": 0.0, "A#3": 0.003481525210783646, "A#1": 0.0, "G1": 0.0, "E7": 0.0, "E6": 7.56853306692097e-05, "F1": 0.0, "D#5": 7.56853306692097e-05, "A5": 0.011519307327853716, "B3": 0.03237818446028791, "G#4": 0.0028609054992961265, "F3": 0.031878661277871125, "G6": 0.0003935637194798904, "F#2": 0.0006508938437552033, "C#2": 0.0001967818597399452, "C#1": 0.0, "F#7": 0.0, "G2": 0.011731226253727503, "D6": 0.00018164479360610326, "G#7": 0.0, "D#3": 0.000741716240558255, "B0": 0.0, "F#5": 0.0018164479360610326, "G#1": 0.0, "A3": 0.039765072733602774, "F6": 0.00025733012427531297, "G7": 0.0, "D7": 0.0, "F#0": 0.0, "F0": 0.0, "B1": 0.0, "C3": 0.05956435523666803, "B7": 0.0, "D#7": 0.0, "E3": 0.044775441623904455, "E0": 0.0, "D#4": 0.0006054826453536776, "D5": 0.019027292130239317, "B4": 0.04435160377215688, "G0": 0.0, "C#4": 0.0026338495072884974, "A#0": 0.0, "F#3": 0.0072657917442441305, "C5": 0.02300834052343975, "A#4": 0.0048135870305617365, "C#7": 0.0, "G4": 0.0981033256134296, "D#0": 0.0, "C#5": 0.0005146602485506259, "D4": 0.07009975326582202, "G3": 0.06060881279990312, "A#7": 0.0, "G#2": 0.0005449343808183098}