{"G#3": 0.01552612026338039, "C7": 0.0, "D#2": 0.002707249792899661, "C1": 0.0, "E4": 0.04326475536539332, "G#0": 0.0, "C4": 0.08962107043119572, "C2": 0.015662763786050405, "G5": 0.020470907740001536, "C#0": 0.0, "D#1": 0.0, "D1": 0.0, "A#5": 0.004082225239766681, "F2": 0.0049533276967880235, "E5": 0.013373984781327663, "A6": 4.270110083437951e-05, "C0": 0.0, "C#7": 0.0, "F#4": 0.006072096538648766, "F5": 0.018557898422621334, "F#1": 0.0, "A#2": 0.002442502967726508, "G#7": 0.0, "C6": 0.0004099305680100433, "A2": 0.0035612718095872514, "D2": 0.006729693491498211, "F4": 0.05313724987830186, "G#6": 0.0, "G#5": 0.0023741812063915006, "C#3": 0.005089971219458037, "F#6": 1.7080440333751804e-05, "D3": 0.03687667068057014, "E2": 0.004176167661602316, "A4": 0.03487825916152119, "A1": 0.0, "B5": 0.006200199841151905, "B6": 0.00015372396300376623, "D0": 0.0, "A7": 0.0, "E1": 0.0, "B2": 0.002186296362720231, "F#0": 0.0, "A0": 0.0, "D#6": 4.270110083437951e-05, "A#3": 0.018233370056280052, "A#1": 0.0, "G1": 0.0, "E7": 0.0, "E6": 4.270110083437951e-05, "F1": 0.0, "D#5": 0.008617082148377786, "F7": 0.0, "A5": 0.0073445893435132754, "B3": 0.023775972944582512, "G#4": 0.01940338021914205, "F3": 0.035792062719376905, "G6": 0.00027328704534002887, "F#2": 0.0005978154116813132, "C#2": 0.000785700255352583, "C#1": 0.0, "F#7": 0.0, "G2": 0.010444689264089228, "D6": 0.00015372396300376623, "C#6": 0.0, "D#3": 0.017575773103430607, "B0": 0.0, "F#5": 0.0011016884015269913, "G#1": 0.0, "A3": 0.02633803899464528, "F6": 0.00022204572433877346, "G7": 0.0, "D7": 0.0, "F0": 0.0, "B1": 0.0, "C3": 0.062095940833354686, "B7": 0.0, "D#7": 0.0, "E3": 0.028396232054862375, "E0": 0.0, "D#4": 0.02876346152203804, "D5": 0.014680638466859675, "B4": 0.03261510081729907, "G0": 0.0, "C#4": 0.0038772599557616596, "A#0": 0.0, "F#3": 0.005269315842962432, "C5": 0.016457004261569864, "A#4": 0.027345784974336637, "A#6": 3.416088066750361e-05, "G4": 0.09471958187082063, "D#0": 0.0, "C#5": 0.0005380338705131819, "D4": 0.06119921771583271, "G3": 0.05838948528093054, "A#7": 0.0, "G#2": 0.0023058594450564933}