{"G": {"G": 0.050490433938721754, "G#": 0.014297102453902675, "F#": 0.006602661860529599, "D#": 0.003223346735061694, "E": 0.006593996949951476, "A": 0.02323062525994732, "F": 0.04186018300291141, "A#": 0.002088243449327603, "C#": 0.00011264383751559684, "B": 0.00214023291279634, "C": 0.027476431443227506, "D": 0.005484888395951753}, "G#": {"G": 0.018698877027589076, "G#": 0.003500623873561625, "F#": 0.00023395258560931652, "D#": 0.0008491612366560377, "E": 0.0006845279356717038, "A": 0.003491958962983502, "F": 0.0023221960349369196, "A#": 0.007668445861638708, "C#": 0.0006845279356717038, "B": 0.00012130874809371967, "C": 0.0011870927492028283, "D": 0.0007191875779841952}, "F#": {"G": 0.008006377374185499, "G#": 0.0005978788298904755, "F#": 0.0002252876750311937, "D#": 2.59947317343685e-05, "E": 0.0015423540829058644, "A": 0.000103978926937474, "F": 0.0003812560654374047, "A#": 2.59947317343685e-05, "C#": 8.664910578122834e-06, "B": 0.000415915707749896, "C": 3.4659642312491336e-05, "D": 0.0018456259531401636}, "D#": {"G": 0.0022528767503119367, "G#": 0.0029114099542492723, "F#": 3.4659642312491336e-05, "D#": 0.010926452239012894, "E": 0.0009271454318591432, "A": 0.0003032718702342992, "F": 0.014323097185637044, "A#": 0.001984264522390129, "C#": 0.0024261749618743936, "B": 0.0004592402606405102, "C": 0.0028334257590461667, "D": 0.018976154166089006}, "E": {"G": 0.004497088590045751, "G#": 0.00019929294329682517, "F#": 0.003751906280327187, "D#": 0.00042458061832801886, "E": 0.012434146679606267, "A": 0.006022112851795369, "F": 0.024902953001525025, "A#": 8.664910578122834e-06, "C#": 0.0002252876750311937, "B": 0.0009704699847497574, "C": 0.0069059337307638986, "D": 0.02727713849993068}, "A": {"G": 0.025171565229446833, "G#": 0.0020795785387494803, "F#": 0.0007625121308748094, "D#": 6.931928462498267e-05, "E": 0.002712117010952447, "A": 0.00914148065991959, "F": 0.0025734784417024816, "A#": 0.005623526965201719, "C#": 0.00011264383751559684, "B": 0.017676417579370583, "C": 0.0014730347982808817, "D": 0.005432898932483016}, "F": {"G": 0.03557812283377235, "G#": 0.0010917787328434772, "F#": 0.0007538472202966866, "D#": 0.017893040343823653, "E": 0.03017988354360183, "A": 0.0008578261472341605, "F": 0.01213953971995009, "A#": 0.00403784832940524, "C#": 0.0004505753500623874, "B": 0.0008058366837654235, "C": 0.004964993761264384, "D": 0.004982323582420629}, "A#": {"G": 0.0025301538888118673, "G#": 0.0121048800776376, "F#": 0.00016463330098433383, "D#": 0.0051902814362955775, "E": 0.0002859420490780535, "A": 0.007746430056841814, "F": 0.0014990295300152503, "A#": 0.010137945376403716, "C#": 0.00019062803271870235, "B": 0.0009531401635935117, "C": 0.011377027589075281, "D": 0.0006412033827810897}, "C#": {"G": 0.00011264383751559684, "G#": 0.00012130874809371967, "F#": 5.1989463468737e-05, "D#": 0.0011264383751559684, "E": 0.00012130874809371967, "A": 0.0005198946346873701, "F": 4.332455289061417e-05, "A#": 0.0004592402606405102, "C#": 0.000623873561624844, "B": 0.000155968390406211, "C": 0.004384444752530154, "D": 0.0026861222792180783}, "B": {"G": 0.008188340496326078, "G#": 0.00019929294329682517, "F#": 6.065437404685984e-05, "D#": 0.000207957853874948, "E": 0.0024261749618743936, "A": 0.014964300568418134, "F": 6.931928462498267e-05, "A#": 0.0005458893664217386, "C#": 0.0009011507001247748, "B": 0.003968529044780258, "C": 0.03297864966033551, "D": 0.0011004436434215998}, "C": {"G": 0.015154928601136836, "G#": 0.0024868293359212533, "F#": 0.0003899209760155275, "D#": 0.002226882018577568, "E": 0.004323790378483294, "A": 0.0046097324275613475, "F": 0.011888257313184528, "A#": 0.018516913905448497, "C#": 0.0030587134340773602, "B": 0.03527485096353806, "C": 0.04685983640648828, "D": 0.03580341050880355}, "D": {"G": 0.012824067655621794, "G#": 0.0002859420490780535, "F#": 0.000207957853874948, "D#": 0.01528490225980868, "E": 0.026315333425759046, "A": 0.0020449188964369886, "F": 0.001663662830999584, "A#": 0.0016809926521558298, "C#": 0.0016463330098433384, "B": 0.0026861222792180783, "C": 0.04035248856231804, "D": 0.01605607930126161}}