{"G#3": 0.030962179110327257, "C7": 0.0, "D#2": 0.006035665294924554, "C1": 0.0, "E4": 0.010856359004507153, "G#0": 0.0, "C4": 0.08626298255927886, "C2": 0.016872427983539096, "G5": 0.014932392710170488, "C#0": 0.0, "D#1": 0.0, "D1": 0.0, "A#5": 0.008132471095434059, "F2": 0.006349206349206349, "E5": 0.0003723300019596316, "A6": 0.0, "C0": 0.0, "C#7": 0.0, "F#4": 0.0026846952772878697, "F5": 0.017617087987458358, "F#1": 0.0, "A#2": 0.005173427395649618, "G#7": 0.0, "C6": 0.0, "A2": 0.0007838526357044876, "D2": 0.005878894767783657, "F4": 0.07440721144424849, "G#6": 0.0, "G#5": 0.005271408975112679, "C#3": 0.007662159514011366, "F#6": 0.0, "D3": 0.033999608073682144, "E2": 0.0007054673721340388, "A4": 0.011836174799137763, "A1": 0.0, "B5": 0.0012933568489124044, "B6": 0.0, "D0": 0.0, "A7": 0.0, "E1": 0.0, "B2": 0.0011757789535567313, "F#0": 0.0, "A0": 0.0, "D#6": 9.798157946306095e-05, "A#3": 0.03733098177542622, "A#1": 0.0, "G1": 0.0, "E7": 0.0, "E6": 0.0, "F1": 0.0, "D#5": 0.01967470115618264, "F7": 0.0, "A5": 0.0019400352733686067, "B3": 0.012639623750734862, "G#4": 0.04081912600431119, "F3": 0.040858318636096416, "G6": 0.00011757789535567314, "F#2": 0.0005291005291005291, "C#2": 0.001548108955516363, "C#1": 0.0, "F#7": 0.0, "G2": 0.008779149519890261, "D6": 0.00011757789535567314, "C#6": 0.0, "D#3": 0.039368998628257885, "B0": 0.0, "F#5": 0.0001763668430335097, "G#1": 0.0, "A3": 0.008955516362923771, "F6": 0.0001763668430335097, "G7": 0.0, "D7": 0.0, "F0": 0.0, "B1": 0.0, "C3": 0.06537330981775426, "B7": 0.0, "D#7": 0.0, "E3": 0.007191847932588673, "E0": 0.0, "D#4": 0.06521653929061337, "D5": 0.00905349794238683, "B4": 0.017421124828532236, "G0": 0.0, "C#4": 0.0054869684499314125, "A#0": 0.0, "F#3": 0.0026846952772878697, "C5": 0.007975700568293161, "A#4": 0.05651577503429355, "A#6": 0.0, "G4": 0.09033901626494219, "D#0": 0.0, "C#5": 0.0005682931608857535, "D4": 0.0496766607877719, "G3": 0.05551636292377033, "A#7": 0.0, "G#2": 0.004585537918871252}