{"G": {"G": 0.061572723084011675, "G#": 0.0013054830287206266, "F#": 0.009353401935186608, "D#": 0.00010751036707111042, "E": 0.010704960835509139, "A": 0.03366610351712487, "F": 0.036614959299646754, "A#": 0.0004761173398863462, "C#": 0.00018430348640761788, "B": 0.0029027799109199817, "C": 0.03051758562432806, "D": 0.007556442942712333}, "G#": {"G": 0.00021502073414222085, "G#": 9.215174320380894e-05, "F#": 0.0001382276148057134, "D#": 0.0, "E": 0.0009829519275072953, "A": 0.005575180463830441, "F": 0.0, "A#": 1.535862386730149e-05, "C#": 1.535862386730149e-05, "B": 7.679311933650745e-05, "C": 9.215174320380894e-05, "D": 1.535862386730149e-05}, "F#": {"G": 0.011012133312855167, "G#": 0.0009675933036399939, "F#": 0.00033788972508063276, "D#": 4.607587160190447e-05, "E": 0.0026570419290431577, "A": 0.0001535862386730149, "F": 7.679311933650745e-05, "A#": 0.0, "C#": 0.0, "B": 0.0007372139456304715, "C": 1.535862386730149e-05, "D": 0.0026724005529104593}, "D#": {"G": 3.071724773460298e-05, "G#": 0.0, "F#": 0.0, "D#": 0.0, "E": 0.0009061588081707879, "A": 0.0, "F": 3.071724773460298e-05, "A#": 3.071724773460298e-05, "C#": 3.071724773460298e-05, "B": 6.143449546920596e-05, "C": 4.607587160190447e-05, "D": 0.0004454000921517432}, "E": {"G": 0.007556442942712333, "G#": 0.00018430348640761788, "F#": 0.006174166794655199, "D#": 0.0005221932114882506, "E": 0.021409921671018278, "A": 0.01061280909230533, "F": 0.03540162801412993, "A#": 1.535862386730149e-05, "C#": 0.00039932422054983875, "B": 0.0016894486254031638, "C": 0.010167409000153586, "D": 0.04785747197051144}, "A": {"G": 0.040162801412993394, "G#": 0.003471048994010137, "F#": 0.0011979726616495163, "D#": 0.00010751036707111042, "E": 0.004807249270465367, "A": 0.015558285977576409, "F": 0.003394255874673629, "A#": 0.0031792351405314084, "C#": 0.00018430348640761788, "B": 0.027753033328213793, "C": 0.0025188143142374445, "D": 0.008815850099831055}, "F": {"G": 0.030241130394716632, "G#": 9.215174320380894e-05, "F#": 0.0006297035785593611, "D#": 0.0001535862386730149, "E": 0.04483182306865305, "A": 0.0013976347719244356, "F": 0.005928428812778375, "A#": 0.000752572569497773, "C#": 0.0001535862386730149, "B": 0.0007679311933650745, "C": 0.00288742128705268, "D": 0.0055137459683612345}, "A#": {"G": 0.0004454000921517432, "G#": 3.071724773460298e-05, "F#": 7.679311933650745e-05, "D#": 1.535862386730149e-05, "E": 6.143449546920596e-05, "A": 0.006773153125479957, "F": 7.679311933650745e-05, "A#": 0.0006450622024266625, "C#": 3.071724773460298e-05, "B": 0.00035324834894793426, "C": 0.0012594071571187223, "D": 1.535862386730149e-05}, "C#": {"G": 1.535862386730149e-05, "G#": 0.0, "F#": 1.535862386730149e-05, "D#": 0.00019966211027491938, "E": 0.0001382276148057134, "A": 0.0008600829365688834, "F": 0.0, "A#": 0.0, "C#": 0.0002918138534787283, "B": 0.00023037935800952235, "C": 0.00033788972508063276, "D": 0.004392566426048226}, "B": {"G": 0.009476270926125019, "G#": 0.0003071724773460298, "F#": 9.215174320380894e-05, "D#": 0.0, "E": 0.0042850560589771155, "A": 0.025741053601597296, "F": 7.679311933650745e-05, "A#": 0.0004607587160190447, "C#": 0.0015512210105974504, "B": 0.00628167716172631, "C": 0.041483643065581326, "D": 0.0013669175241898326}, "C": {"G": 0.018077100291813853, "G#": 0.00035324834894793426, "F#": 0.0004146828444171402, "D#": 0.0, "E": 0.007264629089233605, "A": 0.007141760098295193, "F": 0.009921671018276762, "A#": 0.003962524957763784, "C#": 0.0008908001843034864, "B": 0.04679772692366764, "C": 0.05314083858086315, "D": 0.0381508216863769}, "D": {"G": 0.016003686069728153, "G#": 0.0004146828444171402, "F#": 0.0002764552296114268, "D#": 0.0004300414682844417, "E": 0.04401781600368607, "A": 0.0035632007372139456, "F": 0.0017816003686069728, "A#": 0.0002457379818768238, "C#": 0.0028106281677161725, "B": 0.003394255874673629, "C": 0.04400245737981877, "D": 0.0206266318537859}}