{"G": {"#vi": 0.0, "III": 0.0, "#I": 0.0, "iii": 0.09004290410653591, "vii": 0.0, "#i": 0.007633587786259542, "IV": 0.012759792723017775, "VII": 0.0, "#V": 0.00011143923775561376, "#v": 0.0, "#II": 0.0009472335209227169, "I": 0.3412269460076893, "iv": 0.011979718058728479, "#ii": 5.571961887780688e-05, "#IV": 0.0, "vi": 0.046135844430824094, "V": 0.37800189446704185, "VI": 0.010252409873516465, "ii": 0.02017050203376609, "i": 0.046470162144090936, "II": 0.0014487100908229787, "#VI": 0.0, "#iv": 0.0009472335209227169, "v": 0.031815902379227726}, "G#": {"#vi": 0.0, "III": 0.7232289950576606, "#I": 0.0, "iii": 0.0, "vii": 0.0032948929159802307, "#i": 0.0016474464579901153, "IV": 0.0016474464579901153, "VII": 0.0, "#V": 0.0016474464579901153, "#v": 0.20098846787479407, "#II": 0.0, "I": 0.039538714991762765, "iv": 0.014827018121911038, "#ii": 0.0, "#IV": 0.0, "vi": 0.0032948929159802307, "V": 0.0032948929159802307, "VI": 0.0, "ii": 0.0032948929159802307, "i": 0.0016474464579901153, "II": 0.0, "#VI": 0.0016474464579901153, "#iv": 0.0, "v": 0.0}, "F#": {"#vi": 0.0, "III": 0.0, "#I": 0.0, "iii": 0.012254901960784314, "vii": 0.06004901960784314, "#i": 0.0006127450980392157, "IV": 0.0006127450980392157, "VII": 0.032475490196078434, "#V": 0.0, "#v": 0.0006127450980392157, "#II": 0.0, "I": 0.00857843137254902, "iv": 0.0, "#ii": 0.018995098039215685, "#IV": 0.0, "vi": 0.0, "V": 0.02389705882352941, "VI": 0.0, "ii": 0.0, "i": 0.0, "II": 0.6390931372549019, "#VI": 0.003676470588235294, "#iv": 0.1948529411764706, "v": 0.00428921568627451}, "D#": {"#vi": 0.0, "III": 0.0, "#I": 0.0, "iii": 0.007352941176470588, "vii": 0.0, "#i": 0.0, "IV": 0.029411764705882353, "VII": 0.41911764705882354, "#V": 0.0, "#v": 0.0, "#II": 0.08088235294117647, "I": 0.0, "iv": 0.007352941176470588, "#ii": 0.19117647058823528, "#IV": 0.0, "vi": 0.11764705882352941, "V": 0.022058823529411766, "VI": 0.0, "ii": 0.0, "i": 0.03676470588235294, "II": 0.0, "#VI": 0.0, "#iv": 0.08823529411764706, "v": 0.0}, "E": {"#vi": 0.0, "III": 0.05285737412983649, "#I": 0.0, "iii": 0.12441314553990611, "vii": 0.0055852355512384655, "#i": 0.014327343370568237, "IV": 0.035696940262263235, "VII": 8.094544277157196e-05, "#V": 0.0, "#v": 0.00016189088554314392, "#II": 0.0, "I": 0.5245264691597863, "iv": 0.0035615994819491663, "#ii": 0.00032378177108628785, "#IV": 0.0, "vi": 0.17662295612757, "V": 0.0, "VI": 0.0326210134369435, "ii": 0.018374615509146836, "i": 0.0, "II": 0.0015379634126598673, "#VI": 0.00048567265662943174, "#iv": 0.008823053262101343, "v": 0.0}, "A": {"#vi": 0.0006780317706315381, "III": 9.686168151879117e-05, "#I": 0.0, "iii": 0.008136381247578458, "vii": 0.035257652072839984, "#i": 0.0, "IV": 0.24273537388609065, "VII": 0.003002712127082526, "#V": 0.0, "#v": 0.00019372336303758234, "#II": 0.0, "I": 0.0, "iv": 0.0, "#ii": 0.0028089887640449437, "#IV": 0.0, "vi": 0.29794653235180163, "V": 0.013463773731111971, "VI": 0.05182099961255327, "ii": 0.18258426966292135, "i": 0.0, "II": 0.10286710577295621, "#VI": 0.0030995738086013174, "#iv": 0.04000387446726075, "v": 0.015304145679969005}, "F": {"#vi": 0.004220980757293606, "III": 0.0009931719428926133, "#I": 0.0, "iii": 0.00856610800744879, "vii": 0.10937306021104903, "#i": 0.0007448789571694599, "IV": 0.3211669770328988, "VII": 0.0, "#V": 0.0, "#v": 0.006952203600248293, "#II": 0.00012414649286157667, "I": 0.0335195530726257, "iv": 0.033643699565487274, "#ii": 0.0, "#IV": 0.0, "vi": 0.0, "V": 0.16089385474860335, "VI": 0.0, "ii": 0.2896337678460584, "i": 0.0, "II": 0.0, "#VI": 0.0148975791433892, "#iv": 0.0, "v": 0.015270018621973929}, "A#": {"#vi": 0.02746566791510612, "III": 0.0, "#I": 0.0, "iii": 0.17478152309612985, "vii": 0.0, "#i": 0.06491885143570537, "IV": 0.012484394506866416, "VII": 0.0, "#V": 0.0, "#v": 0.0, "#II": 0.011235955056179775, "I": 0.2721598002496879, "iv": 0.0012484394506866417, "#ii": 0.0, "#IV": 0.0, "vi": 0.01373283395755306, "V": 0.0, "VI": 0.003745318352059925, "ii": 0.0, "i": 0.016229712858926344, "II": 0.0, "#VI": 0.1947565543071161, "#iv": 0.0012484394506866417, "v": 0.20599250936329588}, "C#": {"#vi": 0.0017889087656529517, "III": 0.0, "#I": 0.0, "iii": 0.0, "vii": 0.0, "#i": 0.23792486583184258, "IV": 0.06440071556350627, "VII": 0.0, "#V": 0.0, "#v": 0.0, "#II": 0.0, "I": 0.0, "iv": 0.0, "#ii": 0.0, "#IV": 0.0, "vi": 0.0017889087656529517, "V": 0.0, "VI": 0.6636851520572451, "ii": 0.012522361359570662, "i": 0.0, "II": 0.0, "#VI": 0.0017889087656529517, "#iv": 0.01073345259391771, "v": 0.005366726296958855}, "B": {"#vi": 0.0, "III": 0.06062515754978573, "#I": 0.0, "iii": 0.11734308041341064, "vii": 0.11961179732795564, "#i": 0.0006301991429291656, "IV": 0.008318628686664987, "VII": 0.01083942525838165, "#V": 0.0, "#v": 0.019536173430804132, "#II": 0.0, "I": 0.05318880766322158, "iv": 0.0, "#ii": 0.0, "#IV": 0.0, "vi": 0.026846483488782456, "V": 0.5757499369800857, "VI": 0.0006301991429291656, "ii": 0.0, "i": 0.005167632972019158, "II": 0.0, "#VI": 0.0, "#iv": 0.0015124779430299975, "v": 0.0}, "C": {"#vi": 0.0005346640527535199, "III": 0.0, "#I": 0.0, "iii": 0.0, "vii": 0.004871383591754292, "#i": 0.0, "IV": 0.13212142814709202, "VII": 0.0, "#V": 5.940711697261332e-05, "#v": 0.00023762846789045328, "#II": 0.0, "I": 0.5177924315332977, "iv": 0.023584625438127487, "#ii": 0.0011881423394522663, "#IV": 0.0, "vi": 0.15689419592467177, "V": 0.007841739440384958, "VI": 0.0, "ii": 0.06350620804372364, "i": 0.035050199013841855, "II": 0.032139250282183805, "#VI": 0.00047525693578090656, "#iv": 0.022158854630784767, "v": 0.0015445850412879464}, "D": {"#vi": 0.0, "III": 0.012775749880971275, "#I": 0.0, "iii": 0.04332645611807649, "vii": 0.09950801460085701, "#i": 0.00047611490239644503, "IV": 0.0, "VII": 0.0, "#V": 0.0, "#v": 0.010712585303920013, "#II": 7.935248373274083e-05, "I": 0.03428027297254404, "iv": 0.0, "#ii": 0.0, "#IV": 0.0, "vi": 0.01507697190922076, "V": 0.3652594826218061, "VI": 0.0006348198698619266, "ii": 0.21623551817171877, "i": 0.03586732264719886, "II": 0.11450563402634502, "#VI": 0.012696397397238534, "#iv": 0.0, "v": 0.038565307094112045}}