{"A": {"A": 0.001137968921676346, "G": 0.0082208444514205, "B": 0.006278449223041909, "G#": 0.0002158216920420656, "A#": 0.009358813373096846, "F": 0.0013341704598964057, "D#": 0.0, "C#": 0.0, "E": 1.9620153822005963e-05, "F#": 0.0002550619996860775, "C": 0.0001569612305760477, "D": 0.0012360696907863758}, "G": {"A": 0.011006906294145346, "G": 0.04581305917438393, "B": 0.0014518913828284413, "G#": 0.025780882122115836, "A#": 0.004669596609637419, "F": 0.04942316747763303, "D#": 0.008730968450792654, "C#": 1.9620153822005963e-05, "E": 0.0007455658452362266, "F#": 0.004748077224925444, "C": 0.027899858734892483, "D": 0.004551875686705384}, "B": {"A": 0.0012556898446083817, "G": 0.00816198398995448, "B": 0.001648092921048501, "G#": 9.810076911002983e-05, "A#": 0.0006867053837702088, "F": 7.848061528802385e-05, "D#": 0.0006278449223041908, "C#": 3.924030764401193e-05, "E": 3.924030764401193e-05, "F#": 5.886046146601789e-05, "C": 0.027546695966096373, "D": 0.001079108460210328}, "G#": {"A": 0.0009025270758122744, "G": 0.03812195887615759, "B": 0.0002158216920420656, "G#": 0.003727829226181133, "A#": 0.012360696907863757, "F": 0.004355674148485324, "D#": 0.0014322712290064355, "C#": 0.0003335426149741014, "E": 0.0002158216920420656, "F#": 7.848061528802385e-05, "C": 0.0006867053837702088, "D": 0.001706953382514519}, "A#": {"A": 0.010418301679485167, "G": 0.004512635379061372, "B": 0.0015696123057604772, "G#": 0.022935959817924973, "A#": 0.021209386281588447, "F": 0.0025113796892167633, "D#": 0.01210563490817768, "C#": 9.810076911002983e-05, "E": 0.00023544184586407157, "F#": 0.00023544184586407157, "C": 0.0213859676659865, "D": 0.0013734107675404175}, "F": {"A": 0.0002550619996860775, "G": 0.040947261026526446, "B": 0.0009417673834562863, "G#": 0.0010006278449223042, "A#": 0.0075929995291163085, "F": 0.01434233244388636, "D#": 0.04300737717783707, "C#": 7.848061528802385e-05, "E": 0.005532883377805682, "F#": 0.001098728614032334, "C": 0.004061371841155234, "D": 0.0055721236854496935}, "D#": {"A": 0.0009613875372782922, "G": 0.006847433683880082, "B": 0.0012949301522523938, "G#": 0.006533511222727986, "A#": 0.004512635379061372, "F": 0.034708052111128554, "D#": 0.02611442473708994, "C#": 0.0014911316904724532, "E": 0.0008632867681682624, "F#": 7.848061528802385e-05, "C": 0.00753413906765029, "D": 0.05289593470412808}, "C#": {"A": 1.9620153822005963e-05, "G": 3.924030764401193e-05, "B": 1.9620153822005963e-05, "G#": 0.0, "A#": 5.886046146601789e-05, "F": 0.0, "D#": 0.00023544184586407157, "C#": 0.00013734107675404176, "E": 3.924030764401193e-05, "F#": 0.0, "C": 0.002609480458326793, "D": 0.0002746821535080835}, "E": {"A": 0.0001569612305760477, "G": 0.0002746821535080835, "B": 0.0, "G#": 1.9620153822005963e-05, "A#": 0.0, "F": 0.005218960916653586, "D#": 0.00017658138439805368, "C#": 0.0, "E": 0.0002158216920420656, "F#": 0.0007651859990582327, "C": 0.0007651859990582327, "D": 0.0004316433840841312}, "F#": {"A": 3.924030764401193e-05, "G": 0.006376549992151938, "B": 1.9620153822005963e-05, "G#": 0.0, "A#": 0.00013734107675404176, "F": 0.0002746821535080835, "D#": 0.0, "C#": 1.9620153822005963e-05, "E": 0.00013734107675404176, "F#": 5.886046146601789e-05, "C": 0.0, "D": 0.0011772092293203579}, "C": {"A": 0.0019227750745565845, "G": 0.014263851828598337, "B": 0.025565060430073772, "G#": 0.0036297284570711032, "A#": 0.03364856380474023, "F": 0.010261340448909119, "D#": 0.005630984146915712, "C#": 0.001098728614032334, "E": 9.810076911002983e-05, "F#": 0.000568984460838173, "C": 0.03496311411081463, "D": 0.04037827656568827}, "D": {"A": 0.00011772092293203579, "G": 0.011418929524407472, "B": 0.0025506199968607754, "G#": 0.0001569612305760477, "A#": 0.004198712917909277, "F": 0.001765813843980537, "D#": 0.04296813687019306, "C#": 0.00011772092293203579, "E": 0.0024917595353947577, "F#": 0.00029430230733008947, "C": 0.04443964840684351, "D": 0.012380317061685764}}