{"G": {"G": 0.11068056925461463, "G#": 0.0001409046075806679, "F#": 0.0011272368606453432, "D#": 0.0006340707341130054, "E": 0.15076793011131465, "A": 0.030153586022262927, "F": 0.04804847118500775, "A#": 0.01359729463153445, "C#": 0.006199802733549387, "B": 0.18106242074115825, "C": 0.26208257010004227, "D": 0.1955051430181767}, "G#": {"G": 0.0, "G#": 0.0035398230088495575, "F#": 0.0, "D#": 0.0, "E": 0.3238938053097345, "A": 0.0, "F": 0.05309734513274336, "A#": 0.0, "C#": 0.0017699115044247787, "B": 0.39469026548672564, "C": 0.03185840707964602, "D": 0.1911504424778761}, "F#": {"G": 0.023965141612200435, "G#": 0.0, "F#": 0.010893246187363835, "D#": 0.012345679012345678, "E": 0.026143790849673203, "A": 0.43064633260711693, "F": 0.0, "A#": 0.002178649237472767, "C#": 0.0014524328249818446, "B": 0.06027596223674655, "C": 0.18155410312273057, "D": 0.25054466230936817}, "D#": {"G": 0.11450381679389313, "G#": 0.0, "F#": 0.22137404580152673, "D#": 0.0, "E": 0.022900763358778626, "A": 0.2900763358778626, "F": 0.007633587786259542, "A#": 0.04580152671755725, "C#": 0.0, "B": 0.1297709923664122, "C": 0.16793893129770993, "D": 0.0}, "E": {"G": 0.3625321186638636, "G#": 0.0189208128941836, "F#": 0.00350385423966363, "D#": 0.0, "E": 0.05267460873627657, "A": 0.12613875262789068, "F": 0.020088764307404812, "A#": 0.010161177295024528, "C#": 0.00817565989254847, "B": 0.08689558514365803, "C": 0.27785564120532585, "D": 0.03305302499416024}, "A": {"G": 0.04316455696202531, "G#": 0.0, "F#": 0.03253164556962025, "D#": 0.0010126582278481013, "E": 0.1669620253164557, "A": 0.08645569620253164, "F": 0.1179746835443038, "A#": 0.0016455696202531645, "C#": 0.022278481012658228, "B": 0.02481012658227848, "C": 0.3311392405063291, "D": 0.17202531645569621}, "F": {"G": 0.10410863509749303, "G#": 0.0017409470752089136, "F#": 0.0, "D#": 0.0005222841225626741, "E": 0.024547353760445683, "A": 0.28325208913649025, "F": 0.06354456824512535, "A#": 0.01288300835654596, "C#": 0.00034818941504178273, "B": 0.15720752089136492, "C": 0.21518105849582173, "D": 0.1366643454038997}, "A#": {"G": 0.27298850574712646, "G#": 0.0014367816091954023, "F#": 0.0, "D#": 0.0028735632183908046, "E": 0.1896551724137931, "A": 0.022988505747126436, "F": 0.11781609195402298, "A#": 0.014367816091954023, "C#": 0.021551724137931036, "B": 0.0, "C": 0.125, "D": 0.23132183908045978}, "C#": {"G": 0.166015625, "G#": 0.0, "F#": 0.00390625, "D#": 0.0, "E": 0.4453125, "A": 0.263671875, "F": 0.041015625, "A#": 0.056640625, "C#": 0.0, "B": 0.001953125, "C": 0.00390625, "D": 0.017578125}, "B": {"G": 0.3081404503227838, "G#": 0.01653282947567312, "F#": 0.009919697685403874, "D#": 0.001889466225791214, "E": 0.10533774208786018, "A": 0.027082349236340734, "F": 0.07998740355849472, "A#": 0.0, "C#": 0.0004723665564478035, "B": 0.02109903952133522, "C": 0.03589985829003307, "D": 0.39363879703983623}, "C": {"G": 0.2660410467689021, "G#": 0.00038147554741741054, "F#": 0.023041123064011598, "D#": 0.0009155413138017853, "E": 0.315403982604715, "A": 0.11917296101319906, "F": 0.09742885481040665, "A#": 0.005874723430228122, "C#": 0.0, "B": 0.008926527809567406, "C": 0.09727626459143969, "D": 0.06553749904631113}, "D": {"G": 0.2598687996317183, "G#": 0.007250546668201174, "F#": 0.0551271722867994, "D#": 0.0, "E": 0.04051099090804466, "A": 0.14926919093106225, "F": 0.18828403728852572, "A#": 0.009437219472896765, "C#": 0.00011508804235239959, "B": 0.14293934860168028, "C": 0.07135458625848774, "D": 0.07584301991023133}}