{"A": {"A": 0.016295616249713107, "G": 0.0398066330043608, "B": 0.026236515951342666, "G#": 0.0031558411751204957, "A#": 0.0035144594904750973, "F": 0.0037296304796878587, "D#": 7.172366307092036e-05, "C#": 0.00017213679137020887, "E": 0.005092380078035345, "F#": 0.0009467523525361487, "C": 0.0028976359880651826, "D": 0.00827691071838421}, "G": {"A": 0.03325109019967868, "G": 0.06185448703236172, "B": 0.003198875372963048, "G#": 0.0011619233417489098, "A#": 0.0006311682350240991, "F": 0.03738237319256369, "D#": 0.00011475786091347258, "C#": 0.000200826256598577, "E": 0.011317994032591233, "F#": 0.008965457883865045, "C": 0.03029607528115676, "D": 0.007674431948588478}, "B": {"A": 0.024285632315813634, "G": 0.009395799862290567, "B": 0.006469474408997016, "G#": 0.00024386045444112922, "A#": 0.000401652513197154, "F": 0.0002582051870553133, "D#": 0.0, "C#": 0.0013627495983474867, "E": 0.0042460408537984854, "F#": 8.606839568510444e-05, "C": 0.03963449621299059, "D": 0.0016496442506311682}, "G#": {"A": 0.004776795960523296, "G": 0.00017213679137020887, "B": 0.00011475786091347258, "G#": 0.00011475786091347258, "A#": 1.4344732614184072e-05, "F": 2.8689465228368144e-05, "D#": 0.0, "C#": 0.0, "E": 0.0010184760156070692, "F#": 0.000200826256598577, "C": 7.172366307092036e-05, "D": 4.303419784255222e-05}, "A#": {"A": 0.007100642644021116, "G": 0.0004303419784255221, "B": 0.00028689465228368144, "G#": 2.8689465228368144e-05, "A#": 0.0007602708285517558, "F": 7.172366307092036e-05, "D#": 1.4344732614184072e-05, "C#": 4.303419784255222e-05, "E": 4.303419784255222e-05, "F#": 7.172366307092036e-05, "C": 0.0016783337158595363, "D": 4.303419784255222e-05}, "F": {"A": 0.0014775074592609594, "G": 0.03092724351618086, "B": 0.0006885471654808355, "G#": 8.606839568510444e-05, "A#": 0.0007746155611659399, "F": 0.006369061280697728, "D#": 0.00027254991966949737, "C#": 7.172366307092036e-05, "E": 0.045214597199908196, "F#": 0.0006598577002524673, "C": 0.003471425292632545, "D": 0.0058669956392012855}, "D#": {"A": 0.0, "G": 1.4344732614184072e-05, "B": 4.303419784255222e-05, "G#": 0.0, "A#": 2.8689465228368144e-05, "F": 5.737893045673629e-05, "D#": 1.4344732614184072e-05, "C#": 2.8689465228368144e-05, "E": 0.0007602708285517558, "F#": 0.0, "C": 4.303419784255222e-05, "D": 0.0005594445719531788}, "C#": {"A": 0.0007028918980950196, "G": 1.4344732614184072e-05, "B": 0.000200826256598577, "G#": 0.0, "A#": 0.0, "F": 0.0, "D#": 0.00015779205875602478, "C#": 0.00027254991966949737, "E": 0.00012910259352765665, "F#": 1.4344732614184072e-05, "C": 0.00034427358274041774, "D": 0.004274730319026854}, "E": {"A": 0.010672481064952949, "G": 0.007746155611659399, "B": 0.0015492311223318797, "G#": 0.00014344732614184072, "A#": 2.8689465228368144e-05, "F": 0.03614872618774386, "D#": 0.00048772090888225844, "C#": 0.00041599724581133806, "E": 0.02135930686252008, "F#": 0.006254303419784255, "C": 0.010457310075740188, "D": 0.04752409915079183}, "F#": {"A": 0.00021517098921276106, "G": 0.010529033738811108, "B": 0.0006885471654808355, "G#": 0.0009180628873077806, "A#": 0.0, "F": 0.00011475786091347258, "D#": 4.303419784255222e-05, "C#": 0.0, "E": 0.0025677071379389487, "F#": 0.0003586183153546018, "C": 0.00011475786091347258, "D": 0.002768533394537526}, "C": {"A": 0.007545329355060822, "G": 0.018892012852880422, "B": 0.045028115675923804, "G#": 0.0003299288501262336, "A#": 0.004231696121184301, "F": 0.009940899701629561, "D#": 0.0, "C#": 0.0007889602937801239, "E": 0.0077031214138168465, "F#": 0.00048772090888225844, "C": 0.054251778746844156, "D": 0.03787009410144595}, "D": {"A": 0.0036865962818453065, "G": 0.016137824190957082, "B": 0.003442735827404177, "G#": 0.0003586183153546018, "A#": 0.00018648152398439294, "F": 0.0017500573789304566, "D#": 0.00037296304796878587, "C#": 0.002797222859765894, "E": 0.04339281615790681, "F#": 0.00027254991966949737, "C": 0.04428218957998623, "D": 0.020197383520771172}}