{"A": 0.10892083887583845, "G": 0.19657260917555827, "B": 0.08693006537797526, "G#": 0.006481193218803951, "A#": 0.01042934367305352, "F": 0.09467070444060793, "D#": 0.0015283163048708007, "C#": 0.006070811988792347, "E": 0.14412871819545467, "F#": 0.018070925197407522, "C": 0.19109614241643788, "D": 0.1351003311351994}