{"Note": {"Note": {"Note": {"Note": 0.00022065539784681384, "Rest": 5.1315208801584615e-06, "Hold": 0.002914703859930006}, "Rest": {"Note": 0.0004515738374539446, "Rest": 0.0, "Hold": 0.0}, "Hold": {"Note": 0.001077619384833277, "Rest": 9.749889672301077e-05, "Hold": 0.002011556185022117}}, "Rest": {"Note": {"Note": 0.0, "Rest": 0.0, "Hold": 0.0005849933803380646}, "Rest": {"Note": 0.0, "Rest": 0.0, "Hold": 0.0}, "Hold": {"Note": 0.0, "Rest": 0.0, "Hold": 0.0}}, "Hold": {"Note": {"Note": 0.0026529962950419244, "Rest": 0.0, "Hold": 0.08071369192401244}, "Rest": {"Note": 0.013172614099366771, "Rest": 3.5920646161109226e-05, "Hold": 0.0}, "Hold": {"Note": 0.00041565319129283534, "Rest": 0.0, "Hold": 0.1574966388538235}}}, "Rest": {"Note": {"Note": {"Note": 0.00017960323080554614, "Rest": 0.0, "Hold": 0.0}, "Rest": {"Note": 0.0, "Rest": 0.0, "Hold": 0.0}, "Hold": {"Note": 0.014162997629237353, "Rest": 2.565760440079231e-05, "Hold": 0.04624013465110789}}, "Rest": {"Note": {"Note": 0.0, "Rest": 0.0, "Hold": 0.0018730051212578385}, "Rest": {"Note": 0.0018165583915760954, "Rest": 0.003561275490829972, "Hold": 0.0}, "Hold": {"Note": 0.0, "Rest": 0.0, "Hold": 0.0}}, "Hold": {"Note": {"Note": 0.0, "Rest": 0.0, "Hold": 0.0}, "Rest": {"Note": 0.0, "Rest": 0.0, "Hold": 0.0}, "Hold": {"Note": 0.0, "Rest": 0.0, "Hold": 0.0}}}, "Hold": {"Note": {"Note": {"Note": 0.0027402321500046185, "Rest": 0.00044644231657378614, "Hold": 0.00027197060664839847}, "Rest": {"Note": 0.00013341954288412, "Rest": 0.0, "Hold": 0.0}, "Hold": {"Note": 0.0673512115520798, "Rest": 0.013095641286164394, "Hold": 0.10675102886993647}}, "Rest": {"Note": {"Note": 0.00017960323080554614, "Rest": 0.0, "Hold": 0.05797079138315014}, "Rest": {"Note": 4.105216704126769e-05, "Rest": 0.0018216899124562538, "Hold": 0.0}, "Hold": {"Note": 0.0, "Rest": 0.0, "Hold": 0.0}}, "Hold": {"Note": {"Note": 0.0008056487781848785, "Rest": 0.00013341954288412, "Hold": 0.10648418978416824}, "Rest": {"Note": 0.044977780514588915, "Rest": 0.0018268214333364123, "Hold": 0.0}, "Hold": {"Note": 0.1070076049139444, "Rest": 0.0504890339398791, "Hold": 0.10776193848332768}}}}