{"Hold": {"Hold": {"Hold": {"Hold": 0.12199690002583312, "Note": 0.0953349694308103, "Rest": 0.05117827721806022}, "Note": {"Hold": 0.09469990527856713, "Note": 0.0008790436005625879, "Rest": 6.099486207985304e-05}, "Rest": {"Hold": 0.0, "Note": 0.044368380263497806, "Rest": 0.003559229599012601}}, "Note": {"Hold": {"Hold": 0.09485418640029851, "Note": 0.05562013835069893, "Rest": 0.010864261316340882}, "Note": {"Hold": 0.00024397944831941216, "Note": 0.0025330807428456613, "Rest": 0.0005238382272740319}, "Rest": {"Hold": 0.0, "Note": 6.099486207985304e-05, "Rest": 0.0}}, "Rest": {"Hold": {"Hold": 0.0, "Note": 0.0, "Rest": 0.0}, "Note": {"Hold": 0.05509988805648842, "Note": 0.00020092425155716296, "Rest": 0.0}, "Rest": {"Hold": 0.0, "Note": 9.328625965153993e-05, "Rest": 0.00350899853612331}}}, "Note": {"Hold": {"Hold": {"Hold": 0.14651324664887053, "Note": 0.00030497431039926517, "Rest": 0.0}, "Note": {"Hold": 0.0666386807887712, "Note": 0.0024218548178765176, "Rest": 0.0}, "Rest": {"Hold": 0.0, "Note": 0.010932432044547778, "Rest": 4.30551967622492e-05}}, "Note": {"Hold": {"Hold": 0.0019123683228565687, "Note": 0.0010153850569763771, "Rest": 8.969832658801917e-05}, "Note": {"Hold": 0.002773472258101553, "Note": 0.0017186199374264475, "Rest": 0.0002475673813829329}, "Rest": {"Hold": 0.0, "Note": 0.0008036970062286518, "Rest": 0.0}}, "Rest": {"Hold": {"Hold": 0.0, "Note": 0.0, "Rest": 0.0}, "Note": {"Hold": 0.0008288125376732972, "Note": 3.587933063520767e-05, "Rest": 0.0}, "Rest": {"Hold": 0.0, "Note": 0.0, "Rest": 0.0}}}, "Rest": {"Hold": {"Hold": {"Hold": 0.0, "Note": 0.0, "Rest": 0.0}, "Note": {"Hold": 0.0, "Note": 0.0, "Rest": 0.0}, "Rest": {"Hold": 0.0, "Note": 0.0, "Rest": 0.0}}, "Note": {"Hold": {"Hold": 0.04738941990298229, "Note": 0.011958580900714716, "Rest": 2.511553144464537e-05}, "Note": {"Hold": 0.0, "Note": 0.0004879588966388243, "Rest": 3.22913975716869e-05}, "Rest": {"Hold": 0.0, "Note": 0.0, "Rest": 0.0}}, "Rest": {"Hold": {"Hold": 0.0, "Note": 0.0, "Rest": 0.0}, "Note": {"Hold": 0.0034444157409799364, "Note": 0.0002834467120181406, "Rest": 0.0}, "Rest": {"Hold": 0.0, "Note": 0.003630988260283016, "Rest": 0.06078676196216883}}}}