{"Note": 0.23317697137835006, "Rest": 0.12976630417518187, "Hold": 0.6370567244464681}