{"Note": {"Note": {"Note": 0.003128594432942259, "Rest": 0.00044986325179561897, "Hold": 0.0031746031746031746}, "Rest": {"Note": 0.0005827773943715973, "Rest": 0.0, "Hold": 0.0}, "Hold": {"Note": 0.08305089078035938, "Rest": 0.01316872427983539, "Hold": 0.15731411190348388}}, "Rest": {"Note": {"Note": 0.0001789228842368939, "Rest": 0.0, "Hold": 0.060199882422104646}, "Rest": {"Note": 0.0018659100784704649, "Rest": 0.005464816092835416, "Hold": 0.0}, "Hold": {"Note": 0.0, "Rest": 0.0, "Hold": 0.0}}, "Hold": {"Note": {"Note": 0.0034455435421618997, "Rest": 0.00013291414257597832, "Hold": 0.18648876619891114}, "Rest": {"Note": 0.057930117833499474, "Rest": 0.0018556859136569283, "Hold": 0.0}, "Hold": {"Note": 0.10701633310328962, "Rest": 0.05029777880019426, "Hold": 0.264253763770672}}}