{"Hold": {"Hold": {"Hold": 0.2659032176336458, "Note": 0.10693184697238409, "Rest": 0.05061059032176336}, "Note": {"Hold": 0.18653154294400812, "Note": 0.0029896123638206234, "Rest": 0.00014187990879148722}, "Rest": {"Hold": 0.0, "Note": 0.05818596402330884, "Rest": 0.0017177603242969344}}, "Note": {"Hold": {"Hold": 0.15754243729414746, "Note": 0.08273118824423613, "Rest": 0.01306815302761591}, "Note": {"Hold": 0.0027007854066379527, "Note": 0.002645046871041297, "Rest": 0.0004003040283759818}, "Rest": {"Hold": 0.0, "Note": 0.000542183937167469, "Rest": 0.0}}, "Rest": {"Hold": {"Hold": 0.0, "Note": 0.0, "Rest": 0.0}, "Note": {"Hold": 0.06034456549277933, "Note": 0.00011147707119331138, "Rest": 0.0}, "Rest": {"Hold": 0.0, "Note": 0.0017278946034963263, "Rest": 0.005173549531289587}}}