{"Note": {"Note": 0.007788150960503202, "Rest": 0.0008287527625092083, "Hold": 0.22535700119000396}, "Rest": {"Note": 0.059546240154133845, "Rest": 0.06724584915283051, "Hold": 0.0}, "Hold": {"Note": 0.1634626282087607, "Rest": 0.06189437298124327, "Hold": 0.4138770045900153}}