{"Note": {"Note": 0.7956671590349581, "Rest": 0.017933568155133885, "Hold": 0.18639927280990798}, "Rest": {"Note": 0.029739520441607728, "Rest": 0.9086079006382611, "Hold": 0.0616525789201311}, "Hold": {"Note": 0.054063902146266184, "Rest": 0.021169729358978023, "Hold": 0.9247663684947558}}