{"Note": {"Note": 0.00672757644278759, "Rest": 0.0005805781335940843, "Hold": 0.2525769520666544}, "Rest": {"Note": 0.06015095031473446, "Rest": 0.007410010389292917, "Hold": 0.0}, "Hold": {"Note": 0.18934995620200046, "Rest": 0.063226995864654, "Hold": 0.4199769805862821}}