{"Hold": {"Hold": {"Hold": {"Hold": 0.11668938934895308, "Note": 0.10014601427321079, "Rest": 0.05102504544536457}, "Note": {"Hold": 0.09960109068874974, "Note": 0.0007868780717700128, "Rest": 9.467784286002827e-05}, "Rest": {"Hold": 0.0, "Note": 0.044769995960412035, "Rest": 0.0027856325321483875}}, "Note": {"Hold": {"Hold": 0.09982410960748671, "Note": 0.06048230997104962, "Rest": 0.011752676227024843}, "Note": {"Hold": 0.00023774658318184878, "Note": 0.0024658318184878477, "Rest": 0.0004733892143001414}, "Rest": {"Hold": 0.0, "Note": 9.467784286002827e-05, "Rest": 0.0}}, "Rest": {"Hold": {"Hold": 0.0, "Note": 0.0, "Rest": 0.0}, "Note": {"Hold": 0.05642378644044974, "Note": 0.00016410826095738235, "Rest": 0.0}, "Rest": {"Hold": 0.0, "Note": 7.153437016091025e-05, "Rest": 0.002754073251195045}}}, "Note": {"Hold": {"Hold": {"Hold": 0.15117105971857536, "Note": 0.00033663233016898944, "Rest": 0.0}, "Note": {"Hold": 0.07245800511681141, "Note": 0.002390089544199825, "Rest": 0.0}, "Rest": {"Hold": 0.0, "Note": 0.011817898740995085, "Rest": 3.99750892075675e-05}}, "Note": {"Hold": {"Hold": 0.0018367501514845485, "Note": 0.0009678179492358446, "Rest": 8.626203460580354e-05}, "Note": {"Hold": 0.002653083552144348, "Note": 0.0010793274086043224, "Rest": 0.00014517269238537668}, "Rest": {"Hold": 0.0, "Note": 0.0006374974752575238, "Rest": 0.0}}, "Rest": {"Hold": {"Hold": 0.0, "Note": 0.0, "Rest": 0.0}, "Note": {"Hold": 0.0007111357974819902, "Note": 2.103952063556184e-05, "Rest": 0.0}, "Rest": {"Hold": 0.0, "Note": 0.0, "Rest": 0.0}}}, "Rest": {"Hold": {"Hold": {"Hold": 0.0, "Note": 0.0, "Rest": 0.0}, "Note": {"Hold": 0.0, "Note": 0.0, "Rest": 0.0}, "Rest": {"Hold": 0.0, "Note": 0.0, "Rest": 0.0}}, "Note": {"Hold": {"Hold": 0.04704226418905272, "Note": 0.012804652258802935, "Rest": 2.5247424762674206e-05}, "Note": {"Hold": 0.0, "Note": 0.00033242442604187707, "Rest": 1.8935568572005657e-05}, "Rest": {"Hold": 0.0, "Note": 0.0, "Rest": 0.0}}, "Rest": {"Hold": {"Hold": 0.0, "Note": 0.0, "Rest": 0.0}, "Note": {"Hold": 0.0027372416346865954, "Note": 0.00016621221302093854, "Rest": 0.0}, "Rest": {"Hold": 0.0, "Note": 0.002823503669292399, "Rest": 0.03705480374335151}}}}