{"Note": {"Note": 0.7933423708389817, "Rest": 0.010468444042777527, "Hold": 0.1961891851182407}, "Rest": {"Note": 0.02289902114926206, "Rest": 0.9298067657351524, "Hold": 0.047294213115585536}, "Hold": {"Note": 0.056639069708651964, "Rest": 0.012707240514862331, "Hold": 0.9306536897764857}}