{"Note": {"Note": {"Note": 0.0043747578957094675, "Rest": 0.0007640722563586803, "Hold": 0.002676029809479471}, "Rest": {"Note": 0.0008315949208740986, "Rest": 0.0, "Hold": 0.0}, "Hold": {"Note": 0.06869187275886945, "Rest": 0.010885364284775061, "Hold": 0.1465526125940431}}, "Rest": {"Note": {"Note": 0.00046910482715974795, "Rest": 0.0, "Hold": 0.059281345620089056}, "Rest": {"Note": 0.0036071318149026076, "Rest": 0.06375205677589939, "Hold": 0.0}, "Hold": {"Note": 0.0, "Rest": 0.0, "Hold": 0.0}}, "Hold": {"Note": {"Note": 0.002970997238678404, "Rest": 6.752266451541827e-05, "Hold": 0.1609846936781017}, "Rest": {"Note": 0.055311723711472104, "Rest": 0.0034827479592163106, "Hold": 0.0}, "Hold": {"Note": 0.09533134082242606, "Rest": 0.051221271771617026, "Hold": 0.2687437585958129}}}