{"Note": 0.25890805035084247, "Rest": 0.07106653069300903, "Hold": 0.6700254189561485}