{"Hold": {"Hold": 0.41637908704262305, "Note": 0.1740810682085948, "Rest": 0.062440986989981365}, "Note": {"Hold": 0.23652205519857616, "Note": 0.0073531254961270755, "Rest": 0.0007269567251852904}, "Rest": {"Hold": 0.0, "Note": 0.05979427960259699, "Rest": 0.042702440736315246}}