{"Note": {"Note": 0.7902840059790732, "Rest": 0.0006477329347284504, "Hold": 0.2090682610861983}, "Rest": {"Note": 0.003923820461288162, "Rest": 0.9886113503684563, "Hold": 0.007464829170255527}, "Hold": {"Note": 0.060340312792023086, "Rest": 0.0005442540125897249, "Hold": 0.9391154331953872}}