{"Note": {"Note": {"Note": {"Note": 0.0016760453887355487, "Rest": 0.0002424916732638666, "Hold": 0.0024712754348802874}, "Rest": {"Note": 0.0007667016139960488, "Rest": 0.0, "Hold": 0.0}, "Hold": {"Note": 0.0008915135046465684, "Rest": 7.845318840889802e-05, "Hold": 0.0017152719829399976}}, "Rest": {"Note": {"Note": 3.566054018586274e-05, "Rest": 0.0, "Hold": 0.0007987961001633253}, "Rest": {"Note": 0.0, "Rest": 0.0, "Hold": 0.0}, "Hold": {"Note": 0.0, "Rest": 0.0, "Hold": 0.0}}, "Hold": {"Note": {"Note": 0.0022073874375049033, "Rest": 0.0, "Hold": 0.06672087068774918}, "Rest": {"Note": 0.010876464756688135, "Rest": 4.279264822303528e-05, "Hold": 0.0}, "Hold": {"Note": 0.0002817182674683156, "Rest": 0.0, "Hold": 0.14677521735099244}}}, "Rest": {"Note": {"Note": {"Note": 0.00043862464428611164, "Rest": 3.209448616727646e-05, "Hold": 0.0}, "Rest": {"Note": 0.0, "Rest": 0.0, "Hold": 0.0}, "Hold": {"Note": 0.011860695665817945, "Rest": 2.4962378130103915e-05, "Hold": 0.04759968904008958}}, "Rest": {"Note": {"Note": 0.0002817182674683156, "Rest": 0.0, "Hold": 0.003337826561396752}, "Rest": {"Note": 0.003523261370363238, "Rest": 0.060330501886442574, "Hold": 0.0}, "Hold": {"Note": 0.0, "Rest": 0.0, "Hold": 0.0}}, "Hold": {"Note": {"Note": 0.0, "Rest": 0.0, "Hold": 0.0}, "Rest": {"Note": 0.0, "Rest": 0.0, "Hold": 0.0}, "Hold": {"Note": 0.0, "Rest": 0.0, "Hold": 0.0}}}, "Hold": {"Note": {"Note": {"Note": 0.0022751424638580427, "Rest": 0.0004921154545649058, "Hold": 0.00021396324111517642}, "Rest": {"Note": 6.77550263531392e-05, "Rest": 0.0, "Hold": 0.0}, "Hold": {"Note": 0.055708895878354765, "Rest": 0.010819407892390755, "Hold": 0.09501037721719409}}, "Rest": {"Note": {"Note": 0.00015334032279920977, "Rest": 0.0, "Hold": 0.055348724422477555}, "Rest": {"Note": 9.271740448324311e-05, "Rest": 0.003402015533731305, "Hold": 0.0}, "Hold": {"Note": 0.0, "Rest": 0.0, "Hold": 0.0}}, "Hold": {"Note": {"Note": 0.0007738337220332213, "Rest": 6.77550263531392e-05, "Hold": 0.09481781030019043}, "Rest": {"Note": 0.04462559998858863, "Rest": 0.0034519402899915127, "Hold": 0.0}, "Hold": {"Note": 0.09537768078110848, "Rest": 0.05139753656988396, "Hold": 0.12289335358852016}}}}