{"Hold": {"Hold": 0.9306536897764857, "Note": 0.056639069708651964, "Rest": 0.012707240514862331}, "Note": {"Hold": 0.1961891851182407, "Note": 0.7933423708389817, "Rest": 0.010468444042777527}, "Rest": {"Hold": 0.047294213115585536, "Note": 0.02289902114926206, "Rest": 0.9298067657351524}}