{"Hold": 0.6505826224881041, "Note": 0.24373352983052118, "Rest": 0.10568384768137482}