{"Note": {"Note": {"Note": 0.003863715456119681, "Rest": 0.0006352174624005769, "Hold": 0.002880491067123408}, "Rest": {"Note": 0.0007295566894897715, "Rest": 0.0, "Hold": 0.0}, "Hold": {"Note": 0.07458040008217995, "Rest": 0.011821753367910408, "Hold": 0.15096582404266648}}, "Rest": {"Note": {"Note": 0.0003501033538643444, "Rest": 0.0, "Hold": 0.05965803078393801}, "Rest": {"Note": 0.002893069630735301, "Rest": 0.0398488895224758, "Hold": 0.0}, "Hold": {"Note": 0.0, "Rest": 0.0, "Hold": 0.0}}, "Hold": {"Note": {"Note": 0.0031656051756596406, "Rest": 9.43392270891946e-05, "Hold": 0.17144372560282767}, "Rest": {"Note": 0.056385507817577285, "Rest": 0.0028155018217952965, "Hold": 0.0}, "Hold": {"Note": 0.10012326992339655, "Rest": 0.05084255411926994, "Hold": 0.2669024448534807}}}