{"Hold": {"Hold": {"Hold": 0.2676075980146754, "Note": 0.09531846723785276, "Rest": 0.05100625062577775}, "Note": {"Hold": 0.160796275370818, "Note": 0.003289803040922289, "Rest": 6.0789838799651e-05}, "Rest": {"Hold": 0.0, "Note": 0.05511492855406005, "Rest": 0.0035901763620499764}}, "Note": {"Hold": {"Hold": 0.14632471786363052, "Note": 0.0688284010126872, "Rest": 0.01094217098393718}, "Note": {"Hold": 0.0030073090841474404, "Note": 0.0047237280620199395, "Rest": 0.0008009955230071661}, "Rest": {"Hold": 0.0, "Note": 0.000861785361806817, "Rest": 0.0}}, "Rest": {"Hold": {"Hold": 0.0, "Note": 0.0, "Rest": 0.0}, "Note": {"Hold": 0.05917354426215439, "Note": 0.0005185015662323173, "Rest": 0.0}, "Rest": {"Hold": 0.0, "Note": 0.0037153319125198462, "Rest": 0.06431922532290132}}}