{"-iii": {"-iii": 0.0, "vi": 0.0, "vii": 0.0, "-I": 0.0, "iv": 0.0, "ii": 0.0, "-III": 0.0, "#ii": 0.0, "#iv": 0.0, "#vi": 0.0, "-vi": 0.0, "III": 0.0, "-II": 0.0, "#i": 0.0, "-vii": 0.0, "I": 0.0, "VI": 0.0, "IV": 0.0, "II": 0.0, "#iii": 0.0, "V": 0.0, "iii": 0.0, "#v": 0.0, "-ii": 0.0, "-VII": 2.3186792802819512e-05, "-VI": 0.0, "i": 0.0, "VII": 0.0, "#vii": 0.0, "v": 0.0}, "vi": {"-iii": 0.0, "vi": 0.014004822852902986, "vii": 0.0038490076052680395, "-I": 0.0, "iv": 0.00044054906325357077, "ii": 0.006469115191986645, "-III": 0.0, "#ii": 0.0001391207568169171, "#iv": 0.0027360415507327028, "#vi": 0.0, "-vi": 0.0, "III": 0.0018781302170283807, "-ii": 0.0, "#i": 0.00011593396401409757, "-vii": 2.3186792802819512e-05, "I": 0.005356149137451307, "VI": 0.00025505472083101467, "IV": 0.005379335930254127, "II": 0.005680764236690781, "#iii": 0.0, "V": 0.006654609534409201, "iii": 0.0023650528658875902, "#v": 0.0004637358560563903, "-II": 0.0, "-VII": 0.0004637358560563903, "-VI": 0.0, "i": 0.0006724169912817659, "VII": 0.00011593396401409757, "#vii": 0.0, "v": 0.0007419773696902244}, "vii": {"-iii": 0.0, "vi": 0.0020636245594509365, "vii": 0.0021331849378593954, "-I": 0.0, "iv": 0.0006028566128733074, "ii": 0.0021099981450565758, "-III": 0.0, "#ii": 0.0, "#iv": 6.956037840845854e-05, "#vi": 0.0, "-vi": 0.0, "III": 0.000857911333704322, "-ii": 0.0, "#i": 0.0001623075496197366, "-vii": 0.0, "I": 0.011500649230198478, "VI": 0.0001391207568169171, "IV": 0.0004637358560563903, "II": 0.000811537748098683, "#iii": 0.0, "V": 0.001762196253014283, "iii": 0.0014143943609719904, "#v": 0.00023186792802819514, "-II": 0.0, "-VII": 0.0, "-VI": 0.0, "i": 0.0001391207568169171, "VII": 0.0, "#vii": 0.0, "v": 0.0}, "-I": {"-iii": 0.0, "vi": 0.0, "vii": 0.0, "-I": 0.0, "iv": 0.0, "ii": 0.0, "-III": 0.0, "#ii": 0.0, "#iv": 0.0, "#vi": 0.0, "-vi": 0.0, "III": 0.0, "-II": 0.0, "#i": 0.0, "-vii": 0.0, "I": 0.0, "VI": 0.0, "IV": 0.0, "II": 0.0, "#iii": 2.3186792802819512e-05, "V": 0.0, "iii": 0.0, "#v": 0.0, "-ii": 0.0, "-VII": 0.0, "-VI": 0.0, "i": 0.0, "VII": 0.0, "#vii": 0.0, "v": 0.0}, "iv": {"-iii": 0.0, "vi": 0.0001391207568169171, "vii": 0.0001854943424225561, "-I": 0.0, "iv": 0.009251530328324986, "ii": 0.005008347245409015, "-III": 0.0, "#ii": 0.0, "#iv": 0.0001854943424225561, "#vi": 4.6373585605639025e-05, "-vi": 9.274717121127805e-05, "III": 0.002805601929141161, "-ii": 0.0, "#i": 2.3186792802819512e-05, "-vii": 0.0004869226488592098, "I": 0.004428677425338527, "VI": 2.3186792802819512e-05, "IV": 0.0008810981265071415, "II": 9.274717121127805e-05, "#iii": 0.0003014283064366537, "V": 0.007211092561676869, "iii": 0.0005564830272676684, "#v": 0.0, "-II": 0.00011593396401409757, "-VII": 0.004521424596549806, "-VI": 0.0014143943609719904, "i": 0.0056575774438879615, "VII": 0.0, "#vii": 0.0013216471897607124, "v": 0.0027592283435355224}, "ii": {"-iii": 0.0, "vi": 0.002272305694676312, "vii": 0.005773511407902059, "-I": 0.0, "iv": 0.0036867000556483026, "ii": 0.013193285104804303, "-III": 4.6373585605639025e-05, "#ii": 4.6373585605639025e-05, "#iv": 0.0002782415136338342, "#vi": 0.00020868113522537563, "-vi": 9.274717121127805e-05, "III": 0.00714153218326841, "-ii": 0.0, "#i": 0.0003709886848451122, "-vii": 6.956037840845854e-05, "I": 0.010132628454832128, "VI": 0.0020404377666481174, "IV": 0.002898349100352439, "II": 0.0005101094416620293, "#iii": 0.00023186792802819514, "V": 0.017529215358931552, "iii": 0.005588017065479503, "#v": 0.0005796698200704879, "-II": 0.0, "-VII": 0.0014375811537748098, "-VI": 0.0006260434056761269, "i": 0.006631422741606381, "VII": 4.6373585605639025e-05, "#vii": 0.002249118901873493, "v": 0.0020172509738452978}, "-III": {"-iii": 0.0, "vi": 0.00020868113522537563, "vii": 0.0, "-I": 0.0, "iv": 0.0, "ii": 0.0, "-III": 0.0, "#ii": 0.0, "#iv": 0.0, "#vi": 0.0, "-vi": 0.0, "III": 0.0, "-ii": 0.0, "#i": 0.0, "-vii": 0.0, "I": 0.0, "VI": 0.0, "IV": 0.0, "II": 2.3186792802819512e-05, "#iii": 0.0, "V": 0.0, "iii": 2.3186792802819512e-05, "#v": 0.0, "-II": 0.0, "-VII": 2.3186792802819512e-05, "-VI": 0.0, "i": 0.0, "VII": 0.0, "#vii": 0.0, "v": 9.274717121127805e-05}, "#ii": {"-iii": 0.0, "vi": 6.956037840845854e-05, "vii": 0.0, "-I": 0.0, "iv": 0.0, "ii": 0.0, "-III": 0.0, "-vi": 0.0, "#ii": 9.274717121127805e-05, "#iv": 0.0, "#vi": 0.0, "-VI": 0.0, "III": 4.6373585605639025e-05, "-ii": 0.0, "#i": 0.0, "-vii": 0.0, "I": 0.0, "VI": 2.3186792802819512e-05, "IV": 0.0, "II": 0.0, "#iii": 0.0, "V": 0.0, "iii": 0.00025505472083101467, "#v": 0.0, "-II": 0.0, "-VII": 0.0, "i": 0.0, "VII": 0.00011593396401409757, "#vii": 0.0, "v": 0.0}, "#iv": {"-iii": 0.0, "vi": 0.0005101094416620293, "vii": 0.0001391207568169171, "-I": 0.0, "iv": 0.0, "ii": 6.956037840845854e-05, "-III": 2.3186792802819512e-05, "#ii": 0.0, "#iv": 0.0006260434056761269, "#vi": 0.0001391207568169171, "-vi": 2.3186792802819512e-05, "III": 0.0003709886848451122, "-ii": 0.0, "#i": 4.6373585605639025e-05, "-vii": 0.0, "I": 0.0002782415136338342, "VI": 0.0001391207568169171, "IV": 2.3186792802819512e-05, "II": 0.0011129660545353367, "#iii": 0.0, "V": 0.005425709515859766, "iii": 0.00039417547764793176, "#v": 4.6373585605639025e-05, "-II": 0.0, "-VII": 2.3186792802819512e-05, "-VI": 2.3186792802819512e-05, "i": 0.0006492301984789464, "VII": 0.0001854943424225561, "#vii": 0.0, "v": 0.001762196253014283}, "#vi": {"-iii": 0.0, "vi": 0.0, "vii": 0.0, "-I": 0.0, "iv": 0.0, "ii": 0.0003478018920422927, "-III": 0.0, "#ii": 0.0, "#iv": 0.0006492301984789464, "#vi": 0.0005101094416620293, "-vi": 0.0, "III": 0.00020868113522537563, "-ii": 0.0, "#i": 2.3186792802819512e-05, "-vii": 6.956037840845854e-05, "I": 6.956037840845854e-05, "VI": 2.3186792802819512e-05, "IV": 0.00023186792802819514, "II": 0.0013680207753663514, "#iii": 0.0, "V": 0.0011593396401409757, "iii": 0.0001623075496197366, "#v": 0.0, "-II": 0.0, "-VII": 0.0028751623075496196, "-VI": 0.0, "i": 0.00025505472083101467, "VII": 0.0, "#vii": 0.0009738452977184196, "v": 0.0007187905768874049}, "-vi": {"-iii": 0.0, "vi": 0.0, "vii": 2.3186792802819512e-05, "-I": 0.0, "iv": 0.0001854943424225561, "ii": 6.956037840845854e-05, "-III": 0.0, "#ii": 0.0, "#iv": 0.0, "#vi": 0.0, "-vi": 2.3186792802819512e-05, "III": 0.0006956037840845854, "-ii": 0.0, "#i": 0.0, "-vii": 2.3186792802819512e-05, "I": 0.0, "VI": 0.0, "IV": 0.0, "II": 0.0, "#iii": 2.3186792802819512e-05, "V": 0.0, "iii": 9.274717121127805e-05, "#v": 0.0, "-II": 0.0, "-VII": 0.00041736227045075126, "-VI": 0.0, "i": 4.6373585605639025e-05, "VII": 0.0, "#vii": 0.0, "v": 2.3186792802819512e-05}, "III": {"-iii": 0.0, "vi": 0.005750324615099239, "vii": 6.956037840845854e-05, "-I": 0.0, "iv": 0.007257466147282508, "ii": 0.0013680207753663514, "-III": 0.0, "#ii": 4.6373585605639025e-05, "#iv": 0.0002782415136338342, "#vi": 0.002272305694676312, "-vi": 0.0006028566128733074, "III": 0.01660174364681877, "-ii": 4.6373585605639025e-05, "#i": 0.0, "-vii": 0.0005564830272676684, "I": 0.0005564830272676684, "VI": 0.00011593396401409757, "IV": 0.0035012057132257465, "II": 0.0001854943424225561, "#iii": 4.6373585605639025e-05, "V": 0.0020172509738452978, "iii": 0.002202745316267854, "#v": 0.00020868113522537563, "-II": 2.3186792802819512e-05, "-VII": 0.003709886848451122, "-VI": 0.0052865887590428495, "i": 0.005889445371916157, "VII": 0.0, "#vii": 0.0006492301984789464, "v": 0.0025041736227045075}, "-ii": {"-iii": 0.0, "vi": 0.0, "vii": 0.0, "-I": 0.0, "iv": 0.0, "ii": 0.0, "-III": 0.0, "#ii": 0.0, "#iv": 0.0, "#vi": 0.0, "-vi": 2.3186792802819512e-05, "III": 0.0, "-II": 0.0, "#i": 0.0, "-vii": 0.0, "I": 0.0, "VI": 0.0, "IV": 0.0, "II": 0.0, "#iii": 0.0, "V": 0.0, "iii": 0.0, "#v": 0.0, "-ii": 0.0, "-VII": 0.0, "-VI": 2.3186792802819512e-05, "i": 0.0, "VII": 0.0, "#vii": 0.0, "v": 0.0}, "#i": {"-iii": 0.0, "vi": 0.0, "vii": 0.0, "-I": 0.0, "iv": 2.3186792802819512e-05, "ii": 0.0019013170098312001, "-III": 0.0, "-vi": 0.0, "#ii": 0.0, "#iv": 0.0, "#vi": 0.0, "-VI": 0.0, "III": 0.0, "-ii": 0.0,