{"-iii": {"-iii": 0.0, "vi": 0.0, "vii": 0.0, "-I": 0.0, "iv": 0.0, "ii": 0.0, "-III": 0.0, "#ii": 0.0, "#iv": 0.0, "#vi": 0.0, "-vi": 0.0, "III": 0.0, "-II": 0.0, "#i": 0.0, "-vii": 0.0, "I": 0.0, "VI": 0.0, "IV": 0.0, "II": 0.0, "#iii": 0.0, "V": 0.0, "iii": 0.0, "#v": 0.0, "-ii": 0.0, "-VII": 2.34181068802398e-05, "-VI": 0.0, "i": 0.0, "VII": 0.0, "#vii": 0.0, "v": 0.0}, "vi": {"-iii": 0.0, "vi": 0.01414453655566484, "vii": 0.003887405742119807, "-I": 0.0, "iv": 0.0004449440307245562, "ii": 0.006533651819586905, "-III": 0.0, "#ii": 0.0001405086412814388, "#iv": 0.0027633366118682964, "#vi": 0.0, "-vi": 0.0, "III": 0.001896866657299424, "-ii": 0.0, "#i": 0.00011709053440119901, "-vii": 2.34181068802398e-05, "I": 0.005409582689335394, "VI": 0.00025759917568263783, "IV": 0.005433000796215634, "II": 0.005737436185658752, "#iii": 0.0, "V": 0.006720996674628823, "iii": 0.00238864690178446, "#v": 0.00046836213760479605, "-II": 0.0, "-VII": 0.00046836213760479605, "-VI": 0.0, "i": 0.0006791250995269542, "VII": 0.00011709053440119901, "#vii": 0.0, "v": 0.0007493794201676737}, "vii": {"-iii": 0.0, "vi": 0.0020842115123413424, "vii": 0.0021544658329820617, "-I": 0.0, "iv": 0.0006088707788862349, "ii": 0.002131047726101822, "-III": 0.0, "#ii": 0.0, "#iv": 7.02543206407194e-05, "#vi": 0.0, "-vi": 0.0, "III": 0.0008664699545688727, "-ii": 0.0, "#i": 0.0001639267481616786, "-vii": 0.0, "I": 0.011615381012598942, "VI": 0.0001405086412814388, "IV": 0.00046836213760479605, "II": 0.0008196337408083931, "#iii": 0.0, "V": 0.0017797761228982249, "iii": 0.001428504519694628, "#v": 0.00023418106880239802, "-II": 0.0, "-VII": 0.0, "-VI": 0.0, "i": 0.0001405086412814388, "VII": 0.0, "#vii": 0.0, "v": 0.0}, "-I": {"-iii": 0.0, "vi": 0.0, "vii": 0.0, "-I": 0.0, "iv": 0.0, "ii": 0.0, "-III": 0.0, "#ii": 0.0, "#iv": 0.0, "#vi": 0.0, "-vi": 0.0, "III": 0.0, "-II": 0.0, "#i": 0.0, "-vii": 0.0, "I": 0.0, "VI": 0.0, "IV": 0.0, "II": 0.0, "#iii": 2.34181068802398e-05, "V": 0.0, "iii": 0.0, "#v": 0.0, "-ii": 0.0, "-VII": 0.0, "-VI": 0.0, "i": 0.0, "VII": 0.0, "#vii": 0.0, "v": 0.0}, "iv": {"-iii": 0.0, "vi": 0.0001405086412814388, "vii": 0.0001873448550419184, "-I": 0.0, "iv": 0.00934382464521568, "ii": 0.005058311086131797, "-III": 0.0, "#ii": 0.0, "#iv": 0.0001873448550419184, "#vi": 4.68362137604796e-05, "-vi": 9.36724275209592e-05, "III": 0.002833590932509016, "-ii": 0.0, "#i": 2.34181068802398e-05, "-vii": 0.0004917802444850359, "I": 0.004472858414125802, "VI": 2.34181068802398e-05, "IV": 0.0008898880614491124, "II": 9.36724275209592e-05, "#iii": 0.00030443538944311744, "V": 0.007283031239754578, "iii": 0.0005620345651257552, "#v": 0.0, "-II": 0.00011709053440119901, "-VII": 0.004566530841646761, "-VI": 0.001428504519694628, "i": 0.005714018078778512, "VII": 0.0, "#vii": 0.0013348320921736686, "v": 0.002786754718748536}, "ii": {"-iii": 0.0, "vi": 0.0022949744742635004, "vii": 0.005831108613179711, "-I": 0.0, "iv": 0.0037234789939581286, "ii": 0.013324902814856448, "-III": 4.68362137604796e-05, "#ii": 4.68362137604796e-05, "#iv": 0.0002810172825628776, "#vi": 0.00021076296192215822, "-vi": 9.36724275209592e-05, "III": 0.0072127769191138585, "-ii": 0.0, "#i": 0.0003746897100838368, "-vii": 7.02543206407194e-05, "I": 0.010233712706664793, "VI": 0.0020607934054611026, "IV": 0.0029272633600299753, "II": 0.0005151983513652757, "#iii": 0.00023418106880239802, "V": 0.01770408880146129, "iii": 0.0056437637581377926, "#v": 0.000585452672005995, "-II": 0.0, "-VII": 0.0014519226265748677, "-VI": 0.0006322888857664747, "i": 0.006697578567748583, "VII": 4.68362137604796e-05, "#vii": 0.0022715563673832606, "v": 0.002037375298580863}, "-III": {"-iii": 0.0, "vi": 0.00021076296192215822, "vii": 0.0, "-I": 0.0, "iv": 0.0, "ii": 0.0, "-III": 0.0, "#ii": 0.0, "#iv": 0.0, "#vi": 0.0, "-vi": 0.0, "III": 0.0, "-ii": 0.0, "#i": 0.0, "-vii": 0.0, "I": 0.0, "VI": 0.0, "IV": 0.0, "II": 2.34181068802398e-05, "#iii": 0.0, "V": 0.0, "iii": 2.34181068802398e-05, "#v": 0.0, "-II": 0.0, "-VII": 2.34181068802398e-05, "-VI": 0.0, "i": 0.0, "VII": 0.0, "#vii": 0.0, "v": 9.36724275209592e-05}, "#ii": {"-iii": 0.0, "vi": 7.02543206407194e-05, "vii": 0.0, "-I": 0.0, "iv": 0.0, "ii": 0.0, "-III": 0.0, "-vi": 0.0, "#ii": 9.36724275209592e-05, "#iv": 0.0, "#vi": 0.0, "-VI": 0.0, "III": 4.68362137604796e-05, "-ii": 0.0, "#i": 0.0, "-vii": 0.0, "I": 0.0, "VI": 2.34181068802398e-05, "IV": 0.0, "II": 0.0, "#iii": 0.0, "V": 0.0, "iii": 0.00025759917568263783, "#v": 0.0, "-II": 0.0, "-VII": 0.0, "i": 0.0, "VII": 0.00011709053440119901, "#vii": 0.0, "v": 0.0}, "#iv": {"-iii": 0.0, "vi": 0.0005151983513652757, "vii": 0.0001405086412814388, "-I": 0.0, "iv": 0.0, "ii": 7.02543206407194e-05, "-III": 2.34181068802398e-05, "#ii": 0.0, "#iv": 0.0006322888857664747, "#vi": 0.0001405086412814388, "-vi": 2.34181068802398e-05, "III": 0.0003746897100838368, "-ii": 0.0, "#i": 4.68362137604796e-05, "-vii": 0.0, "I": 0.0002810172825628776, "VI": 0.0001405086412814388, "IV": 2.34181068802398e-05, "II": 0.0011240691302515104, "#iii": 0.0, "V": 0.005479837009976113, "iii": 0.0003981078169640766, "#v": 4.68362137604796e-05, "-II": 0.0, "-VII": 2.34181068802398e-05, "-VI": 2.34181068802398e-05, "i": 0.0006557069926467144, "VII": 0.0001873448550419184, "#vii": 0.0, "v": 0.0017797761228982249}, "#vi": {"-iii": 0.0, "vi": 0.0, "vii": 0.0, "-I": 0.0, "iv": 0.0, "ii": 0.000351271603203597, "-III": 0.0, "#ii": 0.0, "#iv": 0.0006557069926467144, "#vi": 0.0005151983513652757, "-vi": 0.0, "III": 0.00021076296192215822, "-ii": 0.0, "#i": 2.34181068802398e-05, "-vii": 7.02543206407194e-05, "I": 7.02543206407194e-05, "VI": 2.34181068802398e-05, "IV": 0.00023418106880239802, "II": 0.0013816683059341482, "#iii": 0.0, "V": 0.00117090534401199, "iii": 0.0001639267481616786, "#v": 0.0, "-II": 0.0, "-VII": 0.0029038452531497355, "-VI": 0.0, "i": 0.00025759917568263783, "VII": 0.0, "#vii": 0.0009835604889700718, "v": 0.0007259613132874339}, "-vi": {"-iii": 0.0, "vi": 0.0, "vii": 2.34181068802398e-05, "-I": 0.0, "iv": 0.0001873448550419184, "ii": 7.02543206407194e-05, "-III": 0.0, "#ii": 0.0, "#iv": 0.0, "#vi": 0.0, "-vi": 2.34181068802398e-05, "III": 0.000702543206407194, "-ii": 0.0, "#i": 0.0, "-vii": 2.34181068802398e-05, "I": 0.0, "VI": 0.0, "IV": 0.0, "II": 0.0, "#iii": 2.34181068802398e-05, "V": 0.0, "iii": 9.36724275209592e-05, "#v": 0.0, "-II": 0.0, "-VII": 0.00042152592384431644, "-VI": 0.0, "i": 4.68362137604796e-05, "VII": 0.0, "#vii": 0.0, "v": 2.34181068802398e-05}, "III": {"-iii": 0.0, "vi": 0.005807690506299471, "vii": 7.02543206407194e-05, "-I": 0.0, "iv": 0.007329867453515057, "ii": 0.0013816683059341482, "-III": 0.0, "#ii": 4.68362137604796e-05, "#iv": 0.0002810172825628776, "#vi": 0.0022949744742635004, "-vi": 0.0006088707788862349, "III": 0.0167673645262517, "-ii": 4.68362137604796e-05, "#i": 0.0, "-vii": 0.0005620345651257552, "I": 0.0005620345651257552, "VI": 0.00011709053440119901, "IV": 0.00353613413891621, "II": 0.0001873448550419184, "#iii": 4.68362137604796e-05, "V": 0.002037375298580863, "iii": 0.002224720153622781, "#v": 0.00021076296192215822, "-II": 2.34181068802398e-05, "-VII": 0.0037468971008383684, "-VI": 0.005339328368694675, "i": 0.00594819914758091, "VII": 0.0, "#vii": 0.0006557069926467144, "v": 0.0025291555430658986}, "-ii": {"-iii": 0.0, "vi": 0.0, "vii": 0.0, "-I": 0.0, "iv": 0.0, "ii": 0.0, "-III": 0.0, "#ii": 0.0, "#iv": 0.0, "#vi": 0.0, "-vi": 2.34181068802398e-05, "III": 0.0, "-II": 0.0, "#i": 0.0, "-vii": 0.0, "I": 0.0, "VI": 0.0, "IV": 0.0, "II": 0.0, "#iii": 0.0, "V": 0.0, "iii": 0.0, "#v": 0.0, "-ii": 0.0, "-VII": 0.0, "-VI": 2.34181068802398e-05, "i": 0.0, "VII": 0.0, "#vii": 0.0, "v": 0.0}, "#i": {"-iii": 0.0, "vi": 0.0, "vii": 0.0, "-I": 0.0, "iv": 2.34181068802398e-05, "ii": 0.0019202847641796637, "-III": 0.0, "-vi": 0.0, "#ii": 0.0, "#iv": 0.0, "#vi": 0.0, "-VI": 0.0, "III": 0.0, "-ii": 0.0, "#i": 0.00021076296192215822, "-vii": 0.0, "I": 0.0, "VI": 0.000351271603203597, "IV": 0.0001405086412814388,