{"-VI": {"B": 0.0013171759747102212, "D": 0.012118018967334035, "G#": 0.3053213909378293, "C": 0.34562697576396206, "F#": 0.0013171759747102212, "E": 0.006059009483667018, "C#": 0.001053740779768177, "D#": 0.24077976817702845, "A": 0.0, "F": 0.0, "A#": 0.01738672286617492, "G": 0.0690200210748156}, "i": {"B": 0.003526448362720403, "D": 0.042065491183879096, "G#": 0.0, "C": 0.3687657430730479, "F#": 0.0001889168765743073, "E": 0.0, "C#": 0.00012594458438287153, "D#": 0.26788413098236774, "A": 0.0, "F": 0.011335012594458438, "A#": 0.029219143576826197, "G": 0.2768891687657431}, "VI": {"B": 0.0, "D": 0.0, "G#": 0.0, "C": 0.0, "F#": 0.0, "E": 0.16666666666666666, "C#": 0.25, "D#": 0.0, "A": 0.375, "F": 0.0, "A#": 0.0, "G": 0.20833333333333334}, "#iii": {"B": 0.005089058524173028, "D": 0.04071246819338423, "G#": 0.007633587786259542, "C": 0.0, "F#": 0.0, "E": 0.2544529262086514, "C#": 0.089058524173028, "D#": 0.0, "A": 0.002544529262086514, "F": 0.01272264631043257, "A#": 0.24427480916030533, "G": 0.3435114503816794}, "II": {"B": 0.0, "D": 0.3660270078180526, "G#": 0.0021321961620469083, "C": 0.13717128642501777, "F#": 0.25302061122956643, "E": 0.0, "C#": 0.0, "D#": 0.0007107320540156361, "A": 0.23880597014925373, "F": 0.0, "A#": 0.0, "G": 0.0021321961620469083}, "-vii": {"B": 0.0, "D": 0.0, "G#": 0.044989775051124746, "C": 0.1411042944785276, "F#": 0.0, "E": 0.0, "C#": 0.08997955010224949, "D#": 0.010224948875255624, "A": 0.0081799591002045, "F": 0.3783231083844581, "A#": 0.32719836400818, "G": 0.0}, "iii": {"B": 0.0030911901081916537, "D": 0.02472952086553323, "G#": 0.0030911901081916537, "C": 0.0, "F#": 0.00463678516228748, "E": 0.0, "C#": 0.0015455950540958269, "D#": 0.31375579598145287, "A": 0.0, "F": 0.24420401854714066, "A#": 0.40494590417310666, "G": 0.0}, "-ii": {"B": 0.0, "D": 0.0, "G#": 0.5, "C": 0.0, "F#": 0.0, "E": 0.0, "C#": 0.25, "D#": 0.25, "A": 0.0, "F": 0.0, "A#": 0.0, "G": 0.0}, "v": {"B": 0.0, "D": 0.24542718221810605, "G#": 0.006019912016670526, "C": 0.020375086825654087, "F#": 0.0009261403102570039, "E": 0.0, "C#": 0.008103727714748784, "D#": 0.0, "A": 0.02292197267886085, "F": 0.0812688122250521, "A#": 0.2602454271822181, "G": 0.3547117388284325}, "III": {"B": 0.015070716438673777, "D": 0.039415719916531415, "G#": 0.005680500811500116, "C": 0.0, "F#": 0.00023185717597959656, "E": 0.0, "C#": 0.005448643635520519, "D#": 0.3616971945281707, "A": 0.001159285879897983, "F": 0.022142360306051472, "A#": 0.23881289125898447, "G": 0.31034083004869}, "#vii": {"B": 0.25498426023084997, "D": 0.33945435466946483, "G#": 0.09758656873032528, "C": 0.012591815320041973, "F#": 0.0026232948583420775, "E": 0.0, "C#": 0.0, "D#": 0.011542497376705142, "A": 0.002098635886673662, "F": 0.27911857292759706, "A#": 0.0, "G": 0.0}, "I": {"B": 0.000499001996007984, "D": 0.000998003992015968, "G#": 0.0, "C": 0.405688622754491, "F#": 0.0, "E": 0.2559880239520958, "C#": 0.000998003992015968, "D#": 0.0, "A": 0.0, "F": 0.000998003992015968, "A#": 0.07235528942115768, "G": 0.2624750499001996}, "#iv": {"B": 0.0, "D": 0.0, "G#": 0.005471956224350205, "C": 0.29411764705882354, "F#": 0.253077975376197, "E": 0.0013679890560875513, "C#": 0.0, "D#": 0.16826265389876882, "A": 0.2722298221614227, "F": 0.0, "A#": 0.0013679890560875513, "G": 0.004103967168262654}, "#i": {"B": 0.0, "D": 0.0, "G#": 0.0, "C": 0.0, "F#": 0.0, "E": 0.2, "C#": 0.25, "D#": 0.05, "A": 0.0, "F": 0.0, "A#": 0.2, "G": 0.3}, "-vi": {"B": 0.023346303501945526, "D": 0.0, "G#": 0.2801556420233463, "C": 0.0, "F#": 0.0, "E": 0.0, "C#": 0.0, "D#": 0.39299610894941633, "A": 0.0, "F": 0.0, "A#": 0.27626459143968873, "G": 0.027237354085603113}, "IV": {"B": 0.0003924646781789639, "D": 0.0, "G#": 0.0, "C": 0.2653061224489796, "F#": 0.0007849293563579278, "E": 0.0003924646781789639, "C#": 0.0, "D#": 0.1118524332810047, "A": 0.2629513343799058, "F": 0.34615384615384615, "A#": 0.003532182103610675, "G": 0.008634222919937205}, "-VII": {"B": 0.0, "D": 0.27508041047633636, "G#": 0.06647266043804564, "C": 0.006586000918976873, "F#": 0.003369581865523051, "E": 0.0009189768724153775, "C#": 0.0, "D#": 0.006739163731046102, "A": 0.007964466227599939, "F": 0.2614489202021749, "A#": 0.37141981926788176, "G": 0.0}, "-I": {"B": 0.3333333333333333, "D": 0.0, "G#": 0.0, "C": 0.0, "F#": 0.3333333333333333, "E": 0.0, "C#": 0.0, "D#": 0.3333333333333333, "A": 0.0, "F": 0.0, "A#": 0.0, "G": 0.0}, "iv": {"B": 0.0028311727015347937, "D": 0.0, "G#": 0.24914319773506183, "C": 0.28401132469080614, "F#": 0.0, "E": 0.000894054537326777, "C#": 0.0, "D#": 0.07852779019520191, "A": 0.0, "F": 0.32647891521382805, "A#": 0.013857845328565042, "G": 0.04425569959767546}, "#vi": {"B": 0.0, "D": 0.019583843329253364, "G#": 0.0, "C": 0.3182374541003672, "F#": 0.004895960832313341, "E": 0.004895960832313341, "C#": 0.0, "D#": 0.22276621787025705, "A": 0.2692778457772338, "F": 0.0, "A#": 0.0055079559363525096, "G": 0.15483476132190943}, "V": {"B": 0.2535821392869044, "D": 0.2613573253359991, "G#": 0.0022214817283127846, "C": 0.003332222592469177, "F#": 0.0, "E": 0.0, "C#": 0.0, "D#": 0.0, "G": 0.38775963567699656, "F": 0.0911918249472398, "A#": 0.0, "A": 0.0005553704320781962}, "ii": {"B": 0.0001855976243504083, "D": 0.2770972531551596, "G#": 0.18002969561989607, "C": 0.155902004454343, "F#": 0.0, "E": 0.0005567928730512249, "C#": 0.0, "D#": 0.011321455085374908, "A": 0.028210838901262063, "F": 0.31161841128433554, "A#": 0.0001855976243504083, "G": 0.034892353377876766}, "-II": {"B": 0.0, "D": 0.0, "G#": 0.21929824561403508, "C": 0.07017543859649122, "F#": 0.0, "E": 0.0, "C#": 0.2982456140350877, "D#": 0.0, "A": 0.0, "F": 0.40350877192982454, "A#": 0.0, "G": 0.008771929824561403}}