{"#ii": 0.0, "IV": 0.035100054083288264, "vi": 0.0, "v": 0.05965386695511087, "-II": 0.0016224986479177934, "III": 0.11990265008112493, "#vi": 0.0224986479177934, "#i": 0.00027041644131963225, "VI": 0.00032449972958355867, "-VI": 0.053217955651703626, "VII": 0.0, "I": 0.02769064359113034, "iv": 0.09232017306652245, "II": 0.019253650621957816, "-III": 0.0, "-vii": 0.006814494321254732, "#iv": 0.010005408328826392, "-iii": 0.0, "i": 0.2210924824229313, "iii": 0.009140075716603569, "#iii": 0.005408328826392645, "vii": 0.0, "-ii": 0.00010816657652785289, "ii": 0.07285018929150892, "#v": 0.0, "V": 0.1230935640886966, "#vii": 0.026230394808004327, "-VII": 0.08972417522985397, "-vi": 0.003623580313683072, "-I": 5.4083288263926445e-05}