{"#ii": {"E": 0.02727272727272727, "A": 0.2545454545454545, "F": 0.0, "D#": 0.23636363636363636, "B": 0.0, "A#": 0.0, "F#": 0.2818181818181818, "D": 0.0, "G": 0.00909090909090909, "C#": 0.0, "C": 0.19090909090909092, "G#": 0.0}, "IV": {"E": 0.05391842835789024, "A": 0.3105915011744608, "F": 0.3213751868460389, "D#": 0.0009609224855861628, "B": 0.007367072389493914, "A#": 0.0024556907964979713, "F#": 0.00010676916506512919, "D": 0.0, "G": 0.029895366218236172, "C#": 0.004057228272474909, "C": 0.2691650651291907, "G#": 0.00010676916506512919}, "vi": {"E": 0.23836582737337123, "A": 0.3334966199666895, "F": 0.0, "D#": 0.002351327520329186, "B": 0.022043695503086116, "A#": 0.0010776917801508768, "F#": 0.0, "D": 0.020672087782894092, "G": 0.0925835211129617, "C#": 9.797198001371608e-05, "C": 0.28852748114039384, "G#": 0.0007837758401097286}, "v": {"E": 0.0, "A": 0.08538812785388128, "F": 0.09360730593607305, "D#": 0.00045662100456621003, "B": 0.0, "A#": 0.10091324200913242, "F#": 0.0031963470319634705, "D": 0.30547945205479454, "G": 0.38949771689497714, "C#": 0.0018264840182648401, "C": 0.019634703196347032, "G#": 0.0}, "-II": {"E": 0.0, "A": 0.0, "F": 0.0, "D#": 0.0, "B": 0.0, "A#": 0.0, "F#": 0.0, "D": 0.0, "G": 0.0, "C#": 0.0, "C": 0.0, "G#": 0.0}, "III": {"E": 0.3752665245202559, "A": 0.0037313432835820895, "F": 0.009594882729211088, "D#": 0.0, "B": 0.26705756929637525, "A#": 0.0, "F#": 0.0, "D": 0.09808102345415778, "G": 0.0, "C#": 0.0, "C": 0.0, "G#": 0.2462686567164179}, "#vi": {"E": 0.0, "A": 0.0, "F": 0.0, "D#": 0.0, "B": 0.0, "A#": 0.0, "F#": 0.0, "D": 0.0, "G": 0.0, "C#": 0.0, "C": 0.0, "G#": 0.0}, "#i": {"E": 0.32021466905187834, "A": 0.0, "F": 0.014311270125223614, "D#": 0.0, "B": 0.02146690518783542, "A#": 0.09660107334525939, "F#": 0.0017889087656529517, "D": 0.008944543828264758, "G": 0.2772808586762075, "C#": 0.259391771019678, "C": 0.0, "G#": 0.0}, "VI": {"E": 0.26452905811623245, "A": 0.36005344021376084, "F": 0.0, "D#": 0.0, "B": 0.002004008016032064, "A#": 0.002004008016032064, "F#": 0.0, "D": 0.006012024048096192, "G": 0.12024048096192384, "C#": 0.24515698062792252, "C": 0.0, "G#": 0.0}, "-VI": {"E": 0.0, "A": 0.0, "F": 0.0, "D#": 0.0, "B": 0.0, "A#": 0.0, "F#": 0.0, "D": 0.0, "G": 0.5, "C#": 0.0, "C": 0.25, "G#": 0.25}, "VII": {"E": 0.005319148936170213, "A": 0.13297872340425532, "F": 0.0, "D#": 0.25, "B": 0.3776595744680851, "A#": 0.0, "F#": 0.23404255319148937, "D": 0.0, "G": 0.0, "C#": 0.0, "C": 0.0, "G#": 0.0}, "I": {"E": 0.2861034346624556, "A": 0.0, "F": 0.01287011448874852, "D#": 0.0, "B": 0.017291748914330832, "A#": 0.010303987366758784, "F#": 0.0005527043031977891, "D": 0.0196999605211212, "G": 0.26790367153572836, "C#": 0.0, "C": 0.3842084484800632, "G#": 0.0010659297275957362}, "iv": {"E": 0.056856187290969896, "A": 0.0, "F": 0.32525083612040134, "D#": 0.0008361204013377926, "B": 0.0, "A#": 0.0008361204013377926, "F#": 0.0, "D": 0.0, "G": 0.2048494983277592, "C#": 0.0, "C": 0.39381270903010035, "G#": 0.017558528428093644}, "II": {"E": 0.004986400725294651, "A": 0.25226654578422486, "F": 0.0, "D#": 0.0, "B": 0.0, "A#": 0.0, "F#": 0.25203989120580234, "D": 0.3470081595648232, "G": 0.009066183136899365, "C#": 0.0, "C": 0.1346328195829556, "G#": 0.0}, "-III": {"E": 0.0, "A": 0.0, "F": 0.018518518518518517, "D#": 0.2962962962962963, "B": 0.0, "A#": 0.16666666666666666, "F#": 0.07407407407407407, "D": 0.018518518518518517, "G": 0.4074074074074074, "C#": 0.018518518518518517, "C": 0.0, "G#": 0.0}, "-vii": {"E": 0.0, "A": 0.12871287128712872, "F": 0.46534653465346537, "D#": 0.0, "B": 0.0, "A#": 0.297029702970297, "F#": 0.0, "D": 0.0, "G": 0.0, "C#": 0.019801980198019802, "C": 0.0891089108910891, "G#": 0.0}, "#iv": {"E": 0.08773234200743495, "A": 0.3100371747211896, "F": 0.0007434944237918215, "D#": 0.01486988847583643, "B": 0.008921933085501859, "A#": 0.001486988847583643, "F#": 0.2572490706319703, "D": 0.0, "G": 0.019330855018587362, "C#": 0.005947955390334572, "C": 0.2936802973977695, "G#": 0.0}, "-iii": {"E": 0.0, "A": 0.0, "F": 0.0, "D#": 0.25, "B": 0.0, "A#": 0.5, "F#": 0.0, "D": 0.25, "G": 0.0, "C#": 0.0, "C": 0.0, "G#": 0.0}, "i": {"E": 0.0, "A": 0.0, "F": 0.00043591979075850045, "D#": 0.005666957279860506, "B": 0.02746294681778553, "A#": 0.010897994768962511, "F#": 0.0, "D": 0.2136006974716652, "G": 0.4115082824760244, "C#": 0.0, "C": 0.32999128160418484, "G#": 0.00043591979075850045}, "iii": {"E": 0.3141776256530355, "A": 0.018194919834264096, "F": 0.015312556296162854, "D#": 0.0001801477211313277, "B": 0.18032786885245902, "A#": 0.03116555575571969, "F#": 0.00702576112412178, "D": 0.10502612141956404, "G": 0.32858944334354173, "C#": 0.0, "C": 0.0, "G#": 0.0}, "#iii": {"E": 0.0, "A": 0.0, "F": 0.0, "D#": 0.0, "B": 0.0, "A#": 0.0, "F#": 0.0, "D": 0.0, "G": 0.0, "C#": 0.0, "C": 0.0, "G#": 0.0}, "vii": {"E": 0.02211126961483595, "A": 0.09819305753685212, "F": 0.23347598668568711, "D#": 0.0, "B": 0.2622444127436995, "A#": 0.0, "F#": 0.025439847836424157, "D": 0.32667617689015693, "G": 0.0, "C#": 0.0, "C": 0.029006181645268664, "G#": 0.0028530670470756064}, "-ii": {"E": 0.0, "A": 0.0, "F": 0.0, "D#": 0.0, "B": 0.0, "A#": 0.0, "F#": 0.0, "D": 0.0, "G": 0.0, "C#": 0.0, "C": 0.0, "G#": 0.0}, "ii": {"E": 0.024906210921217174, "A": 0.21488120050020842, "F": 0.26959149645685704, "D#": 0.00010421008753647353, "B": 0.0, "A#": 0.0, "F#": 0.00010421008753647353, "D": 0.3179449770737807, "G": 0.043247186327636515, "C#": 0.0008336807002917883, "C": 0.1272405168820342, "G#": 0.0011463109629012088}, "#v": {"E": 0.0, "A": 0.021844660194174758, "F": 0.13592233009708737, "D#": 0.0, "B": 0.2912621359223301, "A#": 0.0, "F#": 0.0024271844660194173, "D": 0.28398058252427183, "G": 0.0, "C#": 0.0, "C": 0.0048543689320388345, "G#": 0.25970873786407767}, "V": {"E": 0.0, "A": 0.00926022266153366, "F": 0.0733014254500052, "D#": 0.00010404744563520966, "B": 0.25892206846321925, "A#": 0.0, "F#": 0.0024971386952450316, "D": 0.258557902403496, "G": 0.3892935178441369, "C#": 0.00015607116845281447, "C": 0.007803558422640724, "G#": 0.00010404744563520966}, "#vii": {"E": 0.0, "A": 0.0, "F": 0.0, "D#": 0.0, "B": 0.0, "A#": 0.0, "F#": 0.0, "D": 0.0, "G": 0.0, "C#": 0.0, "C": 0.0, "G#": 0.0}, "-VII": {"E": 0.013289036544850499, "A": 0.06312292358803986, "F": 0.24086378737541528, "D#": 0.0, "B": 0.0, "A#": 0.3106312292358804, "F#": 0.014950166112956811, "D": 0.3372093023255814, "G": 0.0, "C#": 0.0016611295681063123, "C": 0.018272425249169437, "G#": 0.0}, "-vi": {"E": 0.3333333333333333, "A": 0.0, "F": 0.0, "D#": 0.0, "B": 0.16666666666666666, "A#": 0.0, "F#": 0.0, "D": 0.0, "G": 0.0, "C#": 0.0, "C": 0.0, "G#": 0.5}, "-I": {"E": 0.0, "A": 0.0, "F": 0.0, "D#": 0.0, "B": 0.0, "A#": 0.0, "F#": 0.0, "D": 0.0, "G": 0.0, "C#": 0.0, "C": 0.0, "G#": 0.0}}