{"#VI": {"#VI": 0.022473762294631574, "IV": 0.0020330787405901424, "iii": 0.0013187537776800924, "II": 0.0006044288147700423, "#ii": 0.0, "#i": 0.0, "iv": 0.0042859497774603, "vi": 0.0, "i": 0.009396120665970658, "#IV": 0.0, "VI": 5.494807407000384e-05, "#iv": 0.0004945326666300346, "I": 0.0022528710368701576, "#vi": 0.0025276114072201768, "#I": 0.0, "III": 0.03406780592340238, "V": 0.0015934941480301116, "#II": 0.0, "#v": 0.00043958459256003074, "ii": 0.0032968844442002308, "v": 0.0042859497774603, "vii": 0.0, "#V": 0.0016484422221001154, "VII": 5.494807407000384e-05}, "IV": {"#VI": 0.012802901258310895, "IV": 0.006758613110610473, "iii": 0.0006044288147700423, "II": 0.00021979229628001537, "#ii": 0.0, "#i": 0.0, "iv": 0.0007692730369800539, "vi": 0.0, "i": 0.003901313258970273, "#IV": 0.0, "VI": 0.0, "#iv": 0.00038463651849002695, "I": 0.00021979229628001537, "#vi": 0.0015385460739601078, "#I": 5.494807407000384e-05, "III": 0.0008791691851200615, "V": 0.0037364690367602616, "#II": 0.0, "#v": 0.0, "ii": 0.0016484422221001154, "v": 0.0019781306665201384, "vii": 0.0, "#V": 0.0, "VII": 0.0}, "iii": {"#VI": 0.0050552228144403535, "IV": 0.0003296884444200231, "iii": 0.0005494807407000385, "II": 0.0, "#ii": 0.0, "#i": 0.0, "iv": 0.0005494807407000385, "vi": 0.0, "i": 0.0004945326666300346, "#IV": 0.0, "VI": 0.0, "#iv": 0.0, "I": 0.0, "#vi": 0.0005494807407000385, "#I": 0.00010989614814000769, "III": 0.0009341172591900654, "V": 0.00010989614814000769, "#II": 0.0, "#v": 5.494807407000384e-05, "ii": 0.00010989614814000769, "v": 0.0, "vii": 0.0, "#V": 0.00043958459256003074, "VII": 0.0}, "II": {"#VI": 0.00043958459256003074, "IV": 0.0, "iii": 0.0, "II": 0.004725534370020331, "#ii": 0.0, "#i": 0.0, "iv": 0.00010989614814000769, "vi": 0.0, "i": 0.0007692730369800539, "#IV": 0.0, "VI": 0.0, "#iv": 0.0005494807407000385, "I": 0.00016484422221001155, "#vi": 0.00010989614814000769, "#I": 0.0, "III": 0.0008791691851200615, "V": 0.0050552228144403535, "#II": 0.0, "#v": 0.0, "ii": 0.0003296884444200231, "v": 0.006264080443980438, "vii": 0.0, "#V": 0.0, "VII": 0.0}, "#ii": {"#VI": 0.0, "IV": 0.0, "iii": 0.0, "II": 0.0, "#ii": 0.0, "#i": 0.0, "iv": 0.0, "vi": 0.0, "i": 0.0, "#IV": 0.0, "VI": 0.0, "#iv": 0.0, "I": 0.0, "#vi": 0.0, "#I": 0.0, "III": 0.0, "V": 0.0, "#II": 0.0, "#v": 0.0, "ii": 0.0, "v": 0.0, "vii": 0.0, "#V": 0.0, "VII": 0.0}, "#i": {"#VI": 0.0, "IV": 0.0, "iii": 0.0, "II": 0.0, "#ii": 0.0, "#i": 0.0, "iv": 0.0, "vi": 0.0, "i": 0.0, "#IV": 0.0, "VI": 0.0, "#iv": 0.0, "I": 0.0, "#vi": 0.0, "#I": 0.0, "III": 0.0, "V": 0.0, "#II": 0.0, "#v": 5.494807407000384e-05, "ii": 0.00010989614814000769, "v": 0.00016484422221001155, "vii": 0.0, "#V": 5.494807407000384e-05, "VII": 0.0}, "iv": {"#VI": 0.010659926369580746, "IV": 0.0015385460739601078, "iii": 0.0005494807407000385, "II": 0.00027474037035001925, "#ii": 0.0, "#i": 0.0, "iv": 0.024232100664871695, "vi": 0.0, "i": 0.014396395406341007, "#IV": 0.0, "VI": 5.494807407000384e-05, "#iv": 0.0004945326666300346, "I": 0.004450793999670312, "#vi": 0.0014835979998901038, "#I": 0.00027474037035001925, "III": 0.0065937688884004616, "V": 0.013737018517500962, "#II": 0.0, "#v": 0.00021979229628001537, "ii": 0.010330237925160723, "v": 0.006264080443980438, "vii": 0.0, "#V": 0.0034617286664102424, "VII": 0.0}, "vi": {"#VI": 0.0, "IV": 0.0, "iii": 0.0, "II": 0.0, "#ii": 0.0, "#i": 0.0, "iv": 0.0, "vi": 0.0, "i": 0.0, "#IV": 0.0, "VI": 0.0, "#iv": 0.0, "I": 0.0, "#vi": 0.0, "#I": 0.0, "III": 0.0, "V": 0.0, "#II": 0.0, "#v": 0.0, "ii": 0.0, "v": 0.0, "vii": 0.0, "#V": 0.0, "VII": 0.0}, "i": {"#VI": 0.009506016814110665, "IV": 0.008736743777130612, "iii": 0.00043958459256003074, "II": 0.0034067805923402384, "#ii": 0.0, "#i": 5.494807407000384e-05, "iv": 0.017803175998681246, "vi": 0.0, "i": 0.10082971591845706, "#IV": 0.0, "VI": 0.0, "#iv": 0.002417715259080169, "I": 0.0018682345183801308, "#vi": 0.0057145997032804, "#I": 0.00016484422221001155, "III": 0.01197868014726084, "V": 0.03230946755316226, "#II": 0.0, "#v": 0.00010989614814000769, "ii": 0.03390296170119237, "v": 0.009670861036320677, "vii": 0.0, "#V": 0.010110445628880707, "VII": 0.0}, "#IV": {"#VI": 0.0, "IV": 0.0, "iii": 0.0, "II": 0.0, "#ii": 0.0, "#i": 0.0, "iv": 0.0, "vi": 0.0, "i": 0.0, "#IV": 0.0, "VI": 0.0, "#iv": 0.0, "I": 0.0, "#vi": 0.0, "#I": 0.0, "III": 0.0, "V": 0.0, "#II": 0.0, "#v": 0.0, "ii": 0.0, "v": 0.0, "vii": 0.0, "#V": 0.0, "VII": 0.0}, "VI": {"#VI": 5.494807407000384e-05, "IV": 0.0, "iii": 0.0, "II": 0.00016484422221001155, "#ii": 0.0, "#i": 0.0, "iv": 0.0, "vi": 0.0, "i": 0.0, "#IV": 0.0, "VI": 0.00010989614814000769, "#iv": 0.0, "I": 0.0, "#vi": 0.0, "#I": 0.0, "III": 0.0, "V": 0.0, "#II": 0.0, "#v": 0.0, "ii": 0.0, "v": 0.0, "vii": 0.0, "#V": 0.0, "VII": 0.0}, "#iv": {"#VI": 0.0, "IV": 0.0, "iii": 0.0, "II": 0.0013187537776800924, "#ii": 0.0, "#i": 0.00010989614814000769, "iv": 0.0, "vi": 0.0, "i": 0.001098961481400077, "#IV": 0.0, "VI": 0.0, "#iv": 0.00038463651849002695, "I": 0.0, "#vi": 0.0003296884444200231, "#I": 0.0, "III": 0.00016484422221001155, "V": 0.002802351777570196, "#II": 0.0, "#v": 0.0, "ii": 0.00010989614814000769, "v": 0.0037914171108302656, "vii": 0.0, "#V": 5.494807407000384e-05, "VII": 0.0}, "I": {"#VI": 0.00016484422221001155, "IV": 0.002472663333150173, "iii": 0.0, "II": 0.0009341172591900654, "#ii": 0.0, "#i": 0.0, "iv": 0.008077366888290565, "vi": 0.0, "i": 0.0012638057036100884, "#IV": 0.0, "VI": 0.0, "#iv": 0.0006044288147700423, "I": 0.0037364690367602616, "#vi": 0.0006593768888400462, "#I": 0.00010989614814000769, "III": 0.00010989614814000769, "V": 0.00010989614814000769, "#II": 0.0, "#v": 0.0, "ii": 0.00071432496291005, "v": 0.0006593768888400462, "vii": 0.0, "#V": 0.0005494807407000385, "VII": 0.0}, "#vi": {"#VI": 0.0071981977031705035, "IV": 0.0014286499258201, "iii": 0.0005494807407000385, "II": 0.0032968844442002308, "#ii": 0.0, "#i": 5.494807407000384e-05, "iv": 0.0020330787405901424, "vi": 0.0, "i": 0.0032419363701302268, "#IV": 0.0, "VI": 5.494807407000384e-05, "#iv": 0.0015385460739601078, "I": 0.0008791691851200615, "#vi": 0.001813286444310127, "#I": 0.00016484422221001155, "III": 0.0013737018517500962, "V": 0.002802351777570196, "#II": 0.0, "#v": 0.0, "ii": 0.0008791691851200615, "v": 0.0019231825924501346, "vii": 0.0, "#V": 0.00027474037035001925, "VII": 0.0}, "#I": {"#VI": 0.00016484422221001155, "IV": 0.0, "iii": 0.0, "II": 0.0, "#ii": 0.0, "#i": 0.0, "iv": 0.0003296884444200231, "vi": 0.0, "i": 5.494807407000384e-05, "#IV": 0.0, "VI": 0.0, "#iv": 0.00010989614814000769, "I": 0.00021979229628001537, "#vi": 0.00016484422221001155, "#I": 0.00027474037035001925, "III": 0.00010989614814000769, "V": 0.0, "#II": 0.0, "#v": 0.0, "ii": 0.0, "v": 0.00021979229628001537, "vii": 0.0, "#V": 0.0, "VII": 0.0}, "III": {"#VI": 0.008736743777130612, "IV": 0.0065937688884004616, "iii": 0.004450793999670312, "II": 0.00038463651849002695, "#ii": 0.0, "#i": 0.00010989614814000769, "iv": 0.017198747183911203, "vi": 0.0, "i": 0.015440408813671081, "#IV": 0.0, "VI": 0.0, "#iv": 0.00021979229628001537, "I": 0.00071432496291005, "#vi": 0.006648716962470465, "#I": 5.494807407000384e-05, "III": 0.0329138963679323, "V": 0.004780482444090335, "#II": 0.0, "#v": 0.0014286499258201, "ii": 0.002912247925710204, "v": 0.0057695477773504035, "vii": 0.0, "#V": 0.012528160887960877, "VII": 0.0}, "V": {"#VI": 5.494807407000384e-05, "IV": 0.0006593768888400462, "iii": 0.0, "II": 0.00010989614814000769, "#ii": 0.0, "#i": 5.494807407000384e-05, "iv": 0.0023627671850101656, "vi": 0.0, "i": 0.055442606736633884, "#IV": 0.0, "VI": 5.494807407000384e-05, "#iv": 0.0004945326666300346, "I": 0.008626847628990604, "#vi": 0.0019781306665201384, "#I": 0.00010989614814000769, "III": 0.0034067805923402384, "V": 0.037309742293532615, "#II": 0.0, "#v": 0.0, "ii": 0.0008242211110500577, "v": 0.003956261333040277, "vii": 0.0, "#V": 0.0071432496291005, "VII": 0.0}, "#II": {"#VI": 0.0, "IV": 0.0, "iii": 0.0, "II": 0.0, "#ii": 0.0, "#i": 0.0, "iv": 0.0,