{"#v": {"F#": 0.0014814814814814814, "A": 0.013333333333333334, "E": 0.002962962962962963, "G": 0.01037037037037037, "F": 0.08296296296296296, "B": 0.18814814814814815, "C": 0.002962962962962963, "A#": 0.10518518518518519, "D#": 0.14962962962962964, "C#": 0.0, "G#": 0.2696296296296296, "D": 0.17333333333333334}, "#i": {"F#": 0.0017035775127768314, "A": 0.0, "E": 0.31175468483816016, "G": 0.27427597955706984, "F": 0.013628620102214651, "B": 0.020442930153321975, "C": 0.0, "A#": 0.09880749574105621, "D#": 0.005110732538330494, "C#": 0.25894378194207834, "G#": 0.0068143100511073255, "D": 0.008517887563884156}, "IV": {"F#": 0.0002518045996306866, "A": 0.3004028873594091, "E": 0.04247104247104247, "G": 0.02534832969615578, "F": 0.32667450058754405, "B": 0.005875440658049354, "C": 0.26833976833976836, "A#": 0.00268591572939399, "D#": 0.024676850763807285, "C#": 0.0031895249286553636, "G#": 8.393486654356219e-05, "D": 0.0}, "VI": {"F#": 0.0, "A": 0.36028928336620647, "E": 0.26298487836949375, "G": 0.12163050624589086, "F": 0.0, "B": 0.0019723865877712033, "C": 0.0, "A#": 0.0019723865877712033, "D#": 0.0, "C#": 0.24523339907955294, "G#": 0.0, "D": 0.005917159763313609}, "II": {"F#": 0.2522770235435642, "A": 0.2490118577075099, "E": 0.003780718336483932, "G": 0.007389585839491322, "F": 0.0, "B": 0.0, "C": 0.13524660594603885, "A#": 0.0, "D#": 0.00017185083347654237, "C#": 0.0, "G#": 0.0005155525004296271, "D": 0.3516068052930057}, "vi": {"F#": 0.0, "A": 0.3334966199666895, "E": 0.23836582737337123, "G": 0.0925835211129617, "F": 0.0, "B": 0.022043695503086116, "C": 0.28852748114039384, "A#": 0.0010776917801508768, "D#": 0.002351327520329186, "C#": 9.797198001371608e-05, "G#": 0.0007837758401097286, "D": 0.020672087782894092}, "VII": {"F#": 0.2356020942408377, "A": 0.13089005235602094, "E": 0.005235602094240838, "G": 0.0, "F": 0.0, "B": 0.3769633507853403, "C": 0.0, "A#": 0.0, "D#": 0.2513089005235602, "C#": 0.0, "G#": 0.0, "D": 0.0}, "#ii": {"F#": 0.2719298245614035, "A": 0.24561403508771928, "E": 0.02631578947368421, "G": 0.008771929824561403, "F": 0.0, "B": 0.0, "C": 0.18421052631578946, "A#": 0.017543859649122806, "D#": 0.23684210526315788, "C#": 0.0, "G#": 0.0, "D": 0.008771929824561403}, "#V": {"F#": 0.0013157894736842105, "A": 0.0, "E": 0.0060526315789473685, "G": 0.06947368421052631, "F": 0.0, "B": 0.0013157894736842105, "C": 0.3455263157894737, "A#": 0.017368421052631578, "D#": 0.24052631578947367, "C#": 0.0010526315789473684, "G#": 0.30526315789473685, "D": 0.012105263157894737}, "#II": {"F#": 0.07407407407407407, "A": 0.0, "E": 0.0, "G": 0.4074074074074074, "F": 0.018518518518518517, "B": 0.0, "C": 0.0, "A#": 0.16666666666666666, "D#": 0.2962962962962963, "C#": 0.018518518518518517, "G#": 0.0, "D": 0.018518518518518517}, "V": {"F#": 0.0017006200177147918, "A": 0.0064836138175376435, "E": 0.0, "G": 0.3888042515500443, "F": 0.07900797165633304, "B": 0.25721877767936224, "C": 0.006377325066430469, "A#": 0.0, "D#": 7.0859167404783e-05, "C#": 0.00010628875110717449, "G#": 0.0007794508414526129, "D": 0.25945084145261293}, "iii": {"F#": 0.006776379477250726, "A": 0.016295579219102935, "E": 0.2813810906744111, "G": 0.2942884801548887, "F": 0.03920619554695063, "B": 0.16182639561148757, "C": 0.0, "A#": 0.0701839303000968, "D#": 0.03291384317521781, "C#": 0.00016134236850596966, "G#": 0.00032268473701193933, "D": 0.09664407873507583}, "III": {"F#": 0.00019043991620643687, "A": 0.0016187392877547134, "E": 0.06703485050466577, "G": 0.25490382784231574, "F": 0.01990097124357265, "B": 0.06008379356313083, "C": 0.0, "A#": 0.19615311369262997, "D#": 0.2970862692820415, "C#": 0.0044753380308512666, "G#": 0.04865739859074462, "D": 0.04989525804608646}, "i": {"F#": 0.00039840637450199205, "A": 0.00019920318725099602, "E": 0.0, "G": 0.26598605577689244, "F": 0.03550796812749004, "B": 0.03012948207171315, "C": 0.3305278884462151, "A#": 0.024352589641434264, "D#": 0.2135956175298805, "C#": 9.960159362549801e-05, "G#": 0.009312749003984063, "D": 0.08989043824701196}, "#VI": {"F#": 0.004347216379189454, "A": 0.012620950778291964, "E": 0.001963259009956528, "G": 0.0, "F": 0.25971112045996353, "B": 0.0, "C": 0.007572570466975179, "A#": 0.3662880381433179, "D#": 0.006170242602720516, "C#": 0.00014023278642546626, "G#": 0.060861029308652365, "D": 0.2803253400645071}, "v": {"F#": 0.0016899677369795667, "A": 0.04393916116146874, "E": 0.0, "G": 0.366415732063297, "F": 0.08542018743278537, "B": 0.0, "C": 0.020125979413120294, "A#": 0.20663696420341066, "D#": 0.00015363343063450608, "C#": 0.005991703794745736, "G#": 0.003994469196497158, "D": 0.26563220156706097}, "#I": {"F#": 0.0, "A": 0.0, "E": 0.0, "G": 0.008771929824561403, "F": 0.40350877192982454, "B": 0.0, "C": 0.07017543859649122, "A#": 0.0, "D#": 0.0, "C#": 0.2982456140350877, "G#": 0.21929824561403508, "D": 0.0}, "#vi": {"F#": 0.0035971223021582736, "A": 0.20548561151079137, "E": 0.0035971223021582736, "G": 0.1137589928057554, "F": 0.10431654676258993, "B": 0.0, "C": 0.26888489208633093, "A#": 0.08947841726618705, "D#": 0.16591726618705036, "C#": 0.02068345323741007, "G#": 0.009892086330935251, "D": 0.014388489208633094}, "vii": {"F#": 0.025439847836424157, "A": 0.09819305753685212, "E": 0.02211126961483595, "G": 0.0, "F": 0.23347598668568711, "B": 0.2622444127436995, "C": 0.029006181645268664, "A#": 0.0, "D#": 0.0, "C#": 0.0, "G#": 0.0028530670470756064, "D": 0.32667617689015693}, "#IV": {"F#": 0.0, "A": 0.0, "E": 0.0, "G": 0.0, "F": 0.0, "B": 0.0, "C": 0.0, "A#": 0.0, "D#": 0.0, "C#": 0.0, "G#": 0.0, "D": 0.0}, "iv": {"F#": 0.0, "A": 0.00012048192771084337, "E": 0.020963855421686748, "G": 0.08156626506024096, "F": 0.31144578313253013, "B": 0.0025301204819277107, "C": 0.2863855421686747, "A#": 0.02289156626506024, "D#": 0.0636144578313253, "C#": 0.004216867469879518, "G#": 0.20433734939759035, "D": 0.0019277108433734939}, "ii": {"F#": 6.673785371062466e-05, "A": 0.147757608115323, "E": 0.01615056059797117, "G": 0.04024292578750668, "F": 0.28470368392952483, "B": 6.673785371062466e-05, "C": 0.13754671649759745, "A#": 6.673785371062466e-05, "D#": 0.004137746930058729, "C#": 0.0005339028296849973, "G#": 0.0654698344901228, "D": 0.3032568072610785}, "I": {"F#": 0.0005121826296919588, "A": 0.0, "E": 0.28389551474354285, "G": 0.26750567059340014, "F": 0.011999707324211604, "B": 0.01606058388819785, "C": 0.3857832735786932, "A#": 0.014853296261066804, "D#": 0.0, "C#": 7.316894709885125e-05, "G#": 0.0009877807858344918, "D": 0.01832882124826224}, "#iv": {"F#": 0.25578034682080925, "A": 0.29672447013487474, "E": 0.057321772639691716, "G": 0.013969171483622351, "F": 0.0004816955684007707, "B": 0.005780346820809248, "C": 0.29383429672447015, "A#": 0.001445086705202312, "D#": 0.06888246628131021, "C#": 0.0038535645472061657, "G#": 0.0019267822736030828, "D": 0.0}}