{"#v": 0.004302297264388343, "#i": 0.005804042535920123, "IV": 0.09229645263414238, "VI": 0.014773926455069405, "II": 0.04391590226479422, "vi": 0.10130692426333306, "VII": 0.0019076223719457748, "#ii": 0.0010958681711177856, "#V": 4.0587710041399465e-05, "#II": 0.0006494033606623914, "V": 0.18747463268122413, "iii": 0.05613280298725546, "III": 0.018507995778878156, "i": 0.025367318775874666, "#VI": 0.006128744216251319, "v": 0.024799090835295072, "#I": 0.0, "#vi": 0.0011770435912005844, "vii": 0.042820034093676435, "#IV": 0.0, "iv": 0.013880996834158617, "ii": 0.09534053088724734, "I": 0.24876207484373733, "#iv": 0.013515707443786022}