{"#ii": 0.0006028566128733074, "IV": 0.06777499536264144, "vi": 0.05787423483583751, "v": 0.03974216286403265, "-II": 0.0006956037840845854, "III": 0.06197829716193656, "#vi": 0.009645705805972918, "#i": 0.003431645334817288, "VI": 0.00857911333704322, "-VI": 0.02283899091077722, "VII": 0.001089779261732517, "I": 0.1539834910035244, "iv": 0.047509738452977186, "II": 0.03334260805045446, "-III": 0.0003709886848451122, "-vii": 0.0035939528844370246, "#iv": 0.012010758671860508, "-iii": 2.3186792802819512e-05, "i": 0.10927935447968837, "iii": 0.03598590242997589, "#iii": 0.0023186792802819514, "vii": 0.024462066406974587, "-ii": 4.6373585605639025e-05, "ii": 0.08569838619922092, "#v": 0.00238823965869041, "V": 0.15987293637544056, "#vii": 0.011245594509367464, "-VII": 0.04196809497310332, "-vi": 0.001623075496197366, "-I": 2.3186792802819512e-05}