{"II": {"B": 0.0, "E": 0.003780718336483932, "F": 0.0, "C": 0.13524660594603885, "D#": 0.00017185083347654237, "A#": 0.0, "G": 0.007389585839491322, "F#": 0.2522770235435642, "G#": 0.0005155525004296271, "C#": 0.0, "A": 0.2490118577075099, "D": 0.3516068052930057}, "#i": {"B": 0.020442930153321975, "E": 0.31175468483816016, "F": 0.013628620102214651, "C": 0.0, "D#": 0.005110732538330494, "A#": 0.09880749574105621, "G": 0.27427597955706984, "F#": 0.0017035775127768314, "G#": 0.0068143100511073255, "C#": 0.25894378194207834, "A": 0.0, "D": 0.008517887563884156}, "i": {"B": 0.03012948207171315, "E": 0.0, "F": 0.03550796812749004, "C": 0.3305278884462151, "D#": 0.2135956175298805, "A#": 0.024352589641434264, "G": 0.26598605577689244, "F#": 0.00039840637450199205, "G#": 0.009312749003984063, "C#": 9.960159362549801e-05, "A": 0.00019920318725099602, "D": 0.08989043824701196}, "#VI": {"B": 0.0, "E": 0.001963259009956528, "F": 0.25971112045996353, "C": 0.007572570466975179, "D#": 0.006170242602720516, "A#": 0.3662880381433179, "G": 0.0, "F#": 0.004347216379189454, "G#": 0.060861029308652365, "C#": 0.00014023278642546626, "A": 0.012620950778291964, "D": 0.2803253400645071}, "#IV": {"B": 0.0, "E": 0.0, "F": 0.0, "C": 0.0, "D#": 0.0, "A#": 0.0, "G": 0.0, "F#": 0.0, "G#": 0.0, "C#": 0.0, "A": 0.0, "D": 0.0}, "iv": {"B": 0.0025301204819277107, "E": 0.020963855421686748, "F": 0.31144578313253013, "C": 0.2863855421686747, "D#": 0.0636144578313253, "A#": 0.02289156626506024, "G": 0.08156626506024096, "F#": 0.0, "G#": 0.20433734939759035, "C#": 0.004216867469879518, "A": 0.00012048192771084337, "D": 0.0019277108433734939}, "ii": {"B": 6.673785371062466e-05, "E": 0.01615056059797117, "F": 0.28470368392952483, "C": 0.13754671649759745, "D#": 0.004137746930058729, "A#": 6.673785371062466e-05, "G": 0.04024292578750668, "F#": 6.673785371062466e-05, "G#": 0.0654698344901228, "C#": 0.0005339028296849973, "A": 0.147757608115323, "D": 0.3032568072610785}, "III": {"B": 0.06008379356313083, "E": 0.06703485050466577, "F": 0.01990097124357265, "C": 0.0, "D#": 0.2970862692820415, "A#": 0.19615311369262997, "G": 0.25490382784231574, "F#": 0.00019043991620643687, "G#": 0.04865739859074462, "C#": 0.0044753380308512666, "A": 0.0016187392877547134, "D": 0.04989525804608646}, "IV": {"B": 0.005875440658049354, "E": 0.04247104247104247, "F": 0.32667450058754405, "C": 0.26833976833976836, "D#": 0.024676850763807285, "A#": 0.00268591572939399, "G": 0.02534832969615578, "F#": 0.0002518045996306866, "G#": 8.393486654356219e-05, "C#": 0.0031895249286553636, "A": 0.3004028873594091, "D": 0.0}, "#V": {"B": 0.0013157894736842105, "E": 0.0060526315789473685, "F": 0.0, "C": 0.3455263157894737, "D#": 0.24052631578947367, "A#": 0.017368421052631578, "G": 0.06947368421052631, "F#": 0.0013157894736842105, "G#": 0.30526315789473685, "C#": 0.0010526315789473684, "A": 0.0, "D": 0.012105263157894737}, "#iv": {"B": 0.005780346820809248, "E": 0.057321772639691716, "F": 0.0004816955684007707, "C": 0.29383429672447015, "D#": 0.06888246628131021, "A#": 0.001445086705202312, "G": 0.013969171483622351, "F#": 0.25578034682080925, "G#": 0.0019267822736030828, "C#": 0.0038535645472061657, "A": 0.29672447013487474, "D": 0.0}, "vii": {"B": 0.2622444127436995, "E": 0.02211126961483595, "F": 0.23347598668568711, "C": 0.029006181645268664, "D#": 0.0, "A#": 0.0, "G": 0.0, "F#": 0.025439847836424157, "G#": 0.0028530670470756064, "C#": 0.0, "A": 0.09819305753685212, "D": 0.32667617689015693}, "#vi": {"B": 0.0, "E": 0.0035971223021582736, "F": 0.10431654676258993, "C": 0.26888489208633093, "D#": 0.16591726618705036, "A#": 0.08947841726618705, "G": 0.1137589928057554, "F#": 0.0035971223021582736, "G#": 0.009892086330935251, "C#": 0.02068345323741007, "A": 0.20548561151079137, "D": 0.014388489208633094}, "VII": {"B": 0.3769633507853403, "E": 0.005235602094240838, "F": 0.0, "C": 0.0, "D#": 0.2513089005235602, "A#": 0.0, "G": 0.0, "F#": 0.2356020942408377, "G#": 0.0, "C#": 0.0, "A": 0.13089005235602094, "D": 0.0}, "#II": {"B": 0.0, "E": 0.0, "F": 0.018518518518518517, "C": 0.0, "D#": 0.2962962962962963, "A#": 0.16666666666666666, "G": 0.4074074074074074, "F#": 0.07407407407407407, "G#": 0.0, "C#": 0.018518518518518517, "A": 0.0, "D": 0.018518518518518517}, "I": {"B": 0.01606058388819785, "E": 0.28389551474354285, "F": 0.011999707324211604, "C": 0.3857832735786932, "D#": 0.0, "A#": 0.014853296261066804, "G": 0.26750567059340014, "F#": 0.0005121826296919588, "G#": 0.0009877807858344918, "C#": 7.316894709885125e-05, "A": 0.0, "D": 0.01832882124826224}, "#ii": {"B": 0.0, "E": 0.02631578947368421, "F": 0.0, "C": 0.18421052631578946, "D#": 0.23684210526315788, "A#": 0.017543859649122806, "G": 0.008771929824561403, "F#": 0.2719298245614035, "G#": 0.0, "C#": 0.0, "A": 0.24561403508771928, "D": 0.008771929824561403}, "v": {"B": 0.0, "E": 0.0, "F": 0.08542018743278537, "C": 0.020125979413120294, "D#": 0.00015363343063450608, "A#": 0.20663696420341066, "G": 0.366415732063297, "F#": 0.0016899677369795667, "G#": 0.003994469196497158, "C#": 0.005991703794745736, "A": 0.04393916116146874, "D": 0.26563220156706097}, "VI": {"B": 0.0019723865877712033, "E": 0.26298487836949375, "F": 0.0, "C": 0.0, "D#": 0.0, "A#": 0.0019723865877712033, "G": 0.12163050624589086, "F#": 0.0, "G#": 0.0, "C#": 0.24523339907955294, "A": 0.36028928336620647, "D": 0.005917159763313609}, "#v": {"B": 0.18814814814814815, "E": 0.002962962962962963, "F": 0.08296296296296296, "C": 0.002962962962962963, "D#": 0.14962962962962964, "A#": 0.10518518518518519, "G": 0.01037037037037037, "F#": 0.0014814814814814814, "G#": 0.2696296296296296, "C#": 0.0, "A": 0.013333333333333334, "D": 0.17333333333333334}, "vi": {"B": 0.022043695503086116, "E": 0.23836582737337123, "F": 0.0, "C": 0.28852748114039384, "D#": 0.002351327520329186, "A#": 0.0010776917801508768, "G": 0.0925835211129617, "F#": 0.0, "G#": 0.0007837758401097286, "C#": 9.797198001371608e-05, "A": 0.3334966199666895, "D": 0.020672087782894092}, "iii": {"B": 0.16182639561148757, "E": 0.2813810906744111, "F": 0.03920619554695063, "C": 0.0, "D#": 0.03291384317521781, "A#": 0.0701839303000968, "G": 0.2942884801548887, "F#": 0.006776379477250726, "G#": 0.00032268473701193933, "C#": 0.00016134236850596966, "A": 0.016295579219102935, "D": 0.09664407873507583}, "#I": {"B": 0.0, "E": 0.0, "F": 0.40350877192982454, "C": 0.07017543859649122, "D#": 0.0, "A#": 0.0, "G": 0.008771929824561403, "F#": 0.0, "G#": 0.21929824561403508, "C#": 0.2982456140350877, "A": 0.0, "D": 0.0}, "V": {"B": 0.25721877767936224, "E": 0.0, "F": 0.07900797165633304, "C": 0.006377325066430469, "D#": 7.0859167404783e-05, "A#": 0.0, "G": 0.3888042515500443, "F#": 0.0017006200177147918, "G#": 0.0007794508414526129, "C#": 0.00010628875110717449, "A": 0.0064836138175376435, "D": 0.25945084145261293}}