{"#v": {"#v": 0.0001639267481616786, "#i": 2.34181068802398e-05, "IV": 2.34181068802398e-05, "VI": 0.00021076296192215822, "II": 0.0, "vi": 0.0011474872371317502, "VII": 0.0, "#ii": 2.34181068802398e-05, "#V": 0.0, "#II": 0.0, "V": 0.0, "iii": 9.36724275209592e-05, "III": 0.001053814809610791, "i": 7.02543206407194e-05, "#VI": 0.00042152592384431644, "v": 2.34181068802398e-05, "#I": 0.0, "#vi": 2.34181068802398e-05, "vii": 0.0001405086412814388, "#IV": 0.0, "iv": 0.00021076296192215822, "ii": 0.0003746897100838368, "I": 2.34181068802398e-05, "#iv": 2.34181068802398e-05}, "#i": {"#v": 2.34181068802398e-05, "#i": 0.00021076296192215822, "IV": 0.0001405086412814388, "VI": 0.000351271603203597, "II": 0.00011709053440119901, "vi": 0.0, "VII": 4.68362137604796e-05, "#ii": 0.0, "#V": 2.34181068802398e-05, "#II": 0.0, "V": 7.02543206407194e-05, "iii": 9.36724275209592e-05, "III": 0.0, "i": 0.0, "#VI": 7.02543206407194e-05, "v": 0.00042152592384431644, "#I": 0.0, "#vi": 0.0, "vii": 0.0, "#IV": 0.0, "iv": 2.34181068802398e-05, "ii": 0.0019202847641796637, "I": 0.0, "#iv": 0.0}, "IV": {"#v": 0.0001873448550419184, "#i": 0.00025759917568263783, "IV": 0.0165331834574493, "VI": 0.0005386164582455154, "II": 0.0006322888857664747, "vi": 0.00353613413891621, "VII": 0.0, "#ii": 0.0, "#V": 0.0, "#II": 0.0, "V": 0.01184956208140134, "iii": 0.0016158493747365462, "III": 0.0006088707788862349, "i": 0.002810172825628776, "#VI": 0.006322888857664746, "v": 0.0017329399091377453, "#I": 2.34181068802398e-05, "#vi": 0.0009835604889700718, "vii": 0.006018453468221629, "#IV": 0.0, "iv": 0.001896866657299424, "ii": 0.005198819727413236, "I": 0.007423539881036017, "#iv": 0.0001873448550419184}, "VI": {"#v": 0.0, "#i": 7.02543206407194e-05, "IV": 0.0003981078169640766, "VI": 0.0016392674816167862, "II": 0.0006791250995269542, "vi": 0.0007493794201676737, "VII": 9.36724275209592e-05, "#ii": 7.02543206407194e-05, "#V": 0.0, "#II": 0.0, "V": 4.68362137604796e-05, "iii": 0.0002810172825628776, "III": 2.34181068802398e-05, "i": 0.0, "#VI": 0.0002810172825628776, "v": 0.0002810172825628776, "#I": 0.0, "#vi": 0.0, "vii": 0.0001873448550419184, "#IV": 0.0, "iv": 0.0, "ii": 0.0033722073907545315, "I": 0.0002810172825628776, "#iv": 0.0001405086412814388}, "II": {"#v": 0.0002810172825628776, "#i": 0.0, "IV": 7.02543206407194e-05, "VI": 9.36724275209592e-05, "II": 0.008055828766802492, "vi": 0.0006322888857664747, "VII": 9.36724275209592e-05, "#ii": 2.34181068802398e-05, "#V": 0.0, "#II": 0.0, "V": 0.014495808158868436, "iii": 0.0010303967027305513, "III": 0.0008664699545688727, "i": 0.0005386164582455154, "#VI": 0.0002810172825628776, "v": 0.003442461711395251, "#I": 0.0, "#vi": 4.68362137604796e-05, "vii": 0.0010069785958503115, "#IV": 0.0, "iv": 4.68362137604796e-05, "ii": 0.0008196337408083931, "I": 0.0009835604889700718, "#iv": 0.0008430518476886329}, "vi": {"#v": 0.00046836213760479605, "#i": 0.00011709053440119901, "IV": 0.005433000796215634, "VI": 0.00025759917568263783, "II": 0.005737436185658752, "vi": 0.01414453655566484, "VII": 0.00011709053440119901, "#ii": 0.0001405086412814388, "#V": 0.0, "#II": 0.0, "V": 0.006720996674628823, "iii": 0.00238864690178446, "III": 0.001896866657299424, "i": 0.0006791250995269542, "#VI": 0.00046836213760479605, "v": 0.0007493794201676737, "#I": 0.0, "#vi": 2.34181068802398e-05, "vii": 0.003887405742119807, "#IV": 0.0, "iv": 0.0004449440307245562, "ii": 0.006533651819586905, "I": 0.005409582689335394, "#iv": 0.0027633366118682964}, "VII": {"#v": 0.0, "#i": 2.34181068802398e-05, "IV": 0.0, "VI": 2.34181068802398e-05, "II": 0.0, "vi": 2.34181068802398e-05, "VII": 0.0001873448550419184, "#ii": 4.68362137604796e-05, "#V": 0.0, "#II": 0.0, "V": 4.68362137604796e-05, "iii": 0.0005386164582455154, "III": 7.02543206407194e-05, "i": 0.0, "#VI": 0.0, "v": 0.0, "#I": 0.0, "#vi": 0.0, "vii": 2.34181068802398e-05, "#IV": 0.0, "iv": 2.34181068802398e-05, "ii": 0.0, "I": 9.36724275209592e-05, "#iv": 2.34181068802398e-05}, "#ii": {"#v": 0.0, "#i": 0.0, "IV": 0.0, "VI": 2.34181068802398e-05, "II": 0.0, "vi": 7.02543206407194e-05, "VII": 0.00011709053440119901, "#ii": 9.36724275209592e-05, "#V": 0.0, "#II": 0.0, "V": 0.0, "iii": 0.00025759917568263783, "III": 4.68362137604796e-05, "i": 0.0, "#VI": 2.34181068802398e-05, "v": 0.0, "#I": 0.0, "#vi": 0.0, "vii": 0.0, "#IV": 0.0, "iv": 0.0, "ii": 0.0, "I": 0.0, "#iv": 0.0}, "#V": {"#v": 0.00046836213760479605, "#i": 0.0, "IV": 0.00021076296192215822, "VI": 0.0, "II": 7.02543206407194e-05, "vi": 0.0, "VII": 0.0, "#ii": 0.0, "#V": 0.003887405742119807, "#II": 0.0, "V": 0.0006088707788862349, "iii": 0.00021076296192215822, "III": 0.0029272633600299753, "i": 0.0031380263219521333, "#VI": 0.0026696641843473373, "v": 0.0006791250995269542, "#I": 0.0001405086412814388, "#vi": 0.0001873448550419184, "vii": 0.0, "#IV": 0.0, "iv": 0.0034892979251557304, "ii": 0.003887405742119807, "I": 0.00042152592384431644, "#iv": 7.02543206407194e-05}, "#II": {"#v": 0.0, "#i": 0.0, "IV": 0.0, "VI": 0.0, "II": 2.34181068802398e-05, "vi": 0.00021076296192215822, "VII": 0.0, "#ii": 0.0, "#V": 0.0, "#II": 0.0, "V": 0.0, "iii": 2.34181068802398e-05, "III": 0.0, "i": 0.0, "#VI": 2.34181068802398e-05, "v": 9.36724275209592e-05, "#I": 0.0, "#vi": 0.0, "vii": 0.0, "#IV": 0.0, "iv": 0.0, "ii": 0.0, "I": 0.0, "#iv": 0.0}, "V": {"#v": 7.02543206407194e-05, "#i": 0.001053814809610791, "IV": 0.0026462460774670975, "VI": 0.0006791250995269542, "II": 0.0024120650086646997, "vi": 0.011498290478197743, "VII": 7.02543206407194e-05, "#ii": 2.34181068802398e-05, "#V": 0.0030911901081916537, "#II": 0.0, "V": 0.04725773968432392, "iii": 0.006229216430143787, "III": 0.002857009039389256, "i": 0.024916865720575148, "#VI": 2.34181068802398e-05, "v": 0.005269074048053955, "#I": 4.68362137604796e-05, "#vi": 0.0008430518476886329, "vii": 0.0018500304435389444, "#IV": 0.0, "iv": 0.0016158493747365462, "ii": 0.0030911901081916537, "I": 0.044424148751814906, "#iv": 0.0006322888857664747}, "iii": {"#v": 4.68362137604796e-05, "#i": 0.000585452672005995, "IV": 0.006135544002622828, "VI": 0.0012645777715329493, "II": 0.0011474872371317502, "vi": 0.00468362137604796, "VII": 0.00011709053440119901, "#ii": 9.36724275209592e-05, "#V": 0.0001873448550419184, "#II": 0.0, "V": 0.004215259238443164, "iii": 0.005714018078778512, "III": 0.0005151983513652757, "i": 0.00025759917568263783, "#VI": 0.002248138260503021, "v": 0.0009601423820898319, "#I": 4.68362137604796e-05, "#vi": 0.00025759917568263783, "vii": 0.000585452672005995, "#IV": 0.0, "iv": 0.0003278534963233572, "ii": 0.002037375298580863, "I": 0.004145004917802445, "#iv": 0.0007727975270479134}, "III": {"#v": 0.0008196337408083931, "#i": 4.68362137604796e-05, "IV": 0.00353613413891621, "VI": 0.00011709053440119901, "II": 0.0001873448550419184, "vi": 0.005807690506299471, "VII": 0.0, "#ii": 4.68362137604796e-05, "#V": 0.005339328368694675, "#II": 0.0, "V": 0.002037375298580863, "iii": 0.002224720153622781, "III": 0.0167673645262517, "i": 0.006603906140227624, "#VI": 0.0037468971008383684, "v": 0.0025291555430658986, "#I": 2.34181068802398e-05, "#vi": 0.002857009039389256, "vii": 7.02543206407194e-05, "#IV": 0.0, "iv": 0.007376703667275538, "ii": 0.0013816683059341482, "I": 0.0005620345651257552, "#iv": 0.0002810172825628776}, "i": {"#v": 4.68362137604796e-05, "#i": 4.68362137604796e-05, "IV": 0.004496276521006042, "VI": 0.0, "II": 0.001756358016017985, "vi": 0.0006557069926467144, "VII": 0.0, "#ii": 0.0, "#V": 0.004355767879724603, "#II": 9.36724275209592e-05, "V": 0.01978830031380263, "iii": 0.000351271603203597, "III": 0.005151983513652756, "i": 0.044962765210060415, "#VI": 0.004074750597161726, "v": 0.004941220551730598, "#I": 7.02543206407194e-05, "#vi": 0.0024354831155449395, "vii": 0.00011709053440119901, "#IV": 0.0, "iv": 0.007751393377359374, "ii": 0.015736967823521148, "I": 0.00353613413891621, "#iv": 0.0010772329164910309}, "#VI": {"#v": 0.0001873448550419184, "#i": 4.68362137604796e-05, "IV": 0.001053814809610791,