{"-iii": 2.3186792802819512e-05, "vi": 0.05787423483583751, "vii": 0.024462066406974587, "-I": 2.3186792802819512e-05, "iv": 0.047509738452977186, "ii": 0.08569838619922092, "-III": 0.0003709886848451122, "#ii": 0.0006028566128733074, "#iv": 0.012010758671860508, "#vi": 0.009645705805972918, "-vi": 0.001623075496197366, "III": 0.06197829716193656, "-ii": 4.6373585605639025e-05, "#i": 0.003431645334817288, "-vii": 0.0035939528844370246, "I": 0.1539834910035244, "VI": 0.00857911333704322, "IV": 0.06777499536264144, "II": 0.03334260805045446, "#iii": 0.0023186792802819514, "V": 0.15987293637544056, "iii": 0.03598590242997589, "#v": 0.00238823965869041, "-II": 0.0006956037840845854, "-VII": 0.04196809497310332, "-VI": 0.02283899091077722, "i": 0.10927935447968837, "VII": 0.001089779261732517, "#vii": 0.011245594509367464, "v": 0.03974216286403265}