{"#VI": {"F#": 0.004364967614756406, "C#": 0.000140805406927626, "G#": 0.06082793579273444, "A#": 0.3662348634187553, "F": 0.25978597578147, "C": 0.007603491974091805, "D": 0.2802027597859758, "A": 0.012672486623486343, "D#": 0.006195437904815545, "B": 0.0, "E": 0.0019712756969867645, "G": 0.0}, "IV": {"F#": 0.000259000259000259, "C#": 0.003280669947336614, "G#": 8.6333419666753e-05, "A#": 0.002762669429336096, "F": 0.3267719934386601, "C": 0.2691876025209359, "D": 0.0, "A": 0.2997496330829664, "D#": 0.025382025382025383, "B": 0.005698005698005698, "E": 0.04195804195804196, "G": 0.024864024864024864}, "iii": {"F#": 0.007002334111370457, "C#": 0.00016672224074691563, "G#": 0.00033344448149383126, "A#": 0.07152384128042681, "F": 0.04018006002000667, "C": 0.0, "D": 0.0981993997999333, "A": 0.01617205735245082, "D#": 0.03401133711237079, "B": 0.16338779593197733, "E": 0.27775925308436145, "G": 0.29126375458486164}, "II": {"F#": 0.25233151504487067, "C#": 0.0, "G#": 0.0005278901988386416, "A#": 0.0, "F": 0.0, "C": 0.13566778110153088, "D": 0.3515748724265353, "A": 0.2491641738518388, "D#": 0.00017596339961288053, "B": 0.0, "E": 0.0038711947914833716, "G": 0.00668660918528946}, "#ii": {"F#": 0.27358490566037735, "C#": 0.0, "G#": 0.0, "A#": 0.018867924528301886, "F": 0.0, "C": 0.1792452830188679, "D": 0.009433962264150943, "A": 0.24528301886792453, "D#": 0.2358490566037736, "B": 0.0, "E": 0.02830188679245283, "G": 0.009433962264150943}, "#i": {"F#": 0.0017391304347826088, "C#": 0.2573913043478261, "G#": 0.006956521739130435, "A#": 0.09391304347826086, "F": 0.01391304347826087, "C": 0.0, "D": 0.008695652173913044, "A": 0.0, "D#": 0.0052173913043478265, "B": 0.020869565217391306, "E": 0.3182608695652174, "G": 0.27304347826086955}, "iv": {"F#": 0.0, "C#": 0.004291319274153997, "G#": 0.2054928886709171, "A#": 0.02329573320255027, "F": 0.308116723884257, "C": 0.2872731731240804, "D": 0.00196174595389897, "A": 0.00012260912211868564, "D#": 0.06461500735654732, "B": 0.002574791564492398, "E": 0.0196174595389897, "G": 0.08263854830799411}, "vi": {"F#": 0.0, "C#": 0.00010393929944912172, "G#": 0.0006236357966947302, "A#": 0.0011433322939403388, "F": 0.0, "C": 0.2885354952707619, "D": 0.020268163392578736, "A": 0.33260575823718946, "D#": 0.0020787859889824342, "B": 0.021931192183764683, "E": 0.2404115996258185, "G": 0.09229809791082008}, "i": {"F#": 0.00040510431436094796, "C#": 0.00010127607859023699, "G#": 0.00936803726959692, "A#": 0.024255620822361757, "F": 0.03580109378164877, "C": 0.32823577071095805, "D": 0.09043953818108162, "A": 0.00020255215718047398, "D#": 0.2155154952400243, "B": 0.029471338869758962, "E": 0.0, "G": 0.2662041725744379}, "#IV": {"F#": 0.0, "C#": 0.0, "G#": 0.0, "A#": 0.0, "F": 0.0, "C": 0.0, "D": 0.0, "A": 0.0, "D#": 0.0, "B": 0.0, "E": 0.0, "G": 0.0}, "VI": {"F#": 0.0, "C#": 0.24534574468085107, "G#": 0.0, "A#": 0.0019946808510638296, "F": 0.0, "C": 0.0, "D": 0.005984042553191489, "A": 0.3617021276595745, "D#": 0.0, "B": 0.0019946808510638296, "E": 0.26263297872340424, "G": 0.12034574468085106}, "#iv": {"F#": 0.25325325325325326, "C#": 0.004004004004004004, "G#": 0.002002002002002002, "A#": 0.0015015015015015015, "F": 0.0, "C": 0.29179179179179177, "D": 0.0, "A": 0.3008008008008008, "D#": 0.06906906906906907, "B": 0.006006006006006006, "E": 0.05855855855855856, "G": 0.013013013013013013}, "I": {"F#": 0.0004945786570287236, "C#": 7.608902415826517e-05, "G#": 0.0010272018261365799, "A#": 0.015369982879969565, "F": 0.012022065817005897, "C": 0.38478219516834694, "D": 0.017880920677192314, "A": 0.0, "D#": 0.0, "B": 0.01563629446452349, "E": 0.28297508084458817, "G": 0.26973559064105}, "#vi": {"F#": 0.0036380172805820826, "C#": 0.020918599363346977, "G#": 0.010004547521600727, "A#": 0.08958617553433379, "F": 0.10459299681673488, "C": 0.2692132787630741, "D": 0.01409731696225557, "A": 0.20509322419281492, "D#": 0.16552978626648476, "B": 0.0, "E": 0.0036380172805820826, "G": 0.11368804001819009}, "#I": {"F#": 0.0, "C#": 0.2982456140350877, "G#": 0.21929824561403508, "A#": 0.0, "F": 0.40350877192982454, "C": 0.07017543859649122, "D": 0.0, "A": 0.0, "D#": 0.0, "B": 0.0, "E": 0.0, "G": 0.008771929824561403}, "III": {"F#": 0.0001927710843373494, "C#": 0.004530120481927711, "G#": 0.04732530120481928, "A#": 0.19778313253012048, "F": 0.019855421686746987, "C": 0.0, "D": 0.04934939759036144, "A": 0.0013493975903614457, "D#": 0.2994698795180723, "B": 0.05831325301204819, "E": 0.06457831325301205, "G": 0.2572530120481928}, "V": {"F#": 0.0016414970453053185, "C#": 0.0001094331363536879, "G#": 0.0008025096665937112, "A#": 0.0, "F": 0.0795214124170132, "C": 0.006018822499452834, "D": 0.2606332530823667, "A": 0.006128255635806522, "D#": 7.295542423579193e-05, "B": 0.25654774932516233, "E": 0.0, "G": 0.38852411176770996}, "#II": {"F#": 0.0, "C#": 0.02631578947368421, "G#": 0.0, "A#": 0.23684210526315788, "F": 0.02631578947368421, "C": 0.0, "D": 0.02631578947368421, "A": 0.0, "D#": 0.2631578947368421, "B": 0.0, "E": 0.0, "G": 0.42105263157894735}, "#v": {"F#": 0.001610305958132045, "C#": 0.0, "G#": 0.2673107890499195, "A#": 0.1143317230273752, "F": 0.0821256038647343, "C": 0.00322061191626409, "D": 0.1723027375201288, "A": 0.0, "D#": 0.16264090177133655, "B": 0.1819645732689211, "E": 0.00322061191626409, "G": 0.011272141706924315}, "ii": {"F#": 6.901311249137337e-05, "C#": 0.0005521048999309869, "G#": 0.06673567977915804, "A#": 6.901311249137337e-05, "F": 0.2864044168391994, "C": 0.13636991028295375, "D": 0.301656314699793, "A": 0.1473429951690821, "D#": 0.004278812974465148, "B": 6.901311249137337e-05, "E": 0.01566597653554175, "G": 0.04078674948240166}, "v": {"F#": 0.0017779214481978341, "C#": 0.006303539679974139, "G#": 0.004202359786649426, "A#": 0.21383546145143043, "F": 0.08162275739453694, "C": 0.02068854048812025, "D": 0.2649102957814773, "A": 0.04557944076288993, "D#": 0.00016162922256343946, "B": 0.0, "E": 0.0, "G": 0.3609180539841603}, "vii": {"F#": 0.026262626262626262, "C#": 0.0, "G#": 0.0007575757575757576, "A#": 0.0, "F": 0.2366161616161616, "C": 0.026767676767676767, "D": 0.3285353535353535, "A": 0.10176767676767677, "D#": 0.0, "B": 0.25833333333333336, "E": 0.02095959595959596, "G": 0.0}, "#V": {"F#": 0.001321353065539112, "C#": 0.0010570824524312897, "G#": 0.3054968287526427, "A#": 0.01744186046511628, "F": 0.0, "C": 0.3454016913319239, "D": 0.012156448202959831, "A": 0.0, "D#": 0.23995771670190275, "B": 0.001321353065539112, "E": 0.006078224101479916, "G": 0.06976744186046512}, "VII": {"F#": 0.2356020942408377, "C#": 0.0, "G#": 0.0, "A#": 0.0, "F": 0.0, "C": 0.0, "D": 0.0, "A": 0.13089005235602094, "D#": 0.2513089005235602, "B": 0.3769633507853403, "E": 0.005235602094240838, "G": 0.0}}