{"II": {"B": 0.0, "E": 0.004986400725294651, "F": 0.0, "C": 0.1346328195829556, "D#": 0.0, "A#": 0.0, "G": 0.009066183136899365, "F#": 0.25203989120580234, "G#": 0.0, "C#": 0.0, "A": 0.25226654578422486, "D": 0.3470081595648232}, "#i": {"B": 0.02146690518783542, "E": 0.32021466905187834, "F": 0.014311270125223614, "C": 0.0, "D#": 0.0, "A#": 0.09660107334525939, "G": 0.2772808586762075, "F#": 0.0017889087656529517, "G#": 0.0, "C#": 0.259391771019678, "A": 0.0, "D": 0.008944543828264758}, "i": {"B": 0.02746294681778553, "E": 0.0, "F": 0.00043591979075850045, "C": 0.32999128160418484, "D#": 0.005666957279860506, "A#": 0.010897994768962511, "G": 0.4115082824760244, "F#": 0.0, "G#": 0.00043591979075850045, "C#": 0.0, "A": 0.0, "D": 0.2136006974716652}, "#VI": {"B": 0.0, "E": 0.013289036544850499, "F": 0.24086378737541528, "C": 0.018272425249169437, "D#": 0.0, "A#": 0.3106312292358804, "G": 0.0, "F#": 0.014950166112956811, "G#": 0.0, "C#": 0.0016611295681063123, "A": 0.06312292358803986, "D": 0.3372093023255814}, "#IV": {"B": 0.0, "E": 0.0, "F": 0.0, "C": 0.0, "D#": 0.0, "A#": 0.0, "G": 0.0, "F#": 0.0, "G#": 0.0, "C#": 0.0, "A": 0.0, "D": 0.0}, "iv": {"B": 0.0, "E": 0.056856187290969896, "F": 0.32525083612040134, "C": 0.39381270903010035, "D#": 0.0008361204013377926, "A#": 0.0008361204013377926, "G": 0.2048494983277592, "F#": 0.0, "G#": 0.017558528428093644, "C#": 0.0, "A": 0.0, "D": 0.0}, "ii": {"B": 0.0, "E": 0.024906210921217174, "F": 0.26959149645685704, "C": 0.1272405168820342, "D#": 0.00010421008753647353, "A#": 0.0, "G": 0.043247186327636515, "F#": 0.00010421008753647353, "G#": 0.0011463109629012088, "C#": 0.0008336807002917883, "A": 0.21488120050020842, "D": 0.3179449770737807}, "III": {"B": 0.26705756929637525, "E": 0.3752665245202559, "F": 0.009594882729211088, "C": 0.0, "D#": 0.0, "A#": 0.0, "G": 0.0, "F#": 0.0, "G#": 0.2462686567164179, "C#": 0.0, "A": 0.0037313432835820895, "D": 0.09808102345415778}, "IV": {"B": 0.007367072389493914, "E": 0.05391842835789024, "F": 0.3213751868460389, "C": 0.2691650651291907, "D#": 0.0009609224855861628, "A#": 0.0024556907964979713, "G": 0.029895366218236172, "F#": 0.00010676916506512919, "G#": 0.00010676916506512919, "C#": 0.004057228272474909, "A": 0.3105915011744608, "D": 0.0}, "#V": {"B": 0.0, "E": 0.0, "F": 0.0, "C": 0.25, "D#": 0.0, "A#": 0.0, "G": 0.5, "F#": 0.0, "G#": 0.25, "C#": 0.0, "A": 0.0, "D": 0.0}, "#iv": {"B": 0.008921933085501859, "E": 0.08773234200743495, "F": 0.0007434944237918215, "C": 0.2936802973977695, "D#": 0.01486988847583643, "A#": 0.001486988847583643, "G": 0.019330855018587362, "F#": 0.2572490706319703, "G#": 0.0, "C#": 0.005947955390334572, "A": 0.3100371747211896, "D": 0.0}, "vii": {"B": 0.2622444127436995, "E": 0.02211126961483595, "F": 0.23347598668568711, "C": 0.029006181645268664, "D#": 0.0, "A#": 0.0, "G": 0.0, "F#": 0.025439847836424157, "G#": 0.0028530670470756064, "C#": 0.0, "A": 0.09819305753685212, "D": 0.32667617689015693}, "#vi": {"B": 0.0, "E": 0.0, "F": 0.46534653465346537, "C": 0.0891089108910891, "D#": 0.0, "A#": 0.297029702970297, "G": 0.0, "F#": 0.0, "G#": 0.0, "C#": 0.019801980198019802, "A": 0.12871287128712872, "D": 0.0}, "VII": {"B": 0.3776595744680851, "E": 0.005319148936170213, "F": 0.0, "C": 0.0, "D#": 0.25, "A#": 0.0, "G": 0.0, "F#": 0.23404255319148937, "G#": 0.0, "C#": 0.0, "A": 0.13297872340425532, "D": 0.0}, "#II": {"B": 0.0, "E": 0.0, "F": 0.018518518518518517, "C": 0.0, "D#": 0.2962962962962963, "A#": 0.16666666666666666, "G": 0.4074074074074074, "F#": 0.07407407407407407, "G#": 0.0, "C#": 0.018518518518518517, "A": 0.0, "D": 0.018518518518518517}, "I": {"B": 0.017291748914330832, "E": 0.2861034346624556, "F": 0.01287011448874852, "C": 0.3842084484800632, "D#": 0.0, "A#": 0.010303987366758784, "G": 0.26790367153572836, "F#": 0.0005527043031977891, "G#": 0.0010659297275957362, "C#": 0.0, "A": 0.0, "D": 0.0196999605211212}, "#ii": {"B": 0.0, "E": 0.02631578947368421, "F": 0.0, "C": 0.18421052631578946, "D#": 0.23684210526315788, "A#": 0.017543859649122806, "G": 0.008771929824561403, "F#": 0.2719298245614035, "G#": 0.0, "C#": 0.0, "A": 0.24561403508771928, "D": 0.008771929824561403}, "v": {"B": 0.0, "E": 0.0, "F": 0.09360730593607305, "C": 0.019634703196347032, "D#": 0.00045662100456621003, "A#": 0.10091324200913242, "G": 0.38949771689497714, "F#": 0.0031963470319634705, "G#": 0.0, "C#": 0.0018264840182648401, "A": 0.08538812785388128, "D": 0.30547945205479454}, "VI": {"B": 0.002004008016032064, "E": 0.26452905811623245, "F": 0.0, "C": 0.0, "D#": 0.0, "A#": 0.002004008016032064, "G": 0.12024048096192384, "F#": 0.0, "G#": 0.0, "C#": 0.24515698062792252, "A": 0.36005344021376084, "D": 0.006012024048096192}, "#v": {"B": 0.2894736842105263, "E": 0.004784688995215311, "F": 0.1339712918660287, "C": 0.004784688995215311, "D#": 0.0, "A#": 0.0, "G": 0.0, "F#": 0.0023923444976076554, "G#": 0.2631578947368421, "C#": 0.0, "A": 0.0215311004784689, "D": 0.2799043062200957}, "vi": {"B": 0.022043695503086116, "E": 0.23836582737337123, "F": 0.0, "C": 0.28852748114039384, "D#": 0.002351327520329186, "A#": 0.0010776917801508768, "G": 0.0925835211129617, "F#": 0.0, "G#": 0.0007837758401097286, "C#": 9.797198001371608e-05, "A": 0.3334966199666895, "D": 0.020672087782894092}, "iii": {"B": 0.18032786885245902, "E": 0.3141776256530355, "F": 0.015312556296162854, "C": 0.0, "D#": 0.0001801477211313277, "A#": 0.03116555575571969, "G": 0.32858944334354173, "F#": 0.00702576112412178, "G#": 0.0, "C#": 0.0, "A": 0.018194919834264096, "D": 0.10502612141956404}, "#I": {"B": 0.0, "E": 0.0, "F": 0.0, "C": 0.0, "D#": 0.0, "A#": 0.0, "G": 0.0, "F#": 0.0, "G#": 0.0, "C#": 0.0, "A": 0.0, "D": 0.0}, "V": {"B": 0.25892206846321925, "E": 0.0, "F": 0.0733014254500052, "C": 0.007803558422640724, "D#": 0.00010404744563520966, "A#": 0.0, "G": 0.3892935178441369, "F#": 0.0024971386952450316, "G#": 0.00010404744563520966, "C#": 0.00015607116845281447, "A": 0.00926022266153366, "D": 0.258557902403496}}