{"#v": {"F#": 0.0, "A": 0.0, "E": 0.0, "G": 0.027237354085603113, "F": 0.0, "B": 0.023346303501945526, "C": 0.0, "A#": 0.27626459143968873, "D#": 0.39299610894941633, "C#": 0.0, "G#": 0.2801556420233463, "D": 0.0}, "#i": {"F#": 0.0, "A": 0.0, "E": 0.14285714285714285, "G": 0.21428571428571427, "F": 0.0, "B": 0.0, "C": 0.0, "A#": 0.14285714285714285, "D#": 0.10714285714285714, "C#": 0.25, "G#": 0.14285714285714285, "D": 0.0}, "IV": {"F#": 0.0007849293563579278, "A": 0.2629513343799058, "E": 0.0003924646781789639, "G": 0.008634222919937205, "F": 0.34615384615384615, "B": 0.0003924646781789639, "C": 0.2653061224489796, "A#": 0.003532182103610675, "D#": 0.1118524332810047, "C#": 0.0, "G#": 0.0, "D": 0.0}, "VI": {"F#": 0.0, "A": 0.375, "E": 0.16666666666666666, "G": 0.20833333333333334, "F": 0.0, "B": 0.0, "C": 0.0, "A#": 0.0, "D#": 0.0, "C#": 0.25, "G#": 0.0, "D": 0.0}, "II": {"F#": 0.25302061122956643, "A": 0.23880597014925373, "E": 0.0, "G": 0.0021321961620469083, "F": 0.0, "B": 0.0, "C": 0.13717128642501777, "A#": 0.0, "D#": 0.0007107320540156361, "C#": 0.0, "G#": 0.0021321961620469083, "D": 0.3660270078180526}, "vi": {"F#": 0.0, "A": 0.0, "E": 0.0, "G": 0.0, "F": 0.0, "B": 0.0, "C": 0.0, "A#": 0.0, "D#": 0.0, "C#": 0.0, "G#": 0.0, "D": 0.0}, "VII": {"F#": 0.3333333333333333, "A": 0.0, "E": 0.0, "G": 0.0, "F": 0.0, "B": 0.3333333333333333, "C": 0.0, "A#": 0.0, "D#": 0.3333333333333333, "C#": 0.0, "G#": 0.0, "D": 0.0}, "#ii": {"F#": 0.0, "A": 0.0, "E": 0.0, "G": 0.0, "F": 0.0, "B": 0.0, "C": 0.0, "A#": 0.0, "D#": 0.0, "C#": 0.0, "G#": 0.0, "D": 0.0}, "#V": {"F#": 0.0013171759747102212, "A": 0.0, "E": 0.006059009483667018, "G": 0.0690200210748156, "F": 0.0, "B": 0.0013171759747102212, "C": 0.34562697576396206, "A#": 0.01738672286617492, "D#": 0.24077976817702845, "C#": 0.001053740779768177, "G#": 0.3053213909378293, "D": 0.012118018967334035}, "#II": {"F#": 0.0, "A": 0.0, "E": 0.0, "G": 0.0, "F": 0.0, "B": 0.0, "C": 0.0, "A#": 0.0, "D#": 0.0, "C#": 0.0, "G#": 0.0, "D": 0.0}, "V": {"F#": 0.0, "A": 0.0005553704320781962, "E": 0.0, "G": 0.38775963567699656, "F": 0.0911918249472398, "B": 0.2535821392869044, "C": 0.003332222592469177, "A#": 0.0, "D#": 0.0, "C#": 0.0, "G#": 0.0022214817283127846, "D": 0.2613573253359991}, "iii": {"F#": 0.00463678516228748, "A": 0.0, "E": 0.0, "G": 0.0, "F": 0.24420401854714066, "B": 0.0030911901081916537, "C": 0.0, "A#": 0.40494590417310666, "D#": 0.31375579598145287, "C#": 0.0015455950540958269, "G#": 0.0030911901081916537, "D": 0.02472952086553323}, "III": {"F#": 0.00023185717597959656, "A": 0.001159285879897983, "E": 0.0, "G": 0.31034083004869, "F": 0.022142360306051472, "B": 0.015070716438673777, "C": 0.0, "A#": 0.23881289125898447, "D#": 0.3616971945281707, "C#": 0.005448643635520519, "G#": 0.005680500811500116, "D": 0.039415719916531415}, "i": {"F#": 0.0004497919712133138, "A": 0.0002248959856066569, "E": 0.0, "G": 0.24721691217811761, "F": 0.04003148543798493, "B": 0.03047340604970201, "C": 0.3305970988417857, "A#": 0.026087934330372202, "D#": 0.24041380861351624, "C#": 0.00011244799280332846, "G#": 0.010457663330709547, "D": 0.07393455526818846}, "#VI": {"F#": 0.003369581865523051, "A": 0.007964466227599939, "E": 0.0009189768724153775, "G": 0.0, "F": 0.2614489202021749, "B": 0.0, "C": 0.006586000918976873, "A#": 0.37141981926788176, "D#": 0.006739163731046102, "C#": 0.0, "G#": 0.06647266043804564, "D": 0.27508041047633636}, "v": {"F#": 0.0009261403102570039, "A": 0.02292197267886085, "E": 0.0, "G": 0.3547117388284325, "F": 0.0812688122250521, "B": 0.0, "C": 0.020375086825654087, "A#": 0.2602454271822181, "D#": 0.0, "C#": 0.008103727714748784, "G#": 0.006019912016670526, "D": 0.24542718221810605}, "#I": {"F#": 0.0, "A": 0.0, "E": 0.0, "G": 0.008771929824561403, "F": 0.40350877192982454, "B": 0.0, "C": 0.07017543859649122, "A#": 0.0, "D#": 0.0, "C#": 0.2982456140350877, "G#": 0.21929824561403508, "D": 0.0}, "#vi": {"F#": 0.0037682524729156855, "A": 0.20913801224682055, "E": 0.0037682524729156855, "G": 0.11917098445595854, "F": 0.08714083843617522, "B": 0.0, "C": 0.27743758831841736, "A#": 0.07960433349034385, "D#": 0.17381064531323598, "C#": 0.02072538860103627, "G#": 0.010362694300518135, "D": 0.015073009891662742}, "vii": {"F#": 0.0, "A": 0.0, "E": 0.0, "G": 0.0, "F": 0.0, "B": 0.0, "C": 0.0, "A#": 0.0, "D#": 0.0, "C#": 0.0, "G#": 0.0, "D": 0.0}, "#IV": {"F#": 0.0, "A": 0.0, "E": 0.0, "G": 0.0, "F": 0.0, "B": 0.0, "C": 0.0, "A#": 0.0, "D#": 0.0, "C#": 0.0, "G#": 0.0, "D": 0.0}, "iv": {"F#": 0.0, "A": 0.00014076576576576576, "E": 0.014921171171171171, "G": 0.060810810810810814, "F": 0.3091216216216216, "B": 0.0029560810810810812, "C": 0.26829954954954954, "A#": 0.02660472972972973, "D#": 0.07418355855855856, "C#": 0.004926801801801802, "G#": 0.23578265765765766, "D": 0.0022522522522522522}, "ii": {"F#": 0.0, "A": 0.028210838901262063, "E": 0.0005567928730512249, "G": 0.034892353377876766, "F": 0.31161841128433554, "B": 0.0001855976243504083, "C": 0.155902004454343, "A#": 0.0001855976243504083, "D#": 0.011321455085374908, "C#": 0.0, "G#": 0.18002969561989607, "D": 0.2770972531551596}, "I": {"F#": 0.0, "A": 0.0, "E": 0.2559880239520958, "G": 0.2624750499001996, "F": 0.000998003992015968, "B": 0.000499001996007984, "C": 0.405688622754491, "A#": 0.07235528942115768, "D#": 0.0, "C#": 0.000998003992015968, "G#": 0.0, "D": 0.000998003992015968}, "#iv": {"F#": 0.253077975376197, "A": 0.2722298221614227, "E": 0.0013679890560875513, "G": 0.004103967168262654, "F": 0.0, "B": 0.0, "C": 0.29411764705882354, "A#": 0.0013679890560875513, "D#": 0.16826265389876882, "C#": 0.0, "G#": 0.005471956224350205, "D": 0.0}}