{"ii": 0.07727797001153403, "#v": 0.0, "#I": 0.0, "#ii": 0.0, "#V": 0.004613610149942329, "#VI": 0.013840830449826988, "iii": 0.05536332179930795, "IV": 0.20415224913494806, "#II": 0.004613610149942329, "III": 0.0, "#IV": 0.0, "vi": 0.19377162629757788, "#vi": 0.0, "iv": 0.0, "v": 0.0, "I": 0.21799307958477507, "V": 0.22837370242214539, "VII": 0.0, "i": 0.0, "#iv": 0.0, "vii": 0.0, "VI": 0.0, "II": 0.0, "#i": 0.0}