{"ii": {"ii": 0.007161992236619103, "#VI": 0.0021321961620469083, "#vi": 0.0004920452681646711, "III": 0.013449237329834345, "#IV": 0.0, "i": 0.018861735279645728, "#I": 0.0, "V": 0.016292165545896888, "#i": 0.0, "#V": 0.0014761358044940135, "vi": 0.0, "I": 0.0009840905363293422, "II": 0.0001640150893882237, "#iv": 0.0006013886610901537, "VII": 0.0, "iv": 0.008255426165873927, "vii": 0.0, "#ii": 0.0, "#v": 0.0001640150893882237, "IV": 0.0013121207151057896, "VI": 0.0, "#II": 0.0, "v": 0.002241539554972391, "iii": 5.467169646274124e-05}, "#VI": {"ii": 0.0032803017877644745, "#VI": 0.022415395549723906, "#vi": 0.002514898037286097, "III": 0.03416981028921327, "#IV": 0.0, "i": 0.009348860095128753, "#I": 0.0, "V": 0.001585479197419496, "#i": 0.0, "#V": 0.0016401508938822373, "vi": 0.0, "I": 0.002241539554972391, "II": 0.0006013886610901537, "#iv": 0.0004920452681646711, "VII": 5.467169646274124e-05, "iv": 0.0042643923240938165, "vii": 0.0, "#ii": 0.0, "#v": 0.0004373735717019299, "IV": 0.0020228527691214257, "VI": 5.467169646274124e-05, "#II": 0.0, "v": 0.0042643923240938165, "iii": 0.0013121207151057896}, "#vi": {"ii": 0.0008747471434038598, "#VI": 0.007326007326007326, "#vi": 0.0018588376797332021, "III": 0.001366792411568531, "#IV": 0.0, "i": 0.0032256300913017333, "#I": 0.0001640150893882237, "V": 0.002788256519599803, "#i": 5.467169646274124e-05, "#V": 0.0002733584823137062, "vi": 0.0, "I": 0.0008747471434038598, "II": 0.0033349734842272154, "#iv": 0.0015308075009567547, "VII": 0.0, "iv": 0.0020228527691214257, "vii": 0.0, "#ii": 0.0, "#v": 0.0, "IV": 0.0014214641080312722, "VI": 5.467169646274124e-05, "#II": 0.0, "v": 0.0019135093761959434, "iii": 0.0005467169646274124}, "III": {"ii": 0.0028975999125252856, "#VI": 0.008747471434038598, "#vi": 0.006669946968454431, "III": 0.032803017877644745, "#IV": 0.0, "i": 0.015362746706030288, "#I": 5.467169646274124e-05, "V": 0.0047564375922584876, "#i": 0.00010934339292548247, "#V": 0.012465146793505003, "vi": 0.0, "I": 0.0007107320540156361, "II": 0.0003827018752391887, "#iv": 0.00021868678585096495, "VII": 0.0, "iv": 0.01722158438576349, "vii": 0.0, "#ii": 0.0, "#v": 0.0014214641080312722, "IV": 0.006560603575528949, "VI": 0.0, "#II": 0.0, "v": 0.005904543217976054, "iii": 0.00442840741348204}, "#IV": {"ii": 0.0, "#VI": 0.0, "#vi": 0.0, "III": 0.0, "#IV": 0.0, "i": 0.0, "#I": 0.0, "V": 0.0, "#i": 0.0, "#V": 0.0, "vi": 0.0, "I": 0.0, "II": 0.0, "#iv": 0.0, "VII": 0.0, "iv": 0.0, "vii": 0.0, "#ii": 0.0, "#v": 0.0, "IV": 0.0, "VI": 0.0, "#II": 0.0, "v": 0.0, "iii": 0.0}, "i": {"ii": 0.03400579519982505, "#VI": 0.009458203488054234, "#vi": 0.005685856432125089, "III": 0.011973101525340332, "#IV": 0.0, "i": 0.10097862336668306, "#I": 0.0001640150893882237, "V": 0.03236564430594281, "#i": 5.467169646274124e-05, "#V": 0.01016893554206987, "vi": 0.0, "I": 0.0018588376797332021, "II": 0.0033896451806899566, "#iv": 0.0024055546443606146, "VII": 0.0, "iv": 0.01771362965392816, "vii": 0.0, "#ii": 0.0, "#v": 0.00010934339292548247, "IV": 0.008692799737575857, "VI": 0.0, "#II": 0.0, "v": 0.009950248756218905, "iii": 0.0004373735717019299}, "#I": {"ii": 0.0, "#VI": 0.0001640150893882237, "#vi": 0.0001640150893882237, "III": 0.00010934339292548247, "#IV": 0.0, "i": 5.467169646274124e-05, "#I": 0.0002733584823137062, "V": 0.0, "#i": 0.0, "#V": 0.0, "vi": 0.0, "I": 0.00021868678585096495, "II": 0.0, "#iv": 0.00010934339292548247, "VII": 0.0, "iv": 0.0003280301787764474, "vii": 0.0, "#ii": 0.0, "#v": 0.0, "IV": 0.0, "VI": 0.0, "#II": 0.0, "v": 0.00021868678585096495, "iii": 0.0}, "V": {"ii": 0.0008200754469411186, "#VI": 5.467169646274124e-05, "#vi": 0.0019681810726586845, "III": 0.0033896451806899566, "#IV": 0.0, "i": 0.05543710021321962, "#I": 0.00010934339292548247, "V": 0.03739544038051501, "#i": 5.467169646274124e-05, "#V": 0.0072166639330818435, "vi": 0.0, "I": 0.008638128041113117, "II": 0.00010934339292548247, "#iv": 0.0004920452681646711, "VII": 0.0, "iv": 0.0023508829478978734, "vii": 0.0, "#ii": 0.0, "#v": 0.0, "IV": 0.0006560603575528948, "VI": 5.467169646274124e-05, "#II": 0.0, "v": 0.003936362145317369, "iii": 0.0}, "#i": {"ii": 0.00010934339292548247, "#VI": 0.0, "#vi": 0.0, "III": 0.0, "#IV": 0.0, "i": 0.0, "#I": 0.0, "V": 0.0, "#i": 0.0, "#V": 5.467169646274124e-05, "vi": 0.0, "I": 0.0, "II": 0.0, "#iv": 0.0, "VII": 0.0, "iv": 0.0, "vii": 0.0, "#ii": 0.0, "#v": 5.467169646274124e-05, "IV": 0.0, "VI": 0.0, "#II": 0.0, "v": 0.0001640150893882237, "iii": 0.0}, "#V": {"ii": 0.009075501612815045, "#VI": 0.0062325733967525014, "#vi": 0.0004373735717019299, "III": 0.006833962057842655, "#IV": 0.0, "i": 0.007326007326007326, "#I": 0.0003280301787764474, "V": 0.0014214641080312722, "#i": 0.0, "#V": 0.009075501612815045, "vi": 0.0, "I": 0.0009840905363293422, "II": 0.0001640150893882237, "#iv": 0.0001640150893882237, "VII": 0.0, "iv": 0.008091411076485703, "vii": 0.0, "#ii": 0.0, "#v": 0.0010934339292548248, "IV": 0.0004920452681646711, "VI": 0.0, "#II": 0.0, "v": 0.001585479197419496, "iii": 0.0004920452681646711}, "vi": {"ii": 0.0, "#VI": 0.0, "#vi": 0.0, "III": 0.0, "#IV": 0.0, "i": 0.0, "#I": 0.0, "V": 0.0, "#i": 0.0, "#V": 0.0, "vi": 0.0, "I": 0.0, "II": 0.0, "#iv": 0.0, "VII": 0.0, "iv": 0.0, "vii": 0.0, "#ii": 0.0, "#v": 0.0, "IV": 0.0, "VI": 0.0, "#II": 0.0, "v": 0.0, "iii": 0.0}, "I": {"ii": 0.0007107320540156361, "#VI": 0.0001640150893882237, "#vi": 0.0006560603575528948, "III": 0.00010934339292548247, "#IV": 0.0, "i": 0.0012574490186430486, "#I": 0.00010934339292548247, "V": 0.00010934339292548247, "#i": 0.0, "#V": 0.0005467169646274124, "vi": 0.0, "I": 0.0037176753594664043, "II": 0.0009294188398666011, "#iv": 0.0006013886610901537, "VII": 0.0, "iv": 0.008036739380022962, "vii": 0.0, "#ii": 0.0, "#v": 0.0, "IV": 0.002460226340823356, "VI": 0.0, "#II": 0.0, "v": 0.0006560603575528948, "iii": 0.0}, "II": {"ii": 0.0003280301787764474, "#VI": 0.0004373735717019299, "#vi": 0.00010934339292548247, "III": 0.0008747471434038598, "#IV": 0.0, "i": 0.0007654037504783774, "#I": 0.0, "V": 0.005084467771034935, "#i": 0.0, "#V": 0.0, "vi": 0.0, "I": 0.0001640150893882237, "II": 0.0047564375922584876, "#iv": 0.0005467169646274124, "VII": 0.0, "iv": 0.00010934339292548247, "vii": 0.0, "#ii": 0.0, "#v": 0.0, "IV": 0.0, "VI": 0.0, "#II": 0.0, "v": 0.0062325733967525014, "iii": 0.0}, "#iv": {"ii": 0.00010934339292548247, "#VI": 0.0, "#vi": 0.0003280301787764474, "III": 0.0001640150893882237, "#IV": 0.0, "i": 0.0010934339292548248, "#I": 0.0, "V": 0.002788256519599803, "#i": 0.00010934339292548247, "#V": 5.467169646274124e-05, "vi": 0.0, "I": 0.0, "II": 0.0013121207151057896, "#iv": 0.0003827018752391887, "VII": 0.0, "iv": 0.0, "vii": 0.0, "#ii": 0.0, "#v": 0.0, "IV": 0.0, "VI": 0.0, "#II": 0.0, "v": 0.0037723470559291455, "iii": 0.0}, "VII": {"ii": 0.0, "#VI": 0.0, "#vi": 0.0, "III": 0.0, "#IV": 0.0, "i": 0.0, "#I": 0.0, "V": 0.0, "#i": 0.0, "#V": 0.0, "vi": 0.0, "I": 0.0, "II": 0.0, "#iv": 0.0, "VII": 0.0, "iv": 5.467169646274124e-05, "vii": 0.0, "#ii": 0.0, "#v": 0.0, "IV": 0.0, "VI": 0.0, "#II": 0.0, "v": 0.0, "iii": 0.0}, "iv": {"ii": 0.010278278934995352, "#VI": 0.010660980810234541, "#vi": 0.0014761358044940135, "III": 0.006560603575528949, "#IV": 0.0, "i": 0.014487999562626428, "#I": 0.0002733584823137062, "V": 0.01366792411568531, "#i": 0.0, "#V": 0.003444316877152698, "vi": 0.0, "I": 0.00442840741348204, "II": 0.0002733584823137062, "#iv": 0.0004920452681646711, "VII": 0.0, "iv": 0.024164889836531627, "vii": 0.0, "#ii": 0.0, "#v": 0.00021868678585096495, "IV": 0.0015308075009567547, "VI": 5.467169646274124e-05, "#II": 0.0, "v": 0.0062325733967525014, "iii": 0.0005467169646274124}, "vii": {"ii": 0.0, "#VI": 0.0, "#vi": 0.0, "III": 0.0, "#IV": 0.0, "i": 0.0, "#I": 0.0, "V": 0.0, "#i": 0.0, "#V": 0.0, "vi": 0.0, "I": 0.0, "II": 0.0, "#iv": 0.0, "VII": 0.0, "iv": 0.0, "vii": 0.0, "#ii": 0.0, "#v": 0.0, "IV": 0.0, "VI": 0.0, "#II": 0.0, "v": 0.0, "iii": 0.0}, "#ii": {"ii": 0.0, "#VI": 0.0, "#vi": 0.0, "III": 0.0,