{"ii": 0.09534053088724734, "#VI": 0.006128744216251319, "#vi": 0.0011770435912005844, "III": 0.018507995778878156, "#IV": 0.0, "i": 0.025367318775874666, "#I": 0.0, "V": 0.18747463268122413, "#i": 0.005804042535920123, "#V": 4.0587710041399465e-05, "vi": 0.10130692426333306, "I": 0.24876207484373733, "II": 0.04391590226479422, "#iv": 0.013515707443786022, "VII": 0.0019076223719457748, "iv": 0.013880996834158617, "vii": 0.042820034093676435, "#ii": 0.0010958681711177856, "#v": 0.004302297264388343, "IV": 0.09229645263414238, "VI": 0.014773926455069405, "#II": 0.0006494033606623914, "v": 0.024799090835295072, "iii": 0.05613280298725546}