{"#ii": {"E": 0.02727272727272727, "A": 0.2545454545454545, "F": 0.0, "D#": 0.23636363636363636, "B": 0.0, "A#": 0.0, "F#": 0.2818181818181818, "D": 0.0, "G": 0.00909090909090909, "C#": 0.0, "C": 0.19090909090909092, "G#": 0.0}, "IV": {"E": 0.04247104247104247, "A": 0.3004028873594091, "F": 0.32667450058754405, "D#": 0.024676850763807285, "B": 0.005875440658049354, "A#": 0.00268591572939399, "F#": 0.0002518045996306866, "D": 0.0, "G": 0.02534832969615578, "C#": 0.0031895249286553636, "C": 0.26833976833976836, "G#": 8.393486654356219e-05}, "vi": {"E": 0.23836582737337123, "A": 0.3334966199666895, "F": 0.0, "D#": 0.002351327520329186, "B": 0.022043695503086116, "A#": 0.0010776917801508768, "F#": 0.0, "D": 0.020672087782894092, "G": 0.0925835211129617, "C#": 9.797198001371608e-05, "C": 0.28852748114039384, "G#": 0.0007837758401097286}, "v": {"E": 0.0, "A": 0.04393916116146874, "F": 0.08542018743278537, "D#": 0.00015363343063450608, "B": 0.0, "A#": 0.20663696420341066, "F#": 0.0016899677369795667, "D": 0.26563220156706097, "G": 0.366415732063297, "C#": 0.005991703794745736, "C": 0.020125979413120294, "G#": 0.003994469196497158}, "-II": {"E": 0.0, "A": 0.0, "F": 0.40350877192982454, "D#": 0.0, "B": 0.0, "A#": 0.0, "F#": 0.0, "D": 0.0, "G": 0.008771929824561403, "C#": 0.2982456140350877, "C": 0.07017543859649122, "G#": 0.21929824561403508}, "III": {"E": 0.06703485050466577, "A": 0.0016187392877547134, "F": 0.01990097124357265, "D#": 0.2970862692820415, "B": 0.06008379356313083, "A#": 0.19615311369262997, "F#": 0.00019043991620643687, "D": 0.04989525804608646, "G": 0.25490382784231574, "C#": 0.0044753380308512666, "C": 0.0, "G#": 0.04865739859074462}, "#vi": {"E": 0.004895960832313341, "A": 0.2692778457772338, "F": 0.0, "D#": 0.22276621787025705, "B": 0.0, "A#": 0.0055079559363525096, "F#": 0.004895960832313341, "D": 0.019583843329253364, "G": 0.15483476132190943, "C#": 0.0, "C": 0.3182374541003672, "G#": 0.0}, "#i": {"E": 0.3160621761658031, "A": 0.0, "F": 0.013816925734024179, "D#": 0.0017271157167530224, "B": 0.02072538860103627, "A#": 0.1001727115716753, "F#": 0.0017271157167530224, "D": 0.008635578583765112, "G": 0.27806563039723664, "C#": 0.25906735751295334, "C": 0.0, "G#": 0.0}, "VI": {"E": 0.26298487836949375, "A": 0.36028928336620647, "F": 0.0, "D#": 0.0, "B": 0.0019723865877712033, "A#": 0.0019723865877712033, "F#": 0.0, "D": 0.005917159763313609, "G": 0.12163050624589086, "C#": 0.24523339907955294, "C": 0.0, "G#": 0.0}, "-VI": {"E": 0.0060526315789473685, "A": 0.0, "F": 0.0, "D#": 0.24052631578947367, "B": 0.0013157894736842105, "A#": 0.017368421052631578, "F#": 0.0013157894736842105, "D": 0.012105263157894737, "G": 0.06947368421052631, "C#": 0.0010526315789473684, "C": 0.3455263157894737, "G#": 0.30526315789473685}, "VII": {"E": 0.005319148936170213, "A": 0.13297872340425532, "F": 0.0, "D#": 0.25, "B": 0.3776595744680851, "A#": 0.0, "F#": 0.23404255319148937, "D": 0.0, "G": 0.0, "C#": 0.0, "C": 0.0, "G#": 0.0}, "I": {"E": 0.28389551474354285, "A": 0.0, "F": 0.011999707324211604, "D#": 0.0, "B": 0.01606058388819785, "A#": 0.014853296261066804, "F#": 0.0005121826296919588, "D": 0.01832882124826224, "G": 0.26750567059340014, "C#": 7.316894709885125e-05, "C": 0.3857832735786932, "G#": 0.0009877807858344918}, "iv": {"E": 0.009358796003541166, "A": 0.0, "F": 0.3262931579613001, "D#": 0.06677627418742886, "B": 0.002402934109017326, "A#": 0.011888200328822563, "F#": 0.0, "D": 0.0, "G": 0.06854685721512584, "C#": 0.0, "C": 0.30061970405969396, "G#": 0.2141140761350702}, "II": {"E": 0.003780718336483932, "A": 0.2490118577075099, "F": 0.0, "D#": 0.00017185083347654237, "B": 0.0, "A#": 0.0, "F#": 0.2522770235435642, "D": 0.3516068052930057, "G": 0.007389585839491322, "C#": 0.0, "C": 0.13524660594603885, "G#": 0.0005155525004296271}, "-III": {"E": 0.0, "A": 0.0, "F": 0.018518518518518517, "D#": 0.2962962962962963, "B": 0.0, "A#": 0.16666666666666666, "F#": 0.07407407407407407, "D": 0.018518518518518517, "G": 0.4074074074074074, "C#": 0.018518518518518517, "C": 0.0, "G#": 0.0}, "-vii": {"E": 0.0, "A": 0.0288135593220339, "F": 0.39322033898305087, "D#": 0.00847457627118644, "B": 0.0, "A#": 0.3220338983050847, "F#": 0.0, "D": 0.0, "G": 0.0, "C#": 0.07796610169491526, "C": 0.13220338983050847, "G#": 0.03728813559322034}, "#iv": {"E": 0.057321772639691716, "A": 0.29672447013487474, "F": 0.0004816955684007707, "D#": 0.06888246628131021, "B": 0.005780346820809248, "A#": 0.001445086705202312, "F#": 0.25578034682080925, "D": 0.0, "G": 0.013969171483622351, "C#": 0.0038535645472061657, "C": 0.29383429672447015, "G#": 0.0019267822736030828}, "-iii": {"E": 0.0, "A": 0.0, "F": 0.0, "D#": 0.25, "B": 0.0, "A#": 0.5, "F#": 0.0, "D": 0.25, "G": 0.0, "C#": 0.0, "C": 0.0, "G#": 0.0}, "i": {"E": 0.0, "A": 0.0, "F": 0.009959282491471332, "D#": 0.2347859579619236, "B": 0.006547815560691097, "A#": 0.026906569825024762, "F#": 0.0001650709805216243, "D": 0.06371739848134698, "G": 0.2938813689886651, "C#": 0.00011004732034774953, "C": 0.36387146472983384, "G#": 5.5023660173874766e-05}, "iii": {"E": 0.2813810906744111, "A": 0.016295579219102935, "F": 0.03920619554695063, "D#": 0.03291384317521781, "B": 0.16182639561148757, "A#": 0.0701839303000968, "F#": 0.006776379477250726, "D": 0.09664407873507583, "G": 0.2942884801548887, "C#": 0.00016134236850596966, "C": 0.0, "G#": 0.00032268473701193933}, "#iii": {"E": 0.2544529262086514, "A": 0.002544529262086514, "F": 0.01272264631043257, "D#": 0.0, "B": 0.005089058524173028, "A#": 0.24427480916030533, "F#": 0.0, "D": 0.04071246819338423, "G": 0.3435114503816794, "C#": 0.089058524173028, "C": 0.0, "G#": 0.007633587786259542}, "vii": {"E": 0.02211126961483595, "A": 0.09819305753685212, "F": 0.23347598668568711, "D#": 0.0, "B": 0.2622444127436995, "A#": 0.0, "F#": 0.025439847836424157, "D": 0.32667617689015693, "G": 0.0, "C#": 0.0, "C": 0.029006181645268664, "G#": 0.0028530670470756064}, "-ii": {"E": 0.0, "A": 0.0, "F": 0.0, "D#": 0.25, "B": 0.0, "A#": 0.0, "F#": 0.0, "D": 0.0, "G": 0.0, "C#": 0.25, "C": 0.0, "G#": 0.5}, "ii": {"E": 0.01615056059797117, "A": 0.147757608115323, "F": 0.28470368392952483, "D#": 0.004137746930058729, "B": 6.673785371062466e-05, "A#": 6.673785371062466e-05, "F#": 6.673785371062466e-05, "D": 0.3032568072610785, "G": 0.04024292578750668, "C#": 0.0005339028296849973, "C": 0.13754671649759745, "G#": 0.0654698344901228}, "#v": {"E": 0.0, "A": 0.021844660194174758, "F": 0.13592233009708737, "D#": 0.0, "B": 0.2912621359223301, "A#": 0.0, "F#": 0.0024271844660194173, "D": 0.28398058252427183, "G": 0.0, "C#": 0.0, "C": 0.0048543689320388345, "G#": 0.25970873786407767}, "V": {"E": 0.0, "A": 0.0064836138175376435, "F": 0.07900797165633304, "D#": 7.0859167404783e-05, "B": 0.25721877767936224, "A#": 0.0, "F#": 0.0017006200177147918, "D": 0.25945084145261293, "G": 0.3888042515500443, "C#": 0.00010628875110717449, "C": 0.006377325066430469, "G#": 0.0007794508414526129}, "#vii": {"E": 0.0, "A": 0.002098635886673662, "F": 0.27911857292759706, "D#": 0.011542497376705142, "B": 0.25498426023084997, "A#": 0.0, "F#": 0.0026232948583420775, "D": 0.33945435466946483, "G": 0.0, "C#": 0.0, "C": 0.012591815320041973, "G#": 0.09758656873032528}, "-VII": {"E": 0.001963259009956528, "A": 0.012620950778291964, "F": 0.25971112045996353, "D#": 0.006170242602720516, "B": 0.0, "A#": 0.3662880381433179, "F#": 0.004347216379189454, "D": 0.2803253400645071, "G": 0.0, "C#": 0.00014023278642546626, "C": 0.007572570466975179, "G#": 0.060861029308652365}, "-vi": {"E": 0.0076045627376425855, "A": 0.0, "F": 0.0, "D#": 0.3840304182509506, "B": 0.026615969581749048, "A#": 0.26996197718631176, "F#": 0.0, "D": 0.0, "G": 0.026615969581749048, "C#": 0.0, "C": 0.0, "G#": 0.28517110266159695}, "-I": {"E": 0.0, "A": 0.0, "F": 0.0, "D#": 0.3333333333333333, "B": 0.3333333333333333, "A#": 0.0, "F#": 0.3333333333333333, "D": 0.0, "G": 0.0, "C#": 0.0, "C": 0.0, "G#": 0.0}}