{"#ii": 0.001055280461076386, "IV": 0.09229645263414238, "vi": 0.10130692426333306, "v": 0.024799090835295072, "-II": 0.0, "III": 0.018507995778878156, "#vi": 0.0, "#i": 0.005804042535920123, "VI": 0.014773926455069405, "-VI": 4.0587710041399465e-05, "VII": 0.0019076223719457748, "I": 0.24876207484373733, "iv": 0.013880996834158617, "II": 0.04391590226479422, "-III": 0.0006494033606623914, "-vii": 0.0011770435912005844, "#iv": 0.013515707443786022, "-iii": 4.0587710041399465e-05, "i": 0.025367318775874666, "iii": 0.05613280298725546, "#iii": 0.0, "vii": 0.042820034093676435, "-ii": 0.0, "ii": 0.09534053088724734, "#v": 0.004180534134264145, "V": 0.18747463268122413, "#vii": 0.0, "-VII": 0.006128744216251319, "-vi": 0.0001217631301241984, "-I": 0.0}