{"#VI": {"#VI": 0.0010377929603044194, "IV": 0.00034593098676813974, "iii": 0.0010377929603044194, "II": 0.00047565510680619216, "#ii": 4.324137334601747e-05, "#i": 8.648274669203493e-05, "iv": 8.648274669203493e-05, "vi": 0.00021620686673008734, "i": 8.648274669203493e-05, "#IV": 0.0, "VI": 0.00017296549338406987, "#iv": 0.0, "I": 0.0009080688402663668, "#vi": 0.00012972412003805242, "#I": 0.0, "III": 0.00017296549338406987, "V": 0.00021620686673008734, "#II": 0.0, "#v": 0.0, "ii": 0.0009080688402663668, "v": 0.000562137853498227, "vii": 0.0, "#V": 0.0, "VII": 0.0}, "IV": {"#VI": 0.0015999308138026464, "IV": 0.024344893193807834, "iii": 0.0024647582807229957, "II": 0.0009945515869584018, "#ii": 0.0, "#i": 0.00047565510680619216, "iv": 0.0024647582807229957, "vi": 0.006183516388480498, "i": 0.002032344547262821, "#IV": 0.0, "VI": 0.0009945515869584018, "#iv": 4.324137334601747e-05, "I": 0.013188618870535329, "#vi": 0.0005188964801522097, "#I": 0.0, "III": 0.0003891723601141572, "V": 0.018680273285479547, "#II": 0.0, "#v": 0.00030268961342212226, "ii": 0.007740205828937127, "v": 0.001470206693764594, "vii": 0.011026550203234455, "#V": 0.0, "VII": 0.0}, "iii": {"#VI": 0.00012972412003805242, "IV": 0.010853584709850385, "iii": 0.00955634350946986, "II": 0.0019891031739168036, "#ii": 0.00017296549338406987, "#i": 0.0010810343336504367, "iv": 8.648274669203493e-05, "vi": 0.00821586093574332, "i": 8.648274669203493e-05, "#IV": 0.0, "VI": 0.002248551413992908, "#iv": 0.0014269653204185765, "I": 0.006788895615324743, "#vi": 4.324137334601747e-05, "#I": 0.0, "III": 0.00021620686673008734, "V": 0.007653723082245092, "#II": 0.0, "#v": 4.324137334601747e-05, "ii": 0.003675516734411485, "v": 0.0014269653204185765, "vii": 0.0010810343336504367, "#V": 0.0, "VII": 0.00021620686673008734}, "II": {"#VI": 0.00017296549338406987, "IV": 0.00012972412003805242, "iii": 0.0018593790538787513, "II": 0.010853584709850385, "#ii": 4.324137334601747e-05, "#i": 0.0, "iv": 0.0, "vi": 0.001124275706996454, "i": 0.0003891723601141572, "#IV": 0.0, "VI": 0.00017296549338406987, "#iv": 0.001124275706996454, "I": 0.0016864135604946814, "#vi": 0.0, "#I": 0.0, "III": 0.0009080688402663668, "V": 0.022139583153160943, "#II": 0.0, "#v": 0.0005188964801522097, "ii": 0.0009080688402663668, "v": 0.0014269653204185765, "vii": 0.0017728963071867163, "#V": 0.0, "VII": 0.00017296549338406987}, "#ii": {"#VI": 4.324137334601747e-05, "IV": 0.0, "iii": 0.00047565510680619216, "II": 0.0, "#ii": 0.00012972412003805242, "#i": 0.0, "iv": 0.0, "vi": 8.648274669203493e-05, "i": 0.0, "#IV": 0.0, "VI": 4.324137334601747e-05, "#iv": 0.0, "I": 0.0, "#vi": 0.0, "#I": 0.0, "III": 8.648274669203493e-05, "V": 0.0, "#II": 0.0, "#v": 0.0, "ii": 0.0, "v": 0.0, "vii": 0.0, "#V": 0.0, "VII": 0.00021620686673008734}, "#i": {"#VI": 0.00012972412003805242, "IV": 0.00025944824007610484, "iii": 8.648274669203493e-05, "II": 0.00021620686673008734, "#ii": 0.0, "#i": 0.0003891723601141572, "iv": 0.0, "vi": 0.0, "i": 0.0, "#IV": 0.0, "VI": 0.000648620600190262, "#iv": 0.0, "I": 0.0, "#vi": 0.0, "#I": 0.0, "III": 0.0, "V": 0.00012972412003805242, "#II": 0.0, "#v": 0.0, "ii": 0.0034593098676813975, "v": 0.0006053792268442445, "vii": 0.0, "#V": 0.0, "VII": 8.648274669203493e-05}, "iv": {"#VI": 0.0, "IV": 0.00047565510680619216, "iii": 0.000562137853498227, "II": 4.324137334601747e-05, "#ii": 0.0, "#i": 4.324137334601747e-05, "iv": 0.0007783447202283144, "vi": 0.00017296549338406987, "i": 0.0015134480671106115, "#IV": 0.0, "VI": 4.324137334601747e-05, "#iv": 8.648274669203493e-05, "I": 0.0050159993081380265, "#vi": 4.324137334601747e-05, "#I": 0.0, "III": 4.324137334601747e-05, "V": 0.0026377237741070656, "#II": 0.0, "#v": 0.0, "ii": 0.0008215860935743319, "v": 0.00030268961342212226, "vii": 8.648274669203493e-05, "#V": 4.324137334601747e-05, "VII": 0.0}, "vi": {"#VI": 0.0008648274669203494, "IV": 0.00955634350946986, "iii": 0.004237654587909712, "II": 0.010291446856352159, "#ii": 0.00025944824007610484, "#i": 0.00021620686673008734, "iv": 0.000735103346882297, "vi": 0.02343682435354147, "i": 0.0009080688402663668, "#IV": 0.0, "VI": 0.0004324137334601747, "#iv": 0.004972757934792009, "I": 0.009513102136123844, "#vi": 4.324137334601747e-05, "#I": 0.0, "III": 0.003329585747643345, "V": 0.012107584536884892, "#II": 0.0, "#v": 0.0006918619735362795, "ii": 0.011502205310040647, "v": 0.001297241200380524, "vii": 0.0069618611087088125, "#V": 0.0, "VII": 0.00021620686673008734}, "i": {"#VI": 4.324137334601747e-05, "IV": 0.0013404825737265416, "iii": 0.00025944824007610484, "II": 0.000562137853498227, "#ii": 0.0, "#i": 4.324137334601747e-05, "iv": 0.00021620686673008734, "vi": 0.0010377929603044194, "i": 0.0019891031739168036, "#IV": 0.0, "VI": 0.0, "#iv": 8.648274669203493e-05, "I": 0.00393496497448759, "#vi": 0.0, "#I": 0.0, "III": 4.324137334601747e-05, "V": 0.010896826083196403, "#II": 0.0, "#v": 0.0, "ii": 0.0018593790538787513, "v": 0.0009945515869584018, "vii": 4.324137334601747e-05, "#V": 0.0, "VII": 0.0}, "#IV": {"#VI": 0.0, "IV": 0.0, "iii": 0.0, "II": 0.0, "#ii": 0.0, "#i": 0.0, "iv": 0.0, "vi": 0.0, "i": 0.0, "#IV": 0.0, "VI": 0.0, "#iv": 0.0, "I": 0.0, "#vi": 0.0, "#I": 0.0, "III": 0.0, "V": 0.0, "#II": 0.0, "#v": 0.0, "ii": 0.0, "v": 0.0, "vii": 0.0, "#V": 0.0, "VII": 0.0}, "VI": {"#VI": 0.00047565510680619216, "IV": 0.000735103346882297, "iii": 0.00047565510680619216, "II": 0.0010810343336504367, "#ii": 0.00012972412003805242, "#i": 0.00012972412003805242, "iv": 0.0, "vi": 0.001383723947072559, "i": 0.0, "#IV": 0.0, "VI": 0.002940413387529188, "#iv": 0.00025944824007610484, "I": 0.0005188964801522097, "#vi": 0.0, "#I": 0.0, "III": 4.324137334601747e-05, "V": 8.648274669203493e-05, "#II": 0.0, "#v": 0.0, "ii": 0.006140275015134481, "v": 0.0005188964801522097, "vii": 0.00034593098676813974, "#V": 0.0, "VII": 0.00017296549338406987}, "#iv": {"#VI": 4.324137334601747e-05, "IV": 4.324137334601747e-05, "iii": 0.000735103346882297, "II": 0.0010377929603044194, "#ii": 0.0, "#i": 0.0, "iv": 0.0, "vi": 0.0009513102136123843, "i": 0.00030268961342212226, "#IV": 0.0, "VI": 0.00025944824007610484, "#iv": 0.00021620686673008734, "I": 0.0005188964801522097, "#vi": 0.0, "#I": 0.0, "III": 0.000562137853498227, "V": 0.0076104817088990745, "#II": 4.324137334601747e-05, "#v": 8.648274669203493e-05, "ii": 4.324137334601747e-05, "v": 0.00030268961342212226, "vii": 0.00025944824007610484, "#V": 0.0, "VII": 0.00034593098676813974}, "I": {"#VI": 0.0005188964801522097, "IV": 0.03446337455677592, "iii": 0.008259102309089337, "II": 0.007826688575629162, "#ii": 0.0, "#i": 0.00034593098676813974, "iv": 0.005275447548214131, "vi": 0.015264204791144168, "i": 0.012064343163538873, "#IV": 0.0, "VI": 0.0007783447202283144, "#iv": 0.0038917236011415724, "I": 0.08592060883853671, "#vi": 0.00012972412003805242, "#I": 0.0, "III": 0.0009513102136123843, "V": 0.030485168208942315, "#II": 8.648274669203493e-05, "#v": 0.00030268961342212226, "ii": 0.031047306062440543, "v": 0.0032863443742973276, "vii": 0.0038917236011415724, "#V": 0.0, "VII": 4.324137334601747e-05}, "#vi": {"#VI": 0.0, "IV": 0.0006053792268442445, "iii": 0.0, "II": 0.0, "#ii": 0.0, "#i": 4.324137334601747e-05, "iv": 0.00017296549338406987, "vi": 4.324137334601747e-05, "i": 0.0, "#IV": 0.0, "VI": 0.0, "#iv": 0.0, "I": 0.0, "#vi": 8.648274669203493e-05, "#I": 0.0, "III": 0.0, "V": 0.0, "#II": 0.0, "#v": 0.0, "ii": 0.0, "v": 0.00021620686673008734, "vii": 0.0, "#V": 0.0, "VII": 0.0}, "#I": {"#VI": 0.0, "IV": 0.0, "iii": 0.0, "II": 0.0, "#ii": 0.0, "#i": 0.0, "iv": 0.0, "vi": 0.0, "i": 0.0, "#IV": 0.0, "VI": 0.0, "#iv": 0.0, "I": 0.0, "#vi": 0.0, "#I": 0.0, "III": 0.0, "V": 0.0, "#II": 0.0, "#v": 0.0, "ii": 0.0, "v": 0.0, "vii": 0.0, "#V": 0.0, "VII": 0.0}, "III": {"#VI": 0.0, "IV": 0.0013404825737265416, "iii": 0.0006053792268442445, "II": 4.324137334601747e-05, "#ii": 4.324137334601747e-05, "#i": 0.0, "iv": 0.0, "vi": 0.010464412349736227, "i": 0.0, "#IV": 0.0, "VI": 0.00021620686673008734,