{"#VI": {"#VI": 0.010477918935269207, "IV": 0.001088929219600726, "iii": 0.0011615245009074411, "II": 0.0005323653962492438, "#ii": 2.4198427102238353e-05, "#i": 4.8396854204476706e-05, "iv": 0.0019358741681790683, "vi": 0.00012099213551119177, "i": 0.004186327888687235, "#IV": 0.0, "VI": 0.00012099213551119177, "#iv": 0.00021778584392014518, "I": 0.0015003024803387779, "#vi": 0.0011857229280096795, "#I": 0.0, "III": 0.015099818511796733, "V": 0.000822746521476104, "#II": 0.0, "#v": 0.00019358741681790682, "ii": 0.0019600725952813067, "v": 0.0022020568663036902, "vii": 0.0, "#V": 0.0007259528130671506, "VII": 2.4198427102238353e-05}, "IV": {"#VI": 0.006533575317604356, "IV": 0.016600120992135512, "iii": 0.001645493042952208, "II": 0.0006533575317604356, "#ii": 0.0, "#i": 0.0002661826981246219, "iv": 0.001718088324258923, "vi": 0.0034603750756200848, "i": 0.0028554143980641256, "#IV": 0.0, "VI": 0.0005565638233514822, "#iv": 0.00019358741681790682, "I": 0.0074773139745916515, "#vi": 0.0009679370840895341, "#I": 2.4198427102238353e-05, "III": 0.0006049606775559589, "V": 0.012099213551119177, "#II": 0.0, "#v": 0.00016938898971566847, "ii": 0.005057471264367816, "v": 0.0016938898971566847, "vii": 0.006170598911070781, "#V": 0.0, "VII": 0.0}, "iii": {"#VI": 0.0022988505747126436, "IV": 0.006218995765275257, "iii": 0.00558983666061706, "II": 0.0011131276467029644, "#ii": 9.679370840895341e-05, "#i": 0.0006049606775559589, "iv": 0.0002903811252268603, "vi": 0.004597701149425287, "i": 0.0002661826981246219, "#IV": 0.0, "VI": 0.0012583182093163945, "#iv": 0.0007985480943738657, "I": 0.0037991530550514217, "#vi": 0.0002661826981246219, "#I": 4.8396854204476706e-05, "III": 0.0005323653962492438, "V": 0.004331518451300666, "#II": 0.0, "#v": 4.8396854204476706e-05, "ii": 0.002105263157894737, "v": 0.0007985480943738657, "vii": 0.0006049606775559589, "#V": 0.00019358741681790682, "VII": 0.00012099213551119177}, "II": {"#VI": 0.0002903811252268603, "IV": 7.259528130671507e-05, "iii": 0.0010405323653962493, "II": 0.008154869933454325, "#ii": 2.4198427102238353e-05, "#i": 0.0, "iv": 4.8396854204476706e-05, "vi": 0.0006291591046581973, "i": 0.0005565638233514822, "#IV": 0.0, "VI": 9.679370840895341e-05, "#iv": 0.0008711433756805807, "I": 0.001016333938294011, "#vi": 4.8396854204476706e-05, "#I": 0.0, "III": 0.0008953418027828191, "V": 0.014615849969751966, "#II": 0.0, "#v": 0.0002903811252268603, "ii": 0.0006533575317604356, "v": 0.003557168784029038, "vii": 0.0009921355111917726, "#V": 0.0, "VII": 9.679370840895341e-05}, "#ii": {"#VI": 2.4198427102238353e-05, "IV": 0.0, "iii": 0.0002661826981246219, "II": 0.0, "#ii": 7.259528130671507e-05, "#i": 0.0, "iv": 0.0, "vi": 4.8396854204476706e-05, "i": 0.0, "#IV": 0.0, "VI": 2.4198427102238353e-05, "#iv": 0.0, "I": 0.0, "#vi": 0.0, "#I": 0.0, "III": 4.8396854204476706e-05, "V": 0.0, "#II": 0.0, "#v": 0.0, "ii": 0.0, "v": 0.0, "vii": 0.0, "#V": 0.0, "VII": 0.00012099213551119177}, "#i": {"#VI": 7.259528130671507e-05, "IV": 0.00014519056261343014, "iii": 4.8396854204476706e-05, "II": 0.00012099213551119177, "#ii": 0.0, "#i": 0.00021778584392014518, "iv": 0.0, "vi": 0.0, "i": 0.0, "#IV": 0.0, "VI": 0.0003629764065335753, "#iv": 0.0, "I": 0.0, "#vi": 0.0, "#I": 0.0, "III": 0.0, "V": 7.259528130671507e-05, "#II": 0.0, "#v": 2.4198427102238353e-05, "ii": 0.0019842710223835452, "v": 0.000411373260738052, "vii": 0.0, "#V": 2.4198427102238353e-05, "VII": 4.8396854204476706e-05}, "iv": {"#VI": 0.004694494857834241, "IV": 0.0009437386569872958, "iii": 0.0005565638233514822, "II": 0.00014519056261343014, "#ii": 0.0, "#i": 2.4198427102238353e-05, "iv": 0.011107078039927405, "vi": 9.679370840895341e-05, "i": 0.007186932849364791, "#IV": 0.0, "VI": 4.8396854204476706e-05, "#iv": 0.0002661826981246219, "I": 0.004767090139140956, "#vi": 0.0006775559588626739, "#I": 0.00012099213551119177, "III": 0.002928009679370841, "V": 0.007525710828796129, "#II": 0.0, "#v": 9.679370840895341e-05, "ii": 0.00500907441016334, "v": 0.002928009679370841, "vii": 4.8396854204476706e-05, "#V": 0.0015486993345432546, "VII": 0.0}, "vi": {"#VI": 0.0004839685420447671, "IV": 0.005347852389594676, "iii": 0.002371445856019359, "II": 0.005759225650332728, "#ii": 0.00014519056261343014, "#i": 0.00012099213551119177, "iv": 0.000411373260738052, "vi": 0.013115547489413189, "i": 0.0005081669691470055, "#IV": 0.0, "VI": 0.00024198427102238354, "#iv": 0.0027828191167574108, "I": 0.005323653962492438, "#vi": 2.4198427102238353e-05, "#I": 0.0, "III": 0.0018632788868723532, "V": 0.006775559588626739, "#II": 0.0, "#v": 0.00038717483363581365, "ii": 0.006436781609195402, "v": 0.0007259528130671506, "vii": 0.003895946763460375, "#V": 0.0, "VII": 0.00012099213551119177}, "i": {"#VI": 0.004210526315789474, "IV": 0.004597701149425287, "iii": 0.00033877797943133694, "II": 0.0018148820326678765, "#ii": 0.0, "#i": 4.8396854204476706e-05, "iv": 0.00796128251663642, "vi": 0.0005807622504537206, "i": 0.04551724137931035, "#IV": 0.0, "VI": 0.0, "#iv": 0.0011131276467029644, "I": 0.0030248033877797943, "#vi": 0.002516636418632789, "#I": 7.259528130671507e-05, "III": 0.0052994555353902, "V": 0.020326678765880218, "#II": 0.0, "#v": 4.8396854204476706e-05, "ii": 0.015970961887477313, "v": 0.004815486993345433, "vii": 2.4198427102238353e-05, "#V": 0.004452510586811858, "VII": 0.0}, "#IV": {"#VI": 0.0, "IV": 0.0, "iii": 0.0, "II": 0.0, "#ii": 0.0, "#i": 0.0, "iv": 0.0, "vi": 0.0, "i": 0.0, "#IV": 0.0, "VI": 0.0, "#iv": 0.0, "I": 0.0, "#vi": 0.0, "#I": 0.0, "III": 0.0, "V": 0.0, "#II": 0.0, "#v": 0.0, "ii": 0.0, "v": 0.0, "vii": 0.0, "#V": 0.0, "VII": 0.0}, "VI": {"#VI": 0.0002903811252268603, "IV": 0.000411373260738052, "iii": 0.0002661826981246219, "II": 0.0006775559588626739, "#ii": 7.259528130671507e-05, "#i": 7.259528130671507e-05, "iv": 0.0, "vi": 0.0007743496672716273, "i": 0.0, "#IV": 0.0, "VI": 0.0016938898971566847, "#iv": 0.00014519056261343014, "I": 0.0002903811252268603, "#vi": 0.0, "#I": 0.0, "III": 2.4198427102238353e-05, "V": 4.8396854204476706e-05, "#II": 0.0, "#v": 0.0, "ii": 0.003436176648517846, "v": 0.0002903811252268603, "vii": 0.00019358741681790682, "#V": 0.0, "VII": 9.679370840895341e-05}, "#iv": {"#VI": 2.4198427102238353e-05, "IV": 2.4198427102238353e-05, "iii": 0.000411373260738052, "II": 0.0011615245009074411, "#ii": 0.0, "#i": 4.8396854204476706e-05, "iv": 0.0, "vi": 0.0005323653962492438, "i": 0.0006533575317604356, "#IV": 0.0, "VI": 0.00014519056261343014, "#iv": 0.0002903811252268603, "I": 0.0002903811252268603, "#vi": 0.00014519056261343014, "#I": 0.0, "III": 0.00038717483363581365, "V": 0.005493042952208107, "#II": 2.4198427102238353e-05, "#v": 4.8396854204476706e-05, "ii": 7.259528130671507e-05, "v": 0.0018390804597701149, "vii": 0.00014519056261343014, "#V": 2.4198427102238353e-05, "VII": 0.00019358741681790682}, "I": {"#VI": 0.0003629764065335753, "IV": 0.020375075620084695, "iii": 0.004621899576527526, "II": 0.004791288566243194, "#ii": 0.0, "#i": 0.00019358741681790682, "iv": 0.006509376890502117, "vi": 0.008542044767090138, "i": 0.007307924984875983, "#IV": 0.0, "VI": 0.00043557168784029036, "#iv": 0.002444041137326074, "I": 0.04972776769509982, "#vi": 0.0003629764065335753, "#I": 4.8396854204476706e-05, "III": 0.0005807622504537206, "V": 0.017108287961282515, "#II": 4.8396854204476706e-05, "#v": 0.00016938898971566847, "ii": 0.017689050211736237, "v": 0.0021294615849969754, "vii": 0.002177858439201452, "#V": 0.00024198427102238354, "VII": 2.4198427102238353e-05}, "#vi": {"#VI": 0.0031699939503932245, "IV": 0.0009679370840895341, "iii": 0.00024198427102238354, "II": 0.0014519056261343012, "#ii": 0.0, "#i": 4.8396854204476706e-05, "iv": 0.0009921355111917726, "vi": 2.4198427102238353e-05, "i": 0.0014277071990320628, "#IV": 0.0, "VI": 2.4198427102238353e-05, "#iv": 0.0006775559588626739, "I": 0.00038717483363581365, "#vi": 0.0008469449485783424, "#I": 7.259528130671507e-05, "III": 0.0006049606775559589, "V": 0.0012341197822141562, "#II": 0.0, "#v": 0.0,