{"III": {"F": 0.009594882729211088, "A": 0.0037313432835820895, "B": 0.26705756929637525, "E": 0.3752665245202559, "G": 0.0, "D#": 0.0, "A#": 0.0, "G#": 0.2462686567164179, "F#": 0.0, "C#": 0.0, "D": 0.09808102345415778, "C": 0.0}, "iii": {"F": 0.015312556296162854, "A": 0.018194919834264096, "B": 0.18032786885245902, "E": 0.3141776256530355, "G": 0.32858944334354173, "D#": 0.0001801477211313277, "A#": 0.03116555575571969, "G#": 0.0, "F#": 0.00702576112412178, "C#": 0.0, "D": 0.10502612141956404, "C": 0.0}, "#iv": {"F": 0.0007434944237918215, "A": 0.3100371747211896, "B": 0.008921933085501859, "E": 0.08773234200743495, "G": 0.019330855018587362, "D#": 0.01486988847583643, "A#": 0.001486988847583643, "G#": 0.0, "F#": 0.2572490706319703, "C#": 0.005947955390334572, "D": 0.0, "C": 0.2936802973977695}, "VI": {"F": 0.0, "A": 0.36005344021376084, "B": 0.002004008016032064, "E": 0.26452905811623245, "G": 0.12024048096192384, "D#": 0.0, "A#": 0.002004008016032064, "G#": 0.0, "F#": 0.0, "C#": 0.24515698062792252, "D": 0.006012024048096192, "C": 0.0}, "-VI": {"F": 0.0, "A": 0.0, "B": 0.0, "E": 0.0, "G": 0.5, "D#": 0.0, "A#": 0.0, "G#": 0.25, "F#": 0.0, "C#": 0.0, "D": 0.0, "C": 0.25}, "IV": {"F": 0.3213751868460389, "A": 0.3105915011744608, "B": 0.007367072389493914, "E": 0.05391842835789024, "G": 0.029895366218236172, "D#": 0.0009609224855861628, "A#": 0.0024556907964979713, "G#": 0.00010676916506512919, "F#": 0.00010676916506512919, "C#": 0.004057228272474909, "D": 0.0, "C": 0.2691650651291907}, "-VII": {"F": 0.24086378737541528, "A": 0.06312292358803986, "B": 0.0, "E": 0.013289036544850499, "G": 0.0, "D#": 0.0, "A#": 0.3106312292358804, "G#": 0.0, "F#": 0.014950166112956811, "C#": 0.0016611295681063123, "D": 0.3372093023255814, "C": 0.018272425249169437}, "-vii": {"F": 0.46534653465346537, "A": 0.12871287128712872, "B": 0.0, "E": 0.0, "G": 0.0, "D#": 0.0, "A#": 0.297029702970297, "G#": 0.0, "F#": 0.0, "C#": 0.019801980198019802, "D": 0.0, "C": 0.0891089108910891}, "v": {"F": 0.09360730593607305, "A": 0.08538812785388128, "B": 0.0, "E": 0.0, "G": 0.38949771689497714, "D#": 0.00045662100456621003, "A#": 0.10091324200913242, "G#": 0.0, "F#": 0.0031963470319634705, "C#": 0.0018264840182648401, "D": 0.30547945205479454, "C": 0.019634703196347032}, "I": {"F": 0.01287011448874852, "A": 0.0, "B": 0.017291748914330832, "E": 0.2861034346624556, "G": 0.26790367153572836, "D#": 0.0, "A#": 0.010303987366758784, "G#": 0.0010659297275957362, "F#": 0.0005527043031977891, "C#": 0.0, "D": 0.0196999605211212, "C": 0.3842084484800632}, "vii": {"F": 0.23347598668568711, "A": 0.09819305753685212, "B": 0.2622444127436995, "E": 0.02211126961483595, "G": 0.0, "D#": 0.0, "A#": 0.0, "G#": 0.0028530670470756064, "F#": 0.025439847836424157, "C#": 0.0, "D": 0.32667617689015693, "C": 0.029006181645268664}, "-iii": {"F": 0.0, "A": 0.0, "B": 0.0, "E": 0.0, "G": 0.0, "D#": 0.25, "A#": 0.5, "G#": 0.0, "F#": 0.0, "C#": 0.0, "D": 0.25, "C": 0.0}, "iv": {"F": 0.32525083612040134, "A": 0.0, "B": 0.0, "E": 0.056856187290969896, "G": 0.2048494983277592, "D#": 0.0008361204013377926, "A#": 0.0008361204013377926, "G#": 0.017558528428093644, "F#": 0.0, "C#": 0.0, "D": 0.0, "C": 0.39381270903010035}, "II": {"F": 0.0, "A": 0.25226654578422486, "B": 0.0, "E": 0.004986400725294651, "G": 0.009066183136899365, "D#": 0.0, "A#": 0.0, "G#": 0.0, "F#": 0.25203989120580234, "C#": 0.0, "D": 0.3470081595648232, "C": 0.1346328195829556}, "-III": {"F": 0.018518518518518517, "A": 0.0, "B": 0.0, "E": 0.0, "G": 0.4074074074074074, "D#": 0.2962962962962963, "A#": 0.16666666666666666, "G#": 0.0, "F#": 0.07407407407407407, "C#": 0.018518518518518517, "D": 0.018518518518518517, "C": 0.0}, "-vi": {"F": 0.0, "A": 0.0, "B": 0.16666666666666666, "E": 0.3333333333333333, "G": 0.0, "D#": 0.0, "A#": 0.0, "G#": 0.5, "F#": 0.0, "C#": 0.0, "D": 0.0, "C": 0.0}, "V": {"F": 0.0733014254500052, "A": 0.00926022266153366, "B": 0.25892206846321925, "E": 0.0, "G": 0.3892935178441369, "D#": 0.00010404744563520966, "A#": 0.0, "G#": 0.00010404744563520966, "F#": 0.0024971386952450316, "C#": 0.00015607116845281447, "D": 0.258557902403496, "C": 0.007803558422640724}, "VII": {"F": 0.0, "A": 0.13297872340425532, "B": 0.3776595744680851, "E": 0.005319148936170213, "G": 0.0, "D#": 0.25, "A#": 0.0, "G#": 0.0, "F#": 0.23404255319148937, "C#": 0.0, "D": 0.0, "C": 0.0}, "vi": {"F": 0.0, "A": 0.3334966199666895, "B": 0.022043695503086116, "E": 0.23836582737337123, "G": 0.0925835211129617, "D#": 0.002351327520329186, "A#": 0.0010776917801508768, "G#": 0.0007837758401097286, "F#": 0.0, "C#": 9.797198001371608e-05, "D": 0.020672087782894092, "C": 0.28852748114039384}, "i": {"F": 0.00043591979075850045, "A": 0.0, "B": 0.02746294681778553, "E": 0.0, "G": 0.4115082824760244, "D#": 0.005666957279860506, "A#": 0.010897994768962511, "G#": 0.00043591979075850045, "F#": 0.0, "C#": 0.0, "D": 0.2136006974716652, "C": 0.32999128160418484}, "#i": {"F": 0.014311270125223614, "A": 0.0, "B": 0.02146690518783542, "E": 0.32021466905187834, "G": 0.2772808586762075, "D#": 0.0, "A#": 0.09660107334525939, "G#": 0.0, "F#": 0.0017889087656529517, "C#": 0.259391771019678, "D": 0.008944543828264758, "C": 0.0}, "#v": {"F": 0.13592233009708737, "A": 0.021844660194174758, "B": 0.2912621359223301, "E": 0.0, "G": 0.0, "D#": 0.0, "A#": 0.0, "G#": 0.25970873786407767, "F#": 0.0024271844660194173, "C#": 0.0, "D": 0.28398058252427183, "C": 0.0048543689320388345}, "#ii": {"F": 0.0, "A": 0.2545454545454545, "B": 0.0, "E": 0.02727272727272727, "G": 0.00909090909090909, "D#": 0.23636363636363636, "A#": 0.0, "G#": 0.0, "F#": 0.2818181818181818, "C#": 0.0, "D": 0.0, "C": 0.19090909090909092}, "ii": {"F": 0.26959149645685704, "A": 0.21488120050020842, "B": 0.0, "E": 0.024906210921217174, "G": 0.043247186327636515, "D#": 0.00010421008753647353, "A#": 0.0, "G#": 0.0011463109629012088, "F#": 0.00010421008753647353, "C#": 0.0008336807002917883, "D": 0.3179449770737807, "C": 0.1272405168820342}}