{"ii": {"ii": 0.017942730736143542, "#VI": 0.0009421981893408709, "#vi": 0.00012289541600098315, "III": 0.002539838597353652, "#IV": 0.0, "i": 0.0015566752693457868, "#I": 0.0, "V": 0.01876203350948343, "#i": 0.0006554422186719102, "#V": 0.0, "vi": 0.00401458358936545, "I": 0.017164393101470648, "II": 0.0007783376346728934, "#iv": 4.096513866699439e-05, "VII": 8.193027733398878e-05, "iv": 0.000737372496005899, "vii": 0.010200319528081602, "#ii": 8.193027733398878e-05, "#v": 0.0010650936053418541, "IV": 0.004137479005366433, "VI": 0.003604932202695506, "#II": 8.193027733398878e-05, "v": 0.0018843963786817418, "iii": 0.009831633280078652}, "#VI": {"ii": 0.0009012330506738765, "#VI": 0.0009831633280078652, "#vi": 0.00012289541600098315, "III": 0.00016386055466797756, "#IV": 0.0, "i": 8.193027733398878e-05, "#I": 0.0, "V": 0.00020482569333497193, "#i": 8.193027733398878e-05, "#V": 0.0, "vi": 0.00020482569333497193, "I": 0.0008602679120068822, "II": 0.00045061652533693827, "#iv": 0.0, "VII": 0.0, "iv": 8.193027733398878e-05, "vii": 0.0, "#ii": 4.096513866699439e-05, "#v": 0.0, "IV": 0.0003277211093359551, "VI": 0.00016386055466797756, "#II": 0.0, "v": 0.0005325468026709271, "iii": 0.0009831633280078652}, "#vi": {"ii": 0.0, "#VI": 0.0, "#vi": 8.193027733398878e-05, "III": 0.0, "#IV": 0.0, "i": 0.0, "#I": 0.0, "V": 0.0, "#i": 4.096513866699439e-05, "#V": 0.0, "vi": 4.096513866699439e-05, "I": 0.0, "II": 0.0, "#iv": 0.0, "VII": 0.0, "iv": 0.00016386055466797756, "vii": 0.0, "#ii": 0.0, "#v": 0.0, "IV": 0.0006144770800049158, "VI": 0.0, "#II": 0.0, "v": 0.00020482569333497193, "iii": 4.096513866699439e-05}, "III": {"ii": 0.0002457908320019663, "#VI": 0.0, "#vi": 0.0, "III": 0.004751956085371349, "#IV": 0.0, "i": 4.096513866699439e-05, "#I": 0.0, "V": 0.0, "#i": 0.0, "#V": 0.0, "vi": 0.010159354389414609, "I": 0.00045061652533693827, "II": 4.096513866699439e-05, "#iv": 0.0003277211093359551, "VII": 0.0, "iv": 0.0, "vii": 0.00012289541600098315, "#ii": 8.193027733398878e-05, "#v": 0.0003686862480029495, "IV": 0.001269919298676826, "VI": 0.00020482569333497193, "#II": 0.0, "v": 0.0, "iii": 0.0005735119413379214}, "#IV": {"ii": 0.0, "#VI": 0.0, "#vi": 0.0, "III": 0.0, "#IV": 0.0, "i": 0.0, "#I": 0.0, "V": 0.0, "#i": 0.0, "#V": 0.0, "vi": 0.0, "I": 0.0, "II": 0.0, "#iv": 0.0, "VII": 0.0, "iv": 0.0, "vii": 0.0, "#ii": 0.0, "#v": 0.0, "IV": 0.0, "VI": 0.0, "#II": 0.0, "v": 0.0, "iii": 0.0}, "i": {"ii": 0.0020482569333497196, "#VI": 4.096513866699439e-05, "#vi": 0.0, "III": 4.096513866699439e-05, "#IV": 0.0, "i": 0.0029904551226905903, "#I": 0.0, "V": 0.01036418008274958, "#i": 4.096513866699439e-05, "#V": 0.0, "vi": 0.0011470238826758428, "I": 0.004792921224038344, "II": 0.0005325468026709271, "#iv": 8.193027733398878e-05, "VII": 0.0, "iv": 0.0002867559706689607, "vii": 0.00020482569333497193, "#ii": 0.0, "#v": 0.0, "IV": 0.0013518495760108148, "VI": 0.0, "#II": 0.00016386055466797756, "v": 0.0011879890213428372, "iii": 0.0002867559706689607}, "#I": {"ii": 0.0, "#VI": 0.0, "#vi": 0.0, "III": 0.0, "#IV": 0.0, "i": 0.0, "#I": 0.0, "V": 0.0, "#i": 0.0, "#V": 0.0, "vi": 0.0, "I": 0.0, "II": 0.0, "#iv": 0.0, "VII": 0.0, "iv": 0.0, "vii": 0.0, "#ii": 0.0, "#v": 0.0, "IV": 0.0, "VI": 0.0, "#II": 0.0, "v": 0.0, "iii": 0.0}, "V": {"ii": 0.004792921224038344, "#VI": 0.0, "#vi": 0.0, "III": 0.002457908320019663, "#IV": 0.0, "i": 0.0020482569333497196, "#I": 0.0, "V": 0.05464749498177051, "#i": 0.001802466101347753, "#V": 0.0, "vi": 0.020113883085494243, "I": 0.07123837614190325, "II": 0.004137479005366433, "#iv": 0.000737372496005899, "VII": 0.00012289541600098315, "iv": 0.0010650936053418541, "vii": 0.003236245954692557, "#ii": 4.096513866699439e-05, "#v": 0.00012289541600098315, "IV": 0.004137479005366433, "VI": 0.0011470238826758428, "#II": 0.0, "v": 0.006267666216050141, "iii": 0.010896726885420507}, "#i": {"ii": 0.003277211093359551, "#VI": 0.00012289541600098315, "#vi": 0.0, "III": 0.0, "#IV": 0.0, "i": 0.0, "#I": 0.0, "V": 0.00012289541600098315, "#i": 0.0003686862480029495, "#V": 0.0, "vi": 0.0, "I": 0.0, "II": 0.00020482569333497193, "#iv": 0.0, "VII": 8.193027733398878e-05, "iv": 4.096513866699439e-05, "vii": 0.0, "#ii": 0.0, "#v": 0.0, "IV": 0.0002457908320019663, "VI": 0.0006144770800049158, "#II": 0.0, "v": 0.0006144770800049158, "iii": 0.00016386055466797756}, "#V": {"ii": 0.0, "#VI": 0.0, "#vi": 0.0, "III": 0.0, "#IV": 0.0, "i": 0.0, "#I": 0.0, "V": 0.0, "#i": 0.0, "#V": 0.0, "vi": 0.0, "I": 0.0, "II": 0.0, "#iv": 0.0, "VII": 0.0, "iv": 4.096513866699439e-05, "vii": 0.0, "#ii": 0.0, "#v": 0.0, "IV": 0.0, "VI": 0.0, "#II": 0.0, "v": 0.0, "iii": 0.0}, "vi": {"ii": 0.011429273688091435, "#VI": 0.0008193027733398877, "#vi": 4.096513866699439e-05, "III": 0.0033181762320265455, "#IV": 0.0, "i": 0.0011879890213428372, "#I": 0.0, "V": 0.01175699479742739, "#i": 0.00020482569333497193, "#V": 0.0, "vi": 0.02474294375486461, "I": 0.009462947032075704, "II": 0.010036458973413626, "#iv": 0.004833886362705338, "VII": 0.00020482569333497193, "iv": 0.0007783376346728934, "vii": 0.006800213018721068, "#ii": 0.0002457908320019663, "#v": 0.0008193027733398877, "IV": 0.009503912170742698, "VI": 0.00045061652533693827, "#II": 0.0, "v": 0.0013108844373438205, "iii": 0.0041784441440334275}, "I": {"ii": 0.029822620949571915, "#VI": 0.0004915816640039326, "#vi": 0.00016386055466797756, "III": 0.0009012330506738765, "#IV": 0.0, "i": 0.012371471877432306, "#I": 0.0, "V": 0.029453934701568964, "#i": 0.0003277211093359551, "#V": 0.0, "vi": 0.015157101306787924, "I": 0.08660030314202613, "II": 0.007578550653393962, "#iv": 0.0037278276186964894, "VII": 4.096513866699439e-05, "iv": 0.005079677194707304, "vii": 0.004301339560034411, "#ii": 0.0, "#v": 0.0002867559706689607, "IV": 0.03334562287493343, "VI": 0.000737372496005899, "#II": 8.193027733398878e-05, "v": 0.0033181762320265455, "iii": 0.008643644258735816}, "II": {"ii": 0.0011879890213428372, "#VI": 0.00016386055466797756, "#vi": 0.0, "III": 0.0008602679120068822, "#IV": 0.0, "i": 0.0003686862480029495, "#I": 0.0, "V": 0.021547662938839047, "#i": 0.0, "#V": 0.0, "vi": 0.0011060587440088485, "I": 0.0015976404080127811, "II": 0.010528040637417557, "#iv": 0.0010650936053418541, "VII": 0.00016386055466797756, "iv": 0.0, "vii": 0.0017615009626807587, "#ii": 4.096513866699439e-05, "#v": 0.0004915816640039326, "IV": 0.00012289541600098315, "VI": 0.00016386055466797756, "#II": 0.0, "v": 0.0013518495760108148, "iii": 0.001802466101347753}, "#iv": {"ii": 4.096513866699439e-05, "#VI": 4.096513866699439e-05, "#vi": 0.0, "III": 0.0005325468026709271, "#IV": 0.0, "i": 0.0003277211093359551, "#I": 0.0, "V": 0.007496620376059973, "#i": 0.0, "#V": 0.0, "vi": 0.0009012330506738765, "I": 0.0004915816640039326, "II": 0.0009831633280078652, "#iv": 0.0008193027733398877, "VII": 0.0003277211093359551, "iv": 0.0, "vii": 0.0002457908320019663, "#ii": 0.0, "#v": 0.00012289541600098315, "IV": 4.096513866699439e-05, "VI": 0.0002457908320019663, "#II": 4.096513866699439e-05, "v": 0.0002867559706689607, "iii": 0.0006964073573389046}, "VII": {"ii": 0.0, "#VI": 0.0, "#vi": 0.0, "III": 0.00012289541600098315, "#IV": 0.0, "i": 0.0, "#I": 0.0, "V": 8.193027733398878e-05, "#i": 4.096513866699439e-05, "#V": 0.0, "vi": 4.096513866699439e-05, "I": 0.00016386055466797756, "II": 0.0, "#iv": 4.096513866699439e-05, "VII": 0.0003277211093359551, "iv": 0.0, "vii": 4.096513866699439e-05, "#ii": 8.193027733398878e-05, "#v": 0.0, "IV": 0.0, "VI": 4.096513866699439e-05, "#II": 0.0, "v": 0.0, "iii": 0.0009421981893408709}, "iv": {"ii": 0.0011470238826758428, "#VI": 0.0, "#vi": 4.096513866699439e-05, "III": 4.096513866699439e-05, "#IV": 0.0, "i": 0.001474744992011798, "#I": 0.0, "V": 0.0025808037360206463, "#i": 4.096513866699439e-05, "#V": 4.096513866699439e-05, "vi": 0.0002457908320019663, "I": 0.004833886362705338, "II": 4.096513866699439e-05, "#iv": 0.00012289541600098315, "VII": 0.0, "iv": 0.001269919298676826, "vii": 0.0003277211093359551, "#ii": 0.0, "#v": 0.0,