{"-VI": 0.053217955651703626, "i": 0.2210924824229313, "VI": 0.00032449972958355867, "#iii": 0.005408328826392645, "II": 0.019253650621957816, "-vii": 0.006814494321254732, "iii": 0.009140075716603569, "-ii": 0.00010816657652785289, "v": 0.05965386695511087, "III": 0.11990265008112493, "#vii": 0.026230394808004327, "I": 0.02769064359113034, "#iv": 0.010005408328826392, "#i": 0.00027041644131963225, "-vi": 0.003623580313683072, "IV": 0.035100054083288264, "-VII": 0.08972417522985397, "-I": 5.4083288263926445e-05, "iv": 0.09232017306652245, "#vi": 0.0224986479177934, "V": 0.1230935640886966, "ii": 0.07285018929150892, "-II": 0.0016224986479177934}