{"III": {"III": 0.004751956085371349, "iii": 0.0005735119413379214, "#iv": 0.0003277211093359551, "VI": 0.00020482569333497193, "-VI": 0.0, "IV": 0.001269919298676826, "-VII": 0.0, "i": 4.096513866699439e-05, "v": 0.0, "I": 0.00045061652533693827, "vii": 0.00012289541600098315, "-iii": 0.0, "iv": 0.0, "II": 4.096513866699439e-05, "-III": 0.0, "#i": 0.0, "-vi": 0.0, "V": 0.0, "VII": 0.0, "ii": 0.0002457908320019663, "-vii": 0.0, "#v": 0.0003686862480029495, "#ii": 8.193027733398878e-05, "vi": 0.010159354389414609}, "iii": {"III": 0.00020482569333497193, "iii": 0.009585842448076688, "#iv": 0.0013518495760108148, "VI": 0.002212117488017697, "-VI": 0.0, "IV": 0.010487075498750564, "-VII": 0.00016386055466797756, "-vii": 4.096513866699439e-05, "VII": 0.00020482569333497193, "I": 0.007250829544058006, "vii": 0.0010241284666748598, "-iii": 0.0, "iv": 0.00016386055466797756, "II": 0.002007291794682725, "-III": 0.0, "-vi": 4.096513866699439e-05, "V": 0.007291794682725001, "v": 0.0016795706853467698, "ii": 0.003482036786694523, "i": 8.193027733398878e-05, "#i": 0.0010241284666748598, "#v": 0.0, "#ii": 0.00016386055466797756, "vi": 0.008193027733398878}, "#iv": {"III": 0.0005325468026709271, "iii": 0.0006964073573389046, "#iv": 0.0008193027733398877, "VI": 0.0002457908320019663, "-VI": 0.0, "IV": 4.096513866699439e-05, "-VII": 4.096513866699439e-05, "-vii": 0.0, "VII": 0.0003277211093359551, "I": 0.0004915816640039326, "vii": 0.0002457908320019663, "-iii": 0.0, "iv": 0.0, "II": 0.0009831633280078652, "-III": 4.096513866699439e-05, "-vi": 4.096513866699439e-05, "V": 0.007496620376059973, "v": 0.0002867559706689607, "ii": 4.096513866699439e-05, "i": 0.0003277211093359551, "#i": 0.0, "#v": 8.193027733398878e-05, "#ii": 0.0, "vi": 0.0009012330506738765}, "VI": {"III": 4.096513866699439e-05, "iii": 0.0004915816640039326, "#iv": 0.0002457908320019663, "VI": 0.0027856294293556183, "-VI": 0.0, "IV": 0.0006964073573389046, "-VII": 0.00045061652533693827, "-vii": 0.0, "v": 0.0004915816640039326, "I": 0.0004915816640039326, "vii": 0.0003277211093359551, "-iii": 0.0, "iv": 0.0, "II": 0.0010650936053418541, "ii": 0.005898979968047192, "-III": 0.0, "#i": 0.00012289541600098315, "-vi": 0.0, "V": 8.193027733398878e-05, "VII": 0.00016386055466797756, "vi": 0.0013108844373438205, "i": 0.0, "#ii": 0.00012289541600098315, "#v": 0.0}, "-VI": {"III": 0.0, "iii": 0.0, "II": 0.0, "VI": 0.0, "-VI": 0.0, "IV": 0.0, "-VII": 0.0, "#i": 0.0, "v": 0.0, "I": 0.0, "-vii": 0.0, "vii": 0.0, "-iii": 0.0, "iv": 4.096513866699439e-05, "#iv": 0.0, "ii": 0.0, "-III": 0.0, "#ii": 0.0, "V": 0.0, "VII": 0.0, "vi": 0.0, "i": 0.0, "-vi": 0.0, "#v": 0.0}, "IV": {"III": 0.00040965138666994386, "iii": 0.0023759780426856744, "#iv": 4.096513866699439e-05, "VI": 0.0009421981893408709, "-VI": 0.0, "IV": 0.023882675842857727, "-VII": 0.0015157101306787924, "-vii": 0.0004915816640039326, "v": 0.0015566752693457868, "I": 0.012822088402769244, "vii": 0.010528040637417557, "-iii": 0.0, "iv": 0.002744664290688624, "II": 0.0009421981893408709, "-III": 0.0, "vi": 0.006185735938716153, "-vi": 0.0, "V": 0.017942730736143542, "VII": 0.0, "ii": 0.007865306624062922, "i": 0.002007291794682725, "#i": 0.00045061652533693827, "#ii": 0.0, "#v": 0.0003277211093359551}, "-VII": {"III": 0.00016386055466797756, "iii": 0.0009831633280078652, "#iv": 0.0, "VI": 0.00016386055466797756, "-VI": 0.0, "IV": 0.0003277211093359551, "-VII": 0.0009831633280078652, "i": 8.193027733398878e-05, "v": 0.0005325468026709271, "I": 0.0008602679120068822, "vii": 0.0, "-iii": 4.096513866699439e-05, "iv": 8.193027733398878e-05, "II": 0.00045061652533693827, "-III": 0.0, "#i": 8.193027733398878e-05, "-vi": 0.0, "V": 0.00020482569333497193, "VII": 0.0, "ii": 0.0009012330506738765, "-vii": 0.00012289541600098315, "#v": 0.0, "#ii": 0.0, "vi": 0.00020482569333497193}, "-vii": {"III": 0.0, "iii": 4.096513866699439e-05, "#iv": 0.0, "VI": 0.0, "-VI": 0.0, "IV": 0.0006144770800049158, "-VII": 0.0, "-vii": 8.193027733398878e-05, "v": 0.00020482569333497193, "I": 0.0, "vii": 0.0, "-iii": 0.0, "iv": 0.00016386055466797756, "II": 0.0, "-III": 0.0, "#i": 4.096513866699439e-05, "-vi": 0.0, "V": 0.0, "VII": 0.0, "ii": 0.0, "i": 0.0, "#v": 0.0, "#ii": 0.0, "vi": 4.096513866699439e-05}, "v": {"III": 0.0, "iii": 0.0015157101306787924, "#iv": 4.096513866699439e-05, "VI": 0.0009012330506738765, "-VI": 0.0, "IV": 0.0011470238826758428, "-VII": 0.0003686862480029495, "i": 0.0006144770800049158, "v": 0.003809757896030478, "I": 0.004547130392036377, "vii": 8.193027733398878e-05, "-iii": 0.0, "iv": 0.00040965138666994386, "II": 0.0035230019253615174, "-III": 0.0002867559706689607, "#i": 0.0003277211093359551, "-vi": 0.0, "V": 0.003482036786694523, "VII": 0.0, "ii": 0.0018434312400147474, "-vii": 8.193027733398878e-05, "#v": 4.096513866699439e-05, "#ii": 0.0, "vi": 0.002007291794682725}, "I": {"III": 0.0009012330506738765, "iii": 0.008643644258735816, "#iv": 0.0037278276186964894, "VI": 0.000737372496005899, "-VI": 0.0, "IV": 0.03334562287493343, "-VII": 0.0004915816640039326, "-vii": 0.00016386055466797756, "v": 0.0033181762320265455, "I": 0.08660030314202613, "vii": 0.004301339560034411, "-iii": 0.0, "iv": 0.005079677194707304, "II": 0.007578550653393962, "-III": 8.193027733398878e-05, "-vi": 0.0, "V": 0.029453934701568964, "VII": 4.096513866699439e-05, "vi": 0.015157101306787924, "i": 0.012371471877432306, "#i": 0.0003277211093359551, "#v": 0.0002867559706689607, "#ii": 0.0, "ii": 0.029822620949571915}, "vii": {"III": 0.0015157101306787924, "iii": 0.0024988734586866576, "#iv": 0.00012289541600098315, "VI": 0.0002457908320019663, "-VI": 0.0, "IV": 0.0008193027733398877, "-VII": 0.0, "-vii": 0.0, "v": 0.0, "I": 0.020318708778829218, "vii": 0.0037687927573634835, "-iii": 0.0, "iv": 0.0010650936053418541, "II": 0.0014337798533448035, "-III": 0.0, "-vi": 0.0, "V": 0.0031133505386915735, "VII": 0.0, "vi": 0.0036458973413625007, "i": 0.0002457908320019663, "#i": 0.0002867559706689607, "#v": 0.00040965138666994386, "#ii": 0.0, "ii": 0.0037278276186964894}, "-iii": {"III": 0.0, "iii": 0.0, "II": 0.0, "VI": 0.0, "-VI": 0.0, "IV": 0.0, "-VII": 4.096513866699439e-05, "#i": 0.0, "v": 0.0, "I": 0.0, "-vii": 0.0, "vii": 0.0, "-iii": 0.0, "iv": 0.0, "#iv": 0.0, "ii": 0.0, "-III": 0.0, "#ii": 0.0, "V": 0.0, "VII": 0.0, "vi": 0.0, "i": 0.0, "-vi": 0.0, "#v": 0.0}, "iv": {"III": 4.096513866699439e-05, "iii": 0.0005735119413379214, "#iv": 0.00012289541600098315, "VI": 4.096513866699439e-05, "-VI": 4.096513866699439e-05, "IV": 0.0008602679120068822, "-VII": 0.0, "-vii": 4.096513866699439e-05, "VII": 0.0, "I": 0.004833886362705338, "vii": 0.0003277211093359551, "-iii": 0.0, "iv": 0.001269919298676826, "II": 4.096513866699439e-05, "-III": 0.0, "-vi": 0.0, "V": 0.0025808037360206463, "v": 0.0003277211093359551, "ii": 0.0011470238826758428, "i": 0.001474744992011798, "#i": 4.096513866699439e-05, "#v": 0.0, "#ii": 0.0, "vi": 0.0002457908320019663}, "II": {"III": 0.0008602679120068822, "iii": 0.001802466101347753, "#iv": 0.0010650936053418541, "VI": 0.00016386055466797756, "-VI": 0.0, "IV": 0.00012289541600098315, "-VII": 0.00016386055466797756, "-vii": 0.0, "v": 0.0013518495760108148, "I": 0.0015976404080127811, "vii": 0.0017615009626807587, "-iii": 0.0, "iv": 0.0, "II": 0.010528040637417557, "-III": 0.0, "vi": 0.0011060587440088485, "-vi": 0.0, "V": 0.021547662938839047, "VII": 0.00016386055466797756, "ii": 0.0011879890213428372, "i": 0.0003686862480029495, "#i": 0.0, "#ii": 4.096513866699439e-05, "#v": 0.0004915816640039326}, "-III": {"III": 0.0, "iii": 4.096513866699439e-05, "#iv": 0.0, "VI": 0.0, "-VI": 0.0, "IV": 0.0, "-VII": 4.096513866699439e-05, "-vii": 0.0, "v": 0.00016386055466797756, "I": 0.0, "vii": 0.0, "-iii": 0.0, "iv": 0.0, "II": 4.096513866699439e-05, "-III": 0.0, "#i": 0.0, "-vi": 0.0, "V": 0.0, "VII": 0.0, "ii": 0.0, "i": 0.0, "#v": 0.0, "#ii": 0.0, "vi": 0.0003686862480029495}, "-vi": {"III": 0.0, "iii": 0.0, "II": 0.0, "VI": 0.0, "-VI": 0.0, "IV": 0.0, "-VII": 0.0, "#i": 0.0,