{"-VI": {"-VI": 0.009075501612815045, "i": 0.006505931879066207, "VI": 0.0, "#iii": 0.0003827018752391887, "II": 0.0001640150893882237, "-vii": 0.0001640150893882237, "iii": 0.0004920452681646711, "-ii": 0.0, "v": 0.001585479197419496, "III": 0.006833962057842655, "#vii": 0.0008200754469411186, "I": 0.0009840905363293422, "#iv": 0.0001640150893882237, "#i": 0.0, "-vi": 0.0010934339292548248, "IV": 0.0004920452681646711, "-VII": 0.0062325733967525014, "-I": 0.0, "iv": 0.0077087092012465145, "#vi": 0.0002733584823137062, "V": 0.0014214641080312722, "ii": 0.009075501612815045, "-II": 0.0003280301787764474}, "i": {"-VI": 0.0096768902739052, "VI": 0.0, "#iii": 0.00021868678585096495, "II": 0.0031162866983762507, "-vii": 0.0001640150893882237, "iii": 0.0003280301787764474, "i": 0.07621234486906128, "v": 0.009786233666830681, "III": 0.011535727953638402, "-ii": 0.0, "I": 0.0013121207151057896, "#vii": 0.005849871521513313, "#iv": 0.002077524465584167, "#i": 5.467169646274124e-05, "-vi": 0.00010934339292548247, "IV": 0.008638128041113117, "-VII": 0.009458203488054234, "-I": 0.0, "iv": 0.015526761795418512, "#vi": 0.005521841342736865, "V": 0.030069433054507683, "ii": 0.03307637635995845, "-II": 0.0001640150893882237}, "VI": {"-VI": 0.0, "VI": 0.00010934339292548247, "#iii": 0.0, "II": 0.0001640150893882237, "-vii": 0.0, "iii": 0.0, "-ii": 0.0, "v": 0.0, "III": 0.0, "i": 0.0, "I": 0.0, "#vii": 0.0, "#iv": 0.0, "#i": 0.0, "-vi": 0.0, "IV": 0.0, "-VII": 5.467169646274124e-05, "-I": 0.0, "iv": 0.0, "#vi": 0.0, "V": 0.0, "ii": 0.0, "-II": 0.0}, "#iii": {"-VI": 0.0001640150893882237, "VI": 5.467169646274124e-05, "#iii": 0.0004373735717019299, "II": 0.00010934339292548247, "-vii": 0.0002733584823137062, "iii": 0.0, "i": 0.0, "v": 0.0001640150893882237, "III": 0.0, "-ii": 0.0, "I": 0.0004373735717019299, "#vii": 0.0, "#iv": 0.00021868678585096495, "#i": 0.0, "-vi": 0.0, "IV": 0.0006013886610901537, "-VII": 0.0, "-I": 0.0, "iv": 0.0028975999125252856, "#vi": 0.0, "V": 0.00010934339292548247, "ii": 0.0, "-II": 0.0}, "II": {"-VI": 0.0, "VI": 0.0, "#iii": 0.00010934339292548247, "II": 0.0047564375922584876, "-vii": 0.0, "iii": 0.0, "-ii": 0.0, "v": 0.0062325733967525014, "III": 0.0008747471434038598, "i": 0.0005467169646274124, "I": 0.0001640150893882237, "#vii": 0.00021868678585096495, "#iv": 0.0005467169646274124, "#i": 0.0, "-vi": 0.0, "IV": 0.0, "-VII": 0.0004373735717019299, "-I": 0.0, "iv": 0.0, "#vi": 0.00010934339292548247, "V": 0.005084467771034935, "ii": 0.0003280301787764474, "-II": 0.0}, "-vii": {"-VI": 0.0002733584823137062, "i": 0.0003280301787764474, "VI": 0.0, "#iii": 0.00010934339292548247, "II": 0.00010934339292548247, "-vii": 0.0004373735717019299, "iii": 0.0001640150893882237, "-ii": 0.0, "v": 0.00021868678585096495, "III": 0.0008747471434038598, "#vii": 0.0, "I": 0.0007107320540156361, "#iv": 0.0, "#i": 0.0, "-vi": 0.0, "IV": 0.0008747471434038598, "-VII": 0.0005467169646274124, "-I": 0.0, "iv": 0.0019135093761959434, "#vi": 5.467169646274124e-05, "V": 5.467169646274124e-05, "ii": 5.467169646274124e-05, "-II": 0.0001640150893882237}, "iii": {"-VI": 0.0004373735717019299, "i": 0.0001640150893882237, "VI": 0.0, "#iii": 0.0, "II": 0.0, "-vii": 0.0005467169646274124, "iii": 0.0005467169646274124, "#vii": 0.0003280301787764474, "v": 0.0, "III": 0.0009294188398666011, "-ii": 0.0, "I": 0.0, "#iv": 0.0, "#i": 0.0, "-vi": 5.467169646274124e-05, "IV": 0.0003280301787764474, "-VII": 0.005029796074572194, "-I": 0.0, "iv": 0.0005467169646274124, "#vi": 0.0, "V": 0.00010934339292548247, "ii": 0.00010934339292548247, "-II": 0.00010934339292548247}, "-ii": {"-VI": 5.467169646274124e-05, "VI": 0.0, "#iii": 0.0, "II": 0.0, "-vii": 0.0, "iii": 0.0, "i": 0.0, "v": 0.0, "III": 0.0, "#vii": 0.0, "I": 0.0, "#iv": 0.0, "#i": 0.0, "-vi": 5.467169646274124e-05, "IV": 0.0, "-ii": 0.0, "-VII": 0.0, "-I": 0.0, "iv": 0.0, "#vi": 0.0, "V": 0.0, "ii": 0.0, "-II": 0.0}, "v": {"-VI": 0.0069433054507681375, "i": 0.00885681482696408, "VI": 0.0, "#iii": 0.0009840905363293422, "II": 0.0036083319665409217, "-vii": 0.0002733584823137062, "iii": 5.467169646274124e-05, "#vii": 0.00010934339292548247, "v": 0.010934339292548247, "III": 0.005357826253348641, "-ii": 0.0, "I": 0.0026789131266743206, "#iv": 0.0016948225903449783, "#i": 0.0, "-vi": 5.467169646274124e-05, "IV": 0.003170958394838992, "-VII": 0.004100377234705593, "-I": 0.0, "iv": 0.0033896451806899566, "#vi": 0.0047564375922584876, "V": 0.0012574490186430486, "ii": 0.002077524465584167, "-II": 0.0}, "III": {"-VI": 0.012465146793505003, "i": 0.013831939205073534, "VI": 0.0, "#iii": 0.00010934339292548247, "II": 0.0003827018752391887, "-vii": 0.0013121207151057896, "iii": 0.00442840741348204, "-ii": 0.00010934339292548247, "v": 0.005904543217976054, "III": 0.032803017877644745, "#vii": 0.0015308075009567547, "I": 0.0007107320540156361, "#iv": 0.00021868678585096495, "#i": 0.0, "-vi": 0.0014214641080312722, "IV": 0.006560603575528949, "-VII": 0.008747471434038598, "-I": 0.0, "iv": 0.017112240992838007, "#vi": 0.005357826253348641, "V": 0.0047564375922584876, "ii": 0.0028975999125252856, "-II": 5.467169646274124e-05}, "#vii": {"-VI": 0.0004920452681646711, "i": 0.017002897599912525, "VI": 0.0, "#iii": 0.0, "II": 0.0002733584823137062, "-vii": 0.0, "iii": 0.00010934339292548247, "#vii": 0.0019135093761959434, "v": 0.0001640150893882237, "III": 0.0004373735717019299, "-ii": 0.0, "I": 0.0005467169646274124, "#iv": 0.0003280301787764474, "#i": 0.0, "-vi": 0.0, "IV": 5.467169646274124e-05, "-VII": 0.0, "-I": 0.0, "iv": 0.0019681810726586845, "#vi": 0.0, "V": 0.002296211251435132, "ii": 0.0009294188398666011, "-II": 0.0}, "I": {"-VI": 0.0005467169646274124, "i": 0.0012574490186430486, "VI": 0.0, "#iii": 0.0003827018752391887, "II": 0.0009294188398666011, "-vii": 0.0004373735717019299, "iii": 0.0, "-ii": 0.0, "v": 0.0006560603575528948, "III": 0.00010934339292548247, "#vii": 0.0, "I": 0.0037176753594664043, "#iv": 0.0006013886610901537, "#i": 0.0, "-vi": 0.0, "IV": 0.002460226340823356, "-VII": 0.0001640150893882237, "-I": 0.0, "iv": 0.007654037504783774, "#vi": 0.00021868678585096495, "V": 0.00010934339292548247, "ii": 0.0007107320540156361, "-II": 0.00010934339292548247}, "#iv": {"-VI": 5.467169646274124e-05, "i": 0.0010934339292548248, "VI": 0.0, "#iii": 0.0, "II": 0.0013121207151057896, "-vii": 0.0, "iii": 0.0, "#vii": 0.0, "v": 0.0037723470559291455, "III": 0.0001640150893882237, "-ii": 0.0, "I": 0.0, "#iv": 0.0003827018752391887, "#i": 0.00010934339292548247, "-vi": 0.0, "IV": 0.0, "-VII": 0.0, "-I": 0.0, "iv": 0.0, "#vi": 0.0003280301787764474, "V": 0.002788256519599803, "ii": 0.00010934339292548247, "-II": 0.0}, "#i": {"-VI": 0.0, "VI": 0.0, "#iii": 0.0, "II": 0.0, "-vii": 0.0, "iii": 0.0, "i": 0.0, "v": 0.0001640150893882237, "III": 0.0, "#vii": 0.0, "I": 0.0, "#iv": 0.0, "#i": 0.0, "-vi": 0.0, "IV": 0.0, "-ii": 0.0, "-VII": 0.0, "-I": 0.0, "iv": 0.0, "#vi": 0.0, "V": 0.0, "ii": 0.00010934339292548247, "-II": 0.0}, "-vi": {"-VI": 0.0, "VI": 0.0, "#iii": 5.467169646274124e-05, "II": 0.0, "-vii": 5.467169646274124e-05, "iii": 0.00021868678585096495, "i": 0.00010934339292548247, "v": 5.467169646274124e-05, "III": 0.0016401508938822373, "-ii": 0.0, "I": 0.0, "#vii": 0.0, "#iv": 0.0, "#i": 0.0, "-vi": 5.467169646274124e-05, "IV": 0.0, "-VII": 0.0009840905363293422, "-I": 0.0, "iv": 0.0003280301787764474, "#vi": 0.0, "V": 0.0, "ii": 0.0001640150893882237, "-II": 0.0}, "IV": {"-VI": 0.0, "i": 0.0007107320540156361, "VI": 0.0, "#iii": 0.0, "II": 0.00021868678585096495, "-vii": 0.0001640150893882237, "iii": 0.0006013886610901537, "#vii": 0.003170958394838992, "v": 0.0019681810726586845, "III": 0.0008747471434038598, "-ii": 0.0, "I": 0.00021868678585096495, "#iv": 0.0003827018752391887, "#i": 0.0, "-vi": 0.0, "IV": 0.0067246186649171725, "-VII": 0.012738505275818709, "-I": 0.0, "iv": 0.0007654037504783774, "#vi": 0.0014761358044940135, "V": 0.0037176753594664043, "ii": 0.0016401508938822373, "-II": 5.467169646274124e-05},