{"III": 0.018507995778878156, "iii": 0.05613280298725546, "#iv": 0.013515707443786022, "VI": 0.014773926455069405, "-VI": 4.0587710041399465e-05, "IV": 0.09229645263414238, "-VII": 0.006128744216251319, "-vii": 0.0011770435912005844, "v": 0.024799090835295072, "I": 0.24876207484373733, "vii": 0.042820034093676435, "-iii": 4.0587710041399465e-05, "iv": 0.013880996834158617, "II": 0.04391590226479422, "-III": 0.0006494033606623914, "-vi": 0.0001217631301241984, "V": 0.18747463268122413, "VII": 0.0019076223719457748, "vi": 0.10130692426333306, "i": 0.025367318775874666, "#i": 0.005804042535920123, "#v": 0.004180534134264145, "#ii": 0.001055280461076386, "ii": 0.09534053088724734}