{"#v": {"#v": 0.0002457908320019663, "#i": 4.096513866699439e-05, "IV": 4.096513866699439e-05, "VI": 0.0003686862480029495, "II": 0.0, "vi": 0.002007291794682725, "VII": 0.0, "#ii": 4.096513866699439e-05, "#V": 0.0, "#II": 0.0, "V": 0.0, "iii": 0.0, "III": 0.0006144770800049158, "i": 4.096513866699439e-05, "#VI": 0.0, "v": 0.0, "#I": 0.0, "#vi": 0.0, "vii": 0.0002457908320019663, "#IV": 0.0, "iv": 8.193027733398878e-05, "ii": 0.0005325468026709271, "I": 4.096513866699439e-05, "#iv": 4.096513866699439e-05}, "#i": {"#v": 0.0, "#i": 0.0003686862480029495, "IV": 0.0002457908320019663, "VI": 0.0006144770800049158, "II": 0.00020482569333497193, "vi": 0.0, "VII": 8.193027733398878e-05, "#ii": 0.0, "#V": 0.0, "#II": 0.0, "V": 0.00012289541600098315, "iii": 0.00016386055466797756, "III": 0.0, "i": 0.0, "#VI": 0.00012289541600098315, "v": 0.0006144770800049158, "#I": 0.0, "#vi": 0.0, "vii": 0.0, "#IV": 0.0, "iv": 4.096513866699439e-05, "ii": 0.003277211093359551, "I": 0.0, "#iv": 0.0}, "IV": {"#v": 0.0003277211093359551, "#i": 0.00045061652533693827, "IV": 0.023882675842857727, "VI": 0.0009421981893408709, "II": 0.0009421981893408709, "vi": 0.006185735938716153, "VII": 0.0, "#ii": 0.0, "#V": 0.0, "#II": 0.0, "V": 0.017942730736143542, "iii": 0.0023759780426856744, "III": 0.00040965138666994386, "i": 0.002007291794682725, "#VI": 0.0015157101306787924, "v": 0.0015566752693457868, "#I": 0.0, "#vi": 0.0004915816640039326, "vii": 0.010528040637417557, "#IV": 0.0, "iv": 0.002744664290688624, "ii": 0.007865306624062922, "I": 0.012822088402769244, "#iv": 4.096513866699439e-05}, "VI": {"#v": 0.0, "#i": 0.00012289541600098315, "IV": 0.0006964073573389046, "VI": 0.0027856294293556183, "II": 0.0010650936053418541, "vi": 0.0013108844373438205, "VII": 0.00016386055466797756, "#ii": 0.00012289541600098315, "#V": 0.0, "#II": 0.0, "V": 8.193027733398878e-05, "iii": 0.0004915816640039326, "III": 4.096513866699439e-05, "i": 0.0, "#VI": 0.00045061652533693827, "v": 0.0004915816640039326, "#I": 0.0, "#vi": 0.0, "vii": 0.0003277211093359551, "#IV": 0.0, "iv": 0.0, "ii": 0.005898979968047192, "I": 0.0004915816640039326, "#iv": 0.0002457908320019663}, "II": {"#v": 0.0004915816640039326, "#i": 0.0, "IV": 0.00012289541600098315, "VI": 0.00016386055466797756, "II": 0.010528040637417557, "vi": 0.0011060587440088485, "VII": 0.00016386055466797756, "#ii": 4.096513866699439e-05, "#V": 0.0, "#II": 0.0, "V": 0.021547662938839047, "iii": 0.001802466101347753, "III": 0.0008602679120068822, "i": 0.0003686862480029495, "#VI": 0.00016386055466797756, "v": 0.0013518495760108148, "#I": 0.0, "#vi": 0.0, "vii": 0.0017615009626807587, "#IV": 0.0, "iv": 0.0, "ii": 0.0011879890213428372, "I": 0.0015976404080127811, "#iv": 0.0010650936053418541}, "vi": {"#v": 0.0008193027733398877, "#i": 0.00020482569333497193, "IV": 0.009503912170742698, "VI": 0.00045061652533693827, "II": 0.010036458973413626, "vi": 0.02474294375486461, "VII": 0.00020482569333497193, "#ii": 0.0002457908320019663, "#V": 0.0, "#II": 0.0, "V": 0.01175699479742739, "iii": 0.0041784441440334275, "III": 0.0033181762320265455, "i": 0.0011879890213428372, "#VI": 0.0008193027733398877, "v": 0.0013108844373438205, "#I": 0.0, "#vi": 4.096513866699439e-05, "vii": 0.006800213018721068, "#IV": 0.0, "iv": 0.0007783376346728934, "ii": 0.011429273688091435, "I": 0.009462947032075704, "#iv": 0.004833886362705338}, "VII": {"#v": 0.0, "#i": 4.096513866699439e-05, "IV": 0.0, "VI": 4.096513866699439e-05, "II": 0.0, "vi": 4.096513866699439e-05, "VII": 0.0003277211093359551, "#ii": 8.193027733398878e-05, "#V": 0.0, "#II": 0.0, "V": 8.193027733398878e-05, "iii": 0.0009421981893408709, "III": 0.00012289541600098315, "i": 0.0, "#VI": 0.0, "v": 0.0, "#I": 0.0, "#vi": 0.0, "vii": 4.096513866699439e-05, "#IV": 0.0, "iv": 0.0, "ii": 0.0, "I": 0.00016386055466797756, "#iv": 4.096513866699439e-05}, "#ii": {"#v": 0.0, "#i": 0.0, "IV": 0.0, "VI": 4.096513866699439e-05, "II": 0.0, "vi": 0.00012289541600098315, "VII": 0.00020482569333497193, "#ii": 0.00016386055466797756, "#V": 0.0, "#II": 0.0, "V": 0.0, "iii": 0.00045061652533693827, "III": 8.193027733398878e-05, "i": 0.0, "#VI": 4.096513866699439e-05, "v": 0.0, "#I": 0.0, "#vi": 0.0, "vii": 0.0, "#IV": 0.0, "iv": 0.0, "ii": 0.0, "I": 0.0, "#iv": 0.0}, "#V": {"#v": 0.0, "#i": 0.0, "IV": 0.0, "VI": 0.0, "II": 0.0, "vi": 0.0, "VII": 0.0, "#ii": 0.0, "#V": 0.0, "#II": 0.0, "V": 0.0, "iii": 0.0, "III": 0.0, "i": 0.0, "#VI": 0.0, "v": 0.0, "#I": 0.0, "#vi": 0.0, "vii": 0.0, "#IV": 0.0, "iv": 4.096513866699439e-05, "ii": 0.0, "I": 0.0, "#iv": 0.0}, "#II": {"#v": 0.0, "#i": 0.0, "IV": 0.0, "VI": 0.0, "II": 4.096513866699439e-05, "vi": 0.0003686862480029495, "VII": 0.0, "#ii": 0.0, "#V": 0.0, "#II": 0.0, "V": 0.0, "iii": 4.096513866699439e-05, "III": 0.0, "i": 0.0, "#VI": 4.096513866699439e-05, "v": 0.00016386055466797756, "#I": 0.0, "#vi": 0.0, "vii": 0.0, "#IV": 0.0, "iv": 0.0, "ii": 0.0, "I": 0.0, "#iv": 0.0}, "V": {"#v": 0.00012289541600098315, "#i": 0.001802466101347753, "IV": 0.004137479005366433, "VI": 0.0011470238826758428, "II": 0.004137479005366433, "vi": 0.020113883085494243, "VII": 0.00012289541600098315, "#ii": 4.096513866699439e-05, "#V": 0.0, "#II": 0.0, "V": 0.05464749498177051, "iii": 0.010896726885420507, "III": 0.002457908320019663, "i": 0.0020482569333497196, "#VI": 0.0, "v": 0.006267666216050141, "#I": 0.0, "#vi": 0.0, "vii": 0.003236245954692557, "#IV": 0.0, "iv": 0.0010650936053418541, "ii": 0.004792921224038344, "I": 0.07123837614190325, "#iv": 0.000737372496005899}, "iii": {"#v": 4.096513866699439e-05, "#i": 0.0010241284666748598, "IV": 0.010487075498750564, "VI": 0.002212117488017697, "II": 0.002007291794682725, "vi": 0.008193027733398878, "VII": 0.00020482569333497193, "#ii": 0.00016386055466797756, "#V": 0.0, "#II": 0.0, "V": 0.007291794682725001, "iii": 0.009585842448076688, "III": 0.00020482569333497193, "i": 8.193027733398878e-05, "#VI": 0.00016386055466797756, "v": 0.0016795706853467698, "#I": 0.0, "#vi": 4.096513866699439e-05, "vii": 0.0010241284666748598, "#IV": 0.0, "iv": 0.00016386055466797756, "ii": 0.003482036786694523, "I": 0.007250829544058006, "#iv": 0.0013518495760108148}, "III": {"#v": 0.0003686862480029495, "#i": 0.0, "IV": 0.001269919298676826, "VI": 0.00020482569333497193, "II": 4.096513866699439e-05, "vi": 0.010159354389414609, "VII": 0.0, "#ii": 8.193027733398878e-05, "#V": 0.0, "#II": 0.0, "V": 0.0, "iii": 0.0005735119413379214, "III": 0.004751956085371349, "i": 4.096513866699439e-05, "#VI": 0.0, "v": 0.0, "#I": 0.0, "#vi": 0.0, "vii": 0.00012289541600098315, "#IV": 0.0, "iv": 0.0, "ii": 0.0002457908320019663, "I": 0.00045061652533693827, "#iv": 0.0003277211093359551}, "i": {"#v": 0.0, "#i": 4.096513866699439e-05, "IV": 0.0013518495760108148, "VI": 0.0, "II": 0.0005325468026709271, "vi": 0.0011470238826758428, "VII": 0.0, "#ii": 0.0, "#V": 0.0, "#II": 0.00016386055466797756, "V": 0.01036418008274958, "iii": 0.0002867559706689607, "III": 4.096513866699439e-05, "i": 0.0029904551226905903, "#VI": 4.096513866699439e-05, "v": 0.0011879890213428372, "#I": 0.0, "#vi": 0.0, "vii": 0.00020482569333497193, "#IV": 0.0, "iv": 0.0002867559706689607, "ii": 0.0020482569333497196, "I": 0.004792921224038344, "#iv": 8.193027733398878e-05}, "#VI": {"#v": 0.0, "#i": 8.193027733398878e-05, "IV": 0.0003277211093359551, "VI": 0.00016386055466797756, "II": 0.00045061652533693827, "vi": 0.00020482569333497193, "VII": 0.0, "#ii": 4.096513866699439e-05, "#V": 0.0, "#II": 0.0, "V": 0.00020482569333497193, "iii": 0.0009831633280078652, "III": 0.00016386055466797756, "i": 8.193027733398878e-05, "#VI": 0.0009831633280078652, "v": 0.0005325468026709271, "#I": 0.0, "#vi": 0.00012289541600098315, "vii": 0.0, "#IV": 0.0, "iv": 8.193027733398878e-05, "ii": 0.0009012330506738765, "I": 0.0008602679120068822, "#iv": 0.0}, "v": {"#v": 4.096513866699439e-05, "#i": 0.0003277211093359551, "IV": 0.0011470238826758428, "VI": 0.0009012330506738765, "II": 0.0035230019253615174, "vi": 0.002007291794682725, "VII": 0.0,