{"II": 0.019253650621957816, "#i": 0.00037858301784748514, "i": 0.24732287723093563, "#VI": 0.08972417522985397, "#IV": 0.0, "iv": 0.09772850189291508, "ii": 0.07285018929150892, "III": 0.11990265008112493, "IV": 0.035100054083288264, "#V": 0.053217955651703626, "#iv": 0.010005408328826392, "vii": 0.0, "#vi": 0.029313142239048136, "VII": 5.4083288263926445e-05, "#II": 0.0, "I": 0.02769064359113034, "#ii": 0.0, "v": 0.05965386695511087, "VI": 0.00032449972958355867, "#v": 0.003623580313683072, "vi": 0.0, "iii": 0.009140075716603569, "#I": 0.0016224986479177934, "V": 0.1230935640886966}