{"ii": 0.08569838619922092, "#VI": 0.04196809497310332, "#vi": 0.013239658690409942, "III": 0.06197829716193656, "#IV": 0.0, "i": 0.12052494898905583, "#I": 0.0006956037840845854, "V": 0.15987293637544056, "#i": 0.003478018920422927, "#V": 0.02283899091077722, "vi": 0.05787423483583751, "I": 0.1539834910035244, "#v": 0.004011315154887776, "#iv": 0.012010758671860508, "VII": 0.0011129660545353367, "iv": 0.049828417733259134, "IV": 0.06777499536264144, "#ii": 0.0006260434056761269, "II": 0.03334260805045446, "vii": 0.024462066406974587, "VI": 0.00857911333704322, "#II": 0.0003709886848451122, "v": 0.03974216286403265, "iii": 0.03598590242997589}