{"ii": {"ii": 0.013324902814856448, "#VI": 0.0014519226265748677, "#vi": 0.0002810172825628776, "III": 0.0072127769191138585, "#IV": 0.0, "i": 0.008969134935131844, "#I": 0.0, "V": 0.01770408880146129, "#i": 0.0003746897100838368, "#V": 0.0006322888857664747, "vi": 0.0022949744742635004, "I": 0.010233712706664793, "#v": 0.0006791250995269542, "#iv": 0.0002810172825628776, "VII": 4.68362137604796e-05, "iv": 0.003957660062760527, "IV": 0.0029272633600299753, "#ii": 4.68362137604796e-05, "II": 0.0005151983513652757, "vii": 0.005831108613179711, "VI": 0.0020607934054611026, "#II": 4.68362137604796e-05, "v": 0.002037375298580863, "iii": 0.0056437637581377926}, "#VI": {"ii": 0.0019202847641796637, "#VI": 0.010163458386024074, "#vi": 0.0011474872371317502, "III": 0.014729989227670836, "#IV": 0.0, "i": 0.004051332490281486, "#I": 0.0, "V": 0.0007962156339281532, "#i": 4.68362137604796e-05, "#V": 0.000702543206407194, "vi": 0.00011709053440119901, "I": 0.0014519226265748677, "#v": 0.0001873448550419184, "#iv": 0.00021076296192215822, "VII": 2.34181068802398e-05, "iv": 0.0018734485504191842, "IV": 0.001053814809610791, "#ii": 2.34181068802398e-05, "II": 0.0005151983513652757, "vii": 0.0, "VI": 0.00011709053440119901, "#II": 0.0, "v": 0.002131047726101822, "iii": 0.0011240691302515104}, "#vi": {"ii": 0.0003746897100838368, "#VI": 0.0031380263219521333, "#vi": 0.0008430518476886329, "III": 0.000585452672005995, "#IV": 0.0, "i": 0.0013816683059341482, "#I": 7.02543206407194e-05, "V": 0.00119432345089223, "#i": 4.68362137604796e-05, "#V": 0.00011709053440119901, "vi": 2.34181068802398e-05, "I": 0.0003746897100838368, "#v": 0.0, "#iv": 0.0006557069926467144, "VII": 0.0, "iv": 0.0009601423820898319, "IV": 0.0009601423820898319, "#ii": 0.0, "II": 0.001428504519694628, "vii": 0.0, "VI": 2.34181068802398e-05, "#II": 0.0, "v": 0.0009367242752095921, "iii": 0.00025759917568263783}, "III": {"ii": 0.0013816683059341482, "#VI": 0.0037468971008383684, "#vi": 0.002857009039389256, "III": 0.0167673645262517, "#IV": 0.0, "i": 0.006603906140227624, "#I": 2.34181068802398e-05, "V": 0.002037375298580863, "#i": 4.68362137604796e-05, "#V": 0.005339328368694675, "vi": 0.005807690506299471, "I": 0.0005620345651257552, "#v": 0.0008196337408083931, "#iv": 0.0002810172825628776, "VII": 0.0, "iv": 0.007376703667275538, "IV": 0.00353613413891621, "#ii": 4.68362137604796e-05, "II": 0.0001873448550419184, "vii": 7.02543206407194e-05, "VI": 0.00011709053440119901, "#II": 0.0, "v": 0.0025291555430658986, "iii": 0.002224720153622781}, "#IV": {"ii": 0.0, "#VI": 0.0, "#vi": 0.0, "III": 0.0, "#IV": 0.0, "i": 0.0, "#I": 0.0, "V": 0.0, "#i": 0.0, "#V": 0.0, "vi": 0.0, "I": 0.0, "#v": 0.0, "#iv": 0.0, "VII": 0.0, "iv": 0.0, "IV": 0.0, "#ii": 0.0, "II": 0.0, "vii": 0.0, "VI": 0.0, "#II": 0.0, "v": 0.0, "iii": 0.0}, "i": {"ii": 0.015736967823521148, "#VI": 0.004074750597161726, "#vi": 0.0024354831155449395, "III": 0.005151983513652756, "#IV": 0.0, "i": 0.044962765210060415, "#I": 7.02543206407194e-05, "V": 0.01978830031380263, "#i": 4.68362137604796e-05, "#V": 0.004355767879724603, "vi": 0.0006557069926467144, "I": 0.00353613413891621, "#v": 4.68362137604796e-05, "#iv": 0.0010772329164910309, "VII": 0.0, "iv": 0.007751393377359374, "IV": 0.004496276521006042, "#ii": 0.0, "II": 0.001756358016017985, "vii": 0.00011709053440119901, "VI": 0.0, "#II": 9.36724275209592e-05, "v": 0.004941220551730598, "iii": 0.000351271603203597}, "#I": {"ii": 0.0, "#VI": 7.02543206407194e-05, "#vi": 7.02543206407194e-05, "III": 4.68362137604796e-05, "#IV": 0.0, "i": 2.34181068802398e-05, "#I": 0.00011709053440119901, "V": 0.0, "#i": 0.0, "#V": 0.0, "vi": 0.0, "I": 9.36724275209592e-05, "#v": 0.0, "#iv": 4.68362137604796e-05, "VII": 0.0, "iv": 0.0001405086412814388, "IV": 0.0, "#ii": 0.0, "II": 0.0, "vii": 0.0, "VI": 0.0, "#II": 0.0, "v": 9.36724275209592e-05, "iii": 0.0}, "V": {"ii": 0.0030911901081916537, "#VI": 2.34181068802398e-05, "#vi": 0.0008430518476886329, "III": 0.002857009039389256, "#IV": 0.0, "i": 0.024916865720575148, "#I": 4.68362137604796e-05, "V": 0.04725773968432392, "#i": 0.001053814809610791, "#V": 0.0030911901081916537, "vi": 0.011498290478197743, "I": 0.044424148751814906, "#v": 7.02543206407194e-05, "#iv": 0.0006322888857664747, "VII": 7.02543206407194e-05, "iv": 0.0016158493747365462, "IV": 0.0026462460774670975, "#ii": 2.34181068802398e-05, "II": 0.0024120650086646997, "vii": 0.0018500304435389444, "VI": 0.0006791250995269542, "#II": 0.0, "v": 0.005269074048053955, "iii": 0.006229216430143787}, "#i": {"ii": 0.0019202847641796637, "#VI": 7.02543206407194e-05, "#vi": 0.0, "III": 0.0, "#IV": 0.0, "i": 0.0, "#I": 0.0, "V": 7.02543206407194e-05, "#i": 0.00021076296192215822, "#V": 2.34181068802398e-05, "vi": 0.0, "I": 0.0, "#v": 2.34181068802398e-05, "#iv": 0.0, "VII": 4.68362137604796e-05, "iv": 2.34181068802398e-05, "IV": 0.0001405086412814388, "#ii": 0.0, "II": 0.00011709053440119901, "vii": 0.0, "VI": 0.000351271603203597, "#II": 0.0, "v": 0.00042152592384431644, "iii": 9.36724275209592e-05}, "#V": {"ii": 0.003887405742119807, "#VI": 0.0026696641843473373, "#vi": 0.0001873448550419184, "III": 0.0029272633600299753, "#IV": 0.0, "i": 0.0031380263219521333, "#I": 0.0001405086412814388, "V": 0.0006088707788862349, "#i": 0.0, "#V": 0.003887405742119807, "vi": 0.0, "I": 0.00042152592384431644, "#v": 0.00046836213760479605, "#iv": 7.02543206407194e-05, "VII": 0.0, "iv": 0.0034892979251557304, "IV": 0.00021076296192215822, "#ii": 0.0, "II": 7.02543206407194e-05, "vii": 0.0, "VI": 0.0, "#II": 0.0, "v": 0.0006791250995269542, "iii": 0.00021076296192215822}, "vi": {"ii": 0.006533651819586905, "#VI": 0.00046836213760479605, "#vi": 2.34181068802398e-05, "III": 0.001896866657299424, "#IV": 0.0, "i": 0.0006791250995269542, "#I": 0.0, "V": 0.006720996674628823, "#i": 0.00011709053440119901, "#V": 0.0, "vi": 0.01414453655566484, "I": 0.005409582689335394, "#v": 0.00046836213760479605, "#iv": 0.0027633366118682964, "VII": 0.00011709053440119901, "iv": 0.0004449440307245562, "IV": 0.005433000796215634, "#ii": 0.0001405086412814388, "II": 0.005737436185658752, "vii": 0.003887405742119807, "VI": 0.00025759917568263783, "#II": 0.0, "v": 0.0007493794201676737, "iii": 0.00238864690178446}, "I": {"ii": 0.017352817198257695, "#VI": 0.000351271603203597, "#vi": 0.0003746897100838368, "III": 0.0005620345651257552, "#IV": 0.0, "i": 0.007610884736077936, "#I": 4.68362137604796e-05, "V": 0.016884455060652896, "#i": 0.0001873448550419184, "#V": 0.00023418106880239802, "vi": 0.008664699545688727, "I": 0.05109830921268325, "#v": 0.0001639267481616786, "#iv": 0.00238864690178446, "VII": 2.34181068802398e-05, "iv": 0.006346306964544986, "IV": 0.02011615381012599, "#ii": 0.0, "II": 0.0047304575898084395, "vii": 0.0024589012224251793, "VI": 0.00042152592384431644, "#II": 4.68362137604796e-05, "v": 0.0021778839398623015, "iii": 0.004941220551730598}, "#v": {"ii": 0.0003746897100838368, "#VI": 0.00042152592384431644, "#vi": 2.34181068802398e-05, "III": 0.001053814809610791, "#IV": 0.0, "i": 7.02543206407194e-05, "#I": 0.0, "V": 0.0, "#i": 2.34181068802398e-05, "#V": 0.0, "vi": 0.0011474872371317502, "I": 2.34181068802398e-05, "#v": 0.0001639267481616786, "#iv": 2.34181068802398e-05, "VII": 0.0, "iv": 0.00021076296192215822, "IV": 2.34181068802398e-05, "#ii": 2.34181068802398e-05, "II": 0.0, "vii": 0.0001405086412814388, "VI": 0.00021076296192215822, "#II": 0.0, "v": 2.34181068802398e-05, "iii": 9.36724275209592e-05}, "#iv": {"ii": 7.02543206407194e-05, "#VI": 2.34181068802398e-05, "#vi": 0.0001405086412814388, "III": 0.0003746897100838368, "#IV": 0.0, "i": 0.0006557069926467144, "#I": 0.0, "V": 0.005479837009976113, "#i": 4.68362137604796e-05, "#V": 2.34181068802398e-05, "vi": 0.0005151983513652757, "I": 0.0002810172825628776, "#v": 7.02543206407194e-05, "#iv": 0.0006322888857664747, "VII": 0.0001873448550419184, "iv": 0.0, "IV": 2.34181068802398e-05, "#ii": 0.0, "II": 0.0011240691302515104, "vii": 0.0001405086412814388,