{"II": {"II": 0.0047564375922584876, "#i": 0.0, "i": 0.0007654037504783774, "#VI": 0.0004373735717019299, "#IV": 0.0, "iv": 0.00010934339292548247, "ii": 0.0003280301787764474, "III": 0.0008747471434038598, "IV": 0.0, "#V": 0.0, "#iv": 0.0005467169646274124, "vii": 0.0, "#vi": 0.00010934339292548247, "VII": 0.0, "#II": 0.0, "I": 0.0001640150893882237, "#ii": 0.0, "v": 0.0062325733967525014, "VI": 0.0, "#v": 0.0, "vi": 0.0, "iii": 0.0, "#I": 0.0, "V": 0.005084467771034935}, "#i": {"II": 0.0, "#i": 0.0, "i": 0.0, "#VI": 0.0, "#IV": 0.0, "iv": 0.0, "ii": 0.00010934339292548247, "III": 0.0, "IV": 0.0, "#V": 5.467169646274124e-05, "#iv": 0.0, "vii": 0.0, "#vi": 0.0, "VII": 0.0, "#II": 0.0, "I": 0.0, "#ii": 0.0, "v": 0.0001640150893882237, "VI": 0.0, "#v": 5.467169646274124e-05, "vi": 0.0, "iii": 0.0, "#I": 0.0, "V": 0.0}, "i": {"II": 0.0033896451806899566, "#i": 5.467169646274124e-05, "i": 0.10097862336668306, "#VI": 0.009458203488054234, "#IV": 0.0, "iv": 0.01771362965392816, "ii": 0.03400579519982505, "III": 0.011973101525340332, "IV": 0.008692799737575857, "#V": 0.01016893554206987, "#iv": 0.0024055546443606146, "vii": 0.0, "#vi": 0.005685856432125089, "VII": 0.0, "#II": 0.0, "I": 0.0018588376797332021, "#ii": 0.0, "v": 0.009950248756218905, "VI": 0.0, "#v": 0.00010934339292548247, "vi": 0.0, "iii": 0.0004373735717019299, "#I": 0.0001640150893882237, "V": 0.03236564430594281}, "#VI": {"II": 0.0006013886610901537, "#i": 0.0, "i": 0.009348860095128753, "#VI": 0.022415395549723906, "#IV": 0.0, "iv": 0.0042643923240938165, "ii": 0.0032803017877644745, "III": 0.03416981028921327, "IV": 0.0020228527691214257, "#V": 0.0016401508938822373, "#iv": 0.0004920452681646711, "vii": 0.0, "#vi": 0.002514898037286097, "VII": 5.467169646274124e-05, "#II": 0.0, "I": 0.002241539554972391, "#ii": 0.0, "v": 0.0042643923240938165, "VI": 5.467169646274124e-05, "#v": 0.0004373735717019299, "vi": 0.0, "iii": 0.0013121207151057896, "#I": 0.0, "V": 0.001585479197419496}, "#IV": {"II": 0.0, "#i": 0.0, "i": 0.0, "#VI": 0.0, "#IV": 0.0, "iv": 0.0, "ii": 0.0, "III": 0.0, "IV": 0.0, "#V": 0.0, "#iv": 0.0, "vii": 0.0, "#vi": 0.0, "VII": 0.0, "#II": 0.0, "I": 0.0, "#ii": 0.0, "v": 0.0, "VI": 0.0, "#v": 0.0, "vi": 0.0, "iii": 0.0, "#I": 0.0, "V": 0.0}, "iv": {"II": 0.0002733584823137062, "#i": 0.0, "i": 0.014487999562626428, "#VI": 0.010660980810234541, "#IV": 0.0, "iv": 0.024164889836531627, "ii": 0.010278278934995352, "III": 0.006560603575528949, "IV": 0.0015308075009567547, "#V": 0.003444316877152698, "#iv": 0.0004920452681646711, "vii": 0.0, "#vi": 0.0014761358044940135, "VII": 0.0, "#II": 0.0, "I": 0.00442840741348204, "#ii": 0.0, "v": 0.0062325733967525014, "VI": 5.467169646274124e-05, "#v": 0.00021868678585096495, "vi": 0.0, "iii": 0.0005467169646274124, "#I": 0.0002733584823137062, "V": 0.01366792411568531}, "ii": {"II": 0.0001640150893882237, "#i": 0.0, "i": 0.018861735279645728, "#VI": 0.0021321961620469083, "#IV": 0.0, "iv": 0.008255426165873927, "ii": 0.007161992236619103, "III": 0.013449237329834345, "IV": 0.0013121207151057896, "#V": 0.0014761358044940135, "#iv": 0.0006013886610901537, "vii": 0.0, "#vi": 0.0004920452681646711, "VII": 0.0, "#II": 0.0, "I": 0.0009840905363293422, "#ii": 0.0, "v": 0.002241539554972391, "VI": 0.0, "#v": 0.0001640150893882237, "vi": 0.0, "iii": 5.467169646274124e-05, "#I": 0.0, "V": 0.016292165545896888}, "III": {"II": 0.0003827018752391887, "#i": 0.00010934339292548247, "i": 0.015362746706030288, "#VI": 0.008747471434038598, "#IV": 0.0, "iv": 0.01722158438576349, "ii": 0.0028975999125252856, "III": 0.032803017877644745, "IV": 0.006560603575528949, "#V": 0.012465146793505003, "#iv": 0.00021868678585096495, "vii": 0.0, "#vi": 0.006669946968454431, "VII": 0.0, "#II": 0.0, "I": 0.0007107320540156361, "#ii": 0.0, "v": 0.005904543217976054, "VI": 0.0, "#v": 0.0014214641080312722, "vi": 0.0, "iii": 0.00442840741348204, "#I": 5.467169646274124e-05, "V": 0.0047564375922584876}, "IV": {"II": 0.00021868678585096495, "#i": 0.0, "i": 0.003881690448854628, "#VI": 0.012738505275818709, "#IV": 0.0, "iv": 0.0007654037504783774, "ii": 0.0016401508938822373, "III": 0.0008747471434038598, "IV": 0.0067246186649171725, "#V": 0.0, "#iv": 0.0003827018752391887, "vii": 0.0, "#vi": 0.0016401508938822373, "VII": 0.0, "#II": 0.0, "I": 0.00021868678585096495, "#ii": 0.0, "v": 0.0019681810726586845, "VI": 0.0, "#v": 0.0, "vi": 0.0, "iii": 0.0006013886610901537, "#I": 5.467169646274124e-05, "V": 0.0037176753594664043}, "#V": {"II": 0.0001640150893882237, "#i": 0.0, "i": 0.007326007326007326, "#VI": 0.0062325733967525014, "#IV": 0.0, "iv": 0.008091411076485703, "ii": 0.009075501612815045, "III": 0.006833962057842655, "IV": 0.0004920452681646711, "#V": 0.009075501612815045, "#iv": 0.0001640150893882237, "vii": 0.0, "#vi": 0.0004373735717019299, "VII": 0.0, "#II": 0.0, "I": 0.0009840905363293422, "#ii": 0.0, "v": 0.001585479197419496, "VI": 0.0, "#v": 0.0010934339292548248, "vi": 0.0, "iii": 0.0004920452681646711, "#I": 0.0003280301787764474, "V": 0.0014214641080312722}, "#iv": {"II": 0.0013121207151057896, "#i": 0.00010934339292548247, "i": 0.0010934339292548248, "#VI": 0.0, "#IV": 0.0, "iv": 0.0, "ii": 0.00010934339292548247, "III": 0.0001640150893882237, "IV": 0.0, "#V": 5.467169646274124e-05, "#iv": 0.0003827018752391887, "vii": 0.0, "#vi": 0.0003280301787764474, "VII": 0.0, "#II": 0.0, "I": 0.0, "#ii": 0.0, "v": 0.0037723470559291455, "VI": 0.0, "#v": 0.0, "vi": 0.0, "iii": 0.0, "#I": 0.0, "V": 0.002788256519599803}, "vii": {"II": 0.0, "#i": 0.0, "i": 0.0, "#VI": 0.0, "#IV": 0.0, "iv": 0.0, "ii": 0.0, "III": 0.0, "IV": 0.0, "#V": 0.0, "#iv": 0.0, "vii": 0.0, "#vi": 0.0, "VII": 0.0, "#II": 0.0, "I": 0.0, "#ii": 0.0, "v": 0.0, "VI": 0.0, "#v": 0.0, "vi": 0.0, "iii": 0.0, "#I": 0.0, "V": 0.0}, "#vi": {"II": 0.0033349734842272154, "#i": 5.467169646274124e-05, "i": 0.0032256300913017333, "#VI": 0.007326007326007326, "#IV": 0.0, "iv": 0.0020228527691214257, "ii": 0.0008747471434038598, "III": 0.001366792411568531, "IV": 0.0014214641080312722, "#V": 0.0002733584823137062, "#iv": 0.0015308075009567547, "vii": 0.0, "#vi": 0.0018588376797332021, "VII": 0.0, "#II": 0.0, "I": 0.0008747471434038598, "#ii": 0.0, "v": 0.0019135093761959434, "VI": 5.467169646274124e-05, "#v": 0.0, "vi": 0.0, "iii": 0.0005467169646274124, "#I": 0.0001640150893882237, "V": 0.002788256519599803}, "VII": {"II": 0.0, "#i": 0.0, "i": 0.0, "#VI": 0.0, "#IV": 0.0, "iv": 5.467169646274124e-05, "ii": 0.0, "III": 0.0, "IV": 0.0, "#V": 0.0, "#iv": 0.0, "vii": 0.0, "#vi": 0.0, "VII": 0.0, "#II": 0.0, "I": 0.0, "#ii": 0.0, "v": 0.0, "VI": 0.0, "#v": 0.0, "vi": 0.0, "iii": 0.0, "#I": 0.0, "V": 0.0}, "#II": {"II": 0.0, "#i": 0.0, "i": 0.0, "#VI": 0.0, "#IV": 0.0, "iv": 0.0, "ii": 0.0, "III": 0.0, "IV": 0.0, "#V": 0.0, "#iv": 0.0, "vii": 0.0, "#vi": 0.0, "VII": 0.0, "#II": 0.0, "I": 0.0, "#ii": 0.0, "v": 0.0, "VI": 0.0, "#v": 0.0, "vi": 0.0, "iii": 0.0, "#I": 0.0, "V": 0.0}, "I": {"II": 0.0009294188398666011, "#i": 0.0, "i": 0.0012574490186430486, "#VI": 0.0001640150893882237, "#IV": 0.0, "iv": 0.008036739380022962, "ii": 0.0007107320540156361, "III": 0.00010934339292548247, "IV": 0.002460226340823356, "#V": 0.0005467169646274124, "#iv": 0.0006013886610901537, "vii": 0.0, "#vi": 0.0006560603575528948, "VII": 0.0, "#II": 0.0, "I": 0.0037176753594664043, "#ii": 0.0, "v": 0.0006560603575528948, "VI": 0.0, "#v": 0.0, "vi": 0.0, "iii": 0.0, "#I": 0.00010934339292548247, "V": 0.00010934339292548247}, "#ii": {"II": 0.0, "#i": 0.0, "i": 0.0, "#VI": 0.0, "#IV": 0.0, "iv": 0.0, "ii": 0.0, "III": 0.0, "IV": 0.0, "#V": 0.0, "#iv": 0.0, "vii": 0.0, "#vi": 0.0, "VII": 0.0, "#II": 0.0, "I": 0.0, "#ii": 0.0, "v": 0.0, "VI": 0.0, "#v": 0.0, "vi": 0.0, "iii": 0.0, "#I": 0.0, "V": 0.0}, "v": {"II": 0.0036083319665409217, "#i": 0.0, "i": 0.008966158219889563, "#VI": 0.004100377234705593, "#IV": 0.0, "iv": 0.004373735717019299, "ii": 0.002077524465584167, "III": 0.005357826253348641, "IV": 0.003170958394838992, "#V": 0.0069433054507681375,