{"II": {"II": 0.008055828766802492, "#i": 0.0, "i": 0.0005386164582455154, "#VI": 0.0002810172825628776, "#IV": 0.0, "iv": 4.68362137604796e-05, "ii": 0.0008196337408083931, "III": 0.0008664699545688727, "IV": 7.02543206407194e-05, "#V": 0.0, "#iv": 0.0008430518476886329, "vii": 0.0010069785958503115, "#vi": 4.68362137604796e-05, "VII": 9.36724275209592e-05, "#II": 0.0, "I": 0.0009835604889700718, "#ii": 2.34181068802398e-05, "v": 0.003442461711395251, "VI": 9.36724275209592e-05, "#v": 0.0002810172825628776, "vi": 0.0006322888857664747, "iii": 0.0010303967027305513, "#I": 0.0, "V": 0.014495808158868436}, "#i": {"II": 0.00011709053440119901, "#i": 0.00021076296192215822, "i": 0.0, "#VI": 7.02543206407194e-05, "#IV": 0.0, "iv": 2.34181068802398e-05, "ii": 0.0019202847641796637, "III": 0.0, "IV": 0.0001405086412814388, "#V": 2.34181068802398e-05, "#iv": 0.0, "vii": 0.0, "#vi": 0.0, "VII": 4.68362137604796e-05, "#II": 0.0, "I": 0.0, "#ii": 0.0, "v": 0.00042152592384431644, "VI": 0.000351271603203597, "#v": 2.34181068802398e-05, "vi": 0.0, "iii": 9.36724275209592e-05, "#I": 0.0, "V": 7.02543206407194e-05}, "i": {"II": 0.001756358016017985, "#i": 4.68362137604796e-05, "i": 0.044962765210060415, "#VI": 0.004074750597161726, "#IV": 0.0, "iv": 0.007751393377359374, "ii": 0.015736967823521148, "III": 0.005151983513652756, "IV": 0.004496276521006042, "#V": 0.004355767879724603, "#iv": 0.0010772329164910309, "vii": 0.00011709053440119901, "#vi": 0.0024354831155449395, "VII": 0.0, "#II": 9.36724275209592e-05, "I": 0.00353613413891621, "#ii": 0.0, "v": 0.004941220551730598, "VI": 0.0, "#v": 4.68362137604796e-05, "vi": 0.0006557069926467144, "iii": 0.000351271603203597, "#I": 7.02543206407194e-05, "V": 0.01978830031380263}, "#VI": {"II": 0.0005151983513652757, "#i": 4.68362137604796e-05, "i": 0.004051332490281486, "#VI": 0.010163458386024074, "#IV": 0.0, "iv": 0.0018734485504191842, "ii": 0.0019202847641796637, "III": 0.014729989227670836, "IV": 0.001053814809610791, "#V": 0.000702543206407194, "#iv": 0.00021076296192215822, "vii": 0.0, "#vi": 0.0011474872371317502, "VII": 2.34181068802398e-05, "#II": 0.0, "I": 0.0014519226265748677, "#ii": 2.34181068802398e-05, "v": 0.002131047726101822, "VI": 0.00011709053440119901, "#v": 0.0001873448550419184, "vi": 0.00011709053440119901, "iii": 0.0011240691302515104, "#I": 0.0, "V": 0.0007962156339281532}, "#IV": {"II": 0.0, "#i": 0.0, "i": 0.0, "#VI": 0.0, "#IV": 0.0, "iv": 0.0, "ii": 0.0, "III": 0.0, "IV": 0.0, "#V": 0.0, "#iv": 0.0, "vii": 0.0, "#vi": 0.0, "VII": 0.0, "#II": 0.0, "I": 0.0, "#ii": 0.0, "v": 0.0, "VI": 0.0, "#v": 0.0, "vi": 0.0, "iii": 0.0, "#I": 0.0, "V": 0.0}, "iv": {"II": 0.0001405086412814388, "#i": 2.34181068802398e-05, "i": 0.00704885017095218, "#VI": 0.004566530841646761, "#IV": 0.0, "iv": 0.011076764554353425, "ii": 0.005058311086131797, "III": 0.002833590932509016, "IV": 0.0011474872371317502, "#V": 0.0014987588403353473, "#iv": 0.0002810172825628776, "vii": 0.0001873448550419184, "#vi": 0.0006557069926467144, "VII": 0.0, "#II": 0.0, "I": 0.00466020326916772, "#ii": 0.0, "v": 0.002857009039389256, "VI": 4.68362137604796e-05, "#v": 9.36724275209592e-05, "vi": 0.0001405086412814388, "iii": 0.0005620345651257552, "#I": 0.00011709053440119901, "V": 0.007329867453515057}, "ii": {"II": 0.0005151983513652757, "#i": 0.0003746897100838368, "i": 0.008969134935131844, "#VI": 0.0014519226265748677, "#IV": 0.0, "iv": 0.003957660062760527, "ii": 0.013324902814856448, "III": 0.0072127769191138585, "IV": 0.0029272633600299753, "#V": 0.0006322888857664747, "#iv": 0.0002810172825628776, "vii": 0.005831108613179711, "#vi": 0.0002810172825628776, "VII": 4.68362137604796e-05, "#II": 4.68362137604796e-05, "I": 0.010233712706664793, "#ii": 4.68362137604796e-05, "v": 0.002037375298580863, "VI": 0.0020607934054611026, "#v": 0.0006791250995269542, "vi": 0.0022949744742635004, "iii": 0.0056437637581377926, "#I": 0.0, "V": 0.01770408880146129}, "III": {"II": 0.0001873448550419184, "#i": 4.68362137604796e-05, "i": 0.006603906140227624, "#VI": 0.0037468971008383684, "#IV": 0.0, "iv": 0.007376703667275538, "ii": 0.0013816683059341482, "III": 0.0167673645262517, "IV": 0.00353613413891621, "#V": 0.005339328368694675, "#iv": 0.0002810172825628776, "vii": 7.02543206407194e-05, "#vi": 0.002857009039389256, "VII": 0.0, "#II": 0.0, "I": 0.0005620345651257552, "#ii": 4.68362137604796e-05, "v": 0.0025291555430658986, "VI": 0.00011709053440119901, "#v": 0.0008196337408083931, "vi": 0.005807690506299471, "iii": 0.002224720153622781, "#I": 2.34181068802398e-05, "V": 0.002037375298580863}, "IV": {"II": 0.0006322888857664747, "#i": 0.00025759917568263783, "i": 0.002810172825628776, "#VI": 0.006322888857664746, "#IV": 0.0, "iv": 0.001896866657299424, "ii": 0.005198819727413236, "III": 0.0006088707788862349, "IV": 0.0165331834574493, "#V": 0.0, "#iv": 0.0001873448550419184, "vii": 0.006018453468221629, "#vi": 0.0009835604889700718, "VII": 0.0, "#II": 0.0, "I": 0.007423539881036017, "#ii": 0.0, "v": 0.0017329399091377453, "VI": 0.0005386164582455154, "#v": 0.0001873448550419184, "vi": 0.00353613413891621, "iii": 0.0016158493747365462, "#I": 2.34181068802398e-05, "V": 0.01184956208140134}, "#V": {"II": 7.02543206407194e-05, "#i": 0.0, "i": 0.0031380263219521333, "#VI": 0.0026696641843473373, "#IV": 0.0, "iv": 0.0034892979251557304, "ii": 0.003887405742119807, "III": 0.0029272633600299753, "IV": 0.00021076296192215822, "#V": 0.003887405742119807, "#iv": 7.02543206407194e-05, "vii": 0.0, "#vi": 0.0001873448550419184, "VII": 0.0, "#II": 0.0, "I": 0.00042152592384431644, "#ii": 0.0, "v": 0.0006791250995269542, "VI": 0.0, "#v": 0.00046836213760479605, "vi": 0.0, "iii": 0.00021076296192215822, "#I": 0.0001405086412814388, "V": 0.0006088707788862349}, "#iv": {"II": 0.0011240691302515104, "#i": 4.68362137604796e-05, "i": 0.0006557069926467144, "#VI": 2.34181068802398e-05, "#IV": 0.0, "iv": 0.0, "ii": 7.02543206407194e-05, "III": 0.0003746897100838368, "IV": 2.34181068802398e-05, "#V": 2.34181068802398e-05, "#iv": 0.0006322888857664747, "vii": 0.0001405086412814388, "#vi": 0.0001405086412814388, "VII": 0.0001873448550419184, "#II": 2.34181068802398e-05, "I": 0.0002810172825628776, "#ii": 0.0, "v": 0.0017797761228982249, "VI": 0.0001405086412814388, "#v": 7.02543206407194e-05, "vi": 0.0005151983513652757, "iii": 0.0003981078169640766, "#I": 0.0, "V": 0.005479837009976113}, "vii": {"II": 0.0008196337408083931, "#i": 0.0001639267481616786, "i": 0.0001405086412814388, "#VI": 0.0, "#IV": 0.0, "iv": 0.0006088707788862349, "ii": 0.002131047726101822, "III": 0.0008664699545688727, "IV": 0.00046836213760479605, "#V": 0.0, "#iv": 7.02543206407194e-05, "vii": 0.0021544658329820617, "#vi": 0.0, "VII": 0.0, "#II": 0.0, "I": 0.011615381012598942, "#ii": 0.0, "v": 0.0, "VI": 0.0001405086412814388, "#v": 0.00023418106880239802, "vi": 0.0020842115123413424, "iii": 0.001428504519694628, "#I": 0.0, "V": 0.0017797761228982249}, "#vi": {"II": 0.001428504519694628, "#i": 4.68362137604796e-05, "i": 0.0013816683059341482, "#VI": 0.0031380263219521333, "#IV": 0.0, "iv": 0.0009601423820898319, "ii": 0.0003746897100838368, "III": 0.000585452672005995, "IV": 0.0009601423820898319, "#V": 0.00011709053440119901, "#iv": 0.0006557069926467144, "vii": 0.0, "#vi": 0.0008430518476886329, "VII": 0.0, "#II": 0.0, "I": 0.0003746897100838368, "#ii": 0.0, "v": 0.0009367242752095921, "VI": 2.34181068802398e-05, "#v": 0.0, "vi": 2.34181068802398e-05, "iii": 0.00025759917568263783, "#I": 7.02543206407194e-05, "V": 0.00119432345089223}, "VII": {"II": 0.0, "#i": 2.34181068802398e-05, "i": 0.0, "#VI": 0.0, "#IV": 0.0, "iv": 2.34181068802398e-05, "ii": 0.0, "III": 7.02543206407194e-05, "IV": 0.0, "#V": 0.0, "#iv": 2.34181068802398e-05, "vii": 2.34181068802398e-05, "#vi": 0.0, "VII": 0.0001873448550419184, "#II": 0.0, "I": 9.36724275209592e-05, "#ii": 4.68362137604796e-05, "v": 0.0, "VI": 2.34181068802398e-05, "#v": 0.0, "vi": 2.34181068802398e-05, "iii": 0.0005386164582455154, "#I": 0.0,