{"II": {"II": 0.010528040637417557, "#i": 0.0, "i": 0.0003686862480029495, "#VI": 0.00016386055466797756, "#IV": 0.0, "iv": 0.0, "ii": 0.0011879890213428372, "III": 0.0008602679120068822, "IV": 0.00012289541600098315, "#V": 0.0, "#iv": 0.0010650936053418541, "vii": 0.0017615009626807587, "#vi": 0.0, "VII": 0.00016386055466797756, "#II": 0.0, "I": 0.0015976404080127811, "#ii": 4.096513866699439e-05, "v": 0.0013518495760108148, "VI": 0.00016386055466797756, "#v": 0.0004915816640039326, "vi": 0.0011060587440088485, "iii": 0.001802466101347753, "#I": 0.0, "V": 0.021547662938839047}, "#i": {"II": 0.00020482569333497193, "#i": 0.0003686862480029495, "i": 0.0, "#VI": 0.00012289541600098315, "#IV": 0.0, "iv": 4.096513866699439e-05, "ii": 0.003277211093359551, "III": 0.0, "IV": 0.0002457908320019663, "#V": 0.0, "#iv": 0.0, "vii": 0.0, "#vi": 0.0, "VII": 8.193027733398878e-05, "#II": 0.0, "I": 0.0, "#ii": 0.0, "v": 0.0006144770800049158, "VI": 0.0006144770800049158, "#v": 0.0, "vi": 0.0, "iii": 0.00016386055466797756, "#I": 0.0, "V": 0.00012289541600098315}, "i": {"II": 0.0005325468026709271, "#i": 4.096513866699439e-05, "i": 0.0029904551226905903, "#VI": 4.096513866699439e-05, "#IV": 0.0, "iv": 0.0002867559706689607, "ii": 0.0020482569333497196, "III": 4.096513866699439e-05, "IV": 0.0013518495760108148, "#V": 0.0, "#iv": 8.193027733398878e-05, "vii": 0.00020482569333497193, "#vi": 0.0, "VII": 0.0, "#II": 0.00016386055466797756, "I": 0.004792921224038344, "#ii": 0.0, "v": 0.0011879890213428372, "VI": 0.0, "#v": 0.0, "vi": 0.0011470238826758428, "iii": 0.0002867559706689607, "#I": 0.0, "V": 0.01036418008274958}, "#VI": {"II": 0.00045061652533693827, "#i": 8.193027733398878e-05, "i": 8.193027733398878e-05, "#VI": 0.0009831633280078652, "#IV": 0.0, "iv": 8.193027733398878e-05, "ii": 0.0009012330506738765, "III": 0.00016386055466797756, "IV": 0.0003277211093359551, "#V": 0.0, "#iv": 0.0, "vii": 0.0, "#vi": 0.00012289541600098315, "VII": 0.0, "#II": 0.0, "I": 0.0008602679120068822, "#ii": 4.096513866699439e-05, "v": 0.0005325468026709271, "VI": 0.00016386055466797756, "#v": 0.0, "vi": 0.00020482569333497193, "iii": 0.0009831633280078652, "#I": 0.0, "V": 0.00020482569333497193}, "#IV": {"II": 0.0, "#i": 0.0, "i": 0.0, "#VI": 0.0, "#IV": 0.0, "iv": 0.0, "ii": 0.0, "III": 0.0, "IV": 0.0, "#V": 0.0, "#iv": 0.0, "vii": 0.0, "#vi": 0.0, "VII": 0.0, "#II": 0.0, "I": 0.0, "#ii": 0.0, "v": 0.0, "VI": 0.0, "#v": 0.0, "vi": 0.0, "iii": 0.0, "#I": 0.0, "V": 0.0}, "iv": {"II": 4.096513866699439e-05, "#i": 4.096513866699439e-05, "i": 0.001474744992011798, "#VI": 0.0, "#IV": 0.0, "iv": 0.001269919298676826, "ii": 0.0011470238826758428, "III": 4.096513866699439e-05, "IV": 0.0008602679120068822, "#V": 4.096513866699439e-05, "#iv": 0.00012289541600098315, "vii": 0.0003277211093359551, "#vi": 4.096513866699439e-05, "VII": 0.0, "#II": 0.0, "I": 0.004833886362705338, "#ii": 0.0, "v": 0.0003277211093359551, "VI": 4.096513866699439e-05, "#v": 0.0, "vi": 0.0002457908320019663, "iii": 0.0005735119413379214, "#I": 0.0, "V": 0.0025808037360206463}, "ii": {"II": 0.0007783376346728934, "#i": 0.0006554422186719102, "i": 0.0015566752693457868, "#VI": 0.0009421981893408709, "#IV": 0.0, "iv": 0.000737372496005899, "ii": 0.017942730736143542, "III": 0.002539838597353652, "IV": 0.004137479005366433, "#V": 0.0, "#iv": 4.096513866699439e-05, "vii": 0.010200319528081602, "#vi": 0.00012289541600098315, "VII": 8.193027733398878e-05, "#II": 8.193027733398878e-05, "I": 0.017164393101470648, "#ii": 8.193027733398878e-05, "v": 0.0018843963786817418, "VI": 0.003604932202695506, "#v": 0.0010650936053418541, "vi": 0.00401458358936545, "iii": 0.009831633280078652, "#I": 0.0, "V": 0.01876203350948343}, "III": {"II": 4.096513866699439e-05, "#i": 0.0, "i": 4.096513866699439e-05, "#VI": 0.0, "#IV": 0.0, "iv": 0.0, "ii": 0.0002457908320019663, "III": 0.004751956085371349, "IV": 0.001269919298676826, "#V": 0.0, "#iv": 0.0003277211093359551, "vii": 0.00012289541600098315, "#vi": 0.0, "VII": 0.0, "#II": 0.0, "I": 0.00045061652533693827, "#ii": 8.193027733398878e-05, "v": 0.0, "VI": 0.00020482569333497193, "#v": 0.0003686862480029495, "vi": 0.010159354389414609, "iii": 0.0005735119413379214, "#I": 0.0, "V": 0.0}, "IV": {"II": 0.0009421981893408709, "#i": 0.00045061652533693827, "i": 0.002007291794682725, "#VI": 0.0015157101306787924, "#IV": 0.0, "iv": 0.002744664290688624, "ii": 0.007865306624062922, "III": 0.00040965138666994386, "IV": 0.023882675842857727, "#V": 0.0, "#iv": 4.096513866699439e-05, "vii": 0.010528040637417557, "#vi": 0.0004915816640039326, "VII": 0.0, "#II": 0.0, "I": 0.012822088402769244, "#ii": 0.0, "v": 0.0015566752693457868, "VI": 0.0009421981893408709, "#v": 0.0003277211093359551, "vi": 0.006185735938716153, "iii": 0.0023759780426856744, "#I": 0.0, "V": 0.017942730736143542}, "#V": {"II": 0.0, "#i": 0.0, "i": 0.0, "#VI": 0.0, "#IV": 0.0, "iv": 4.096513866699439e-05, "ii": 0.0, "III": 0.0, "IV": 0.0, "#V": 0.0, "#iv": 0.0, "vii": 0.0, "#vi": 0.0, "VII": 0.0, "#II": 0.0, "I": 0.0, "#ii": 0.0, "v": 0.0, "VI": 0.0, "#v": 0.0, "vi": 0.0, "iii": 0.0, "#I": 0.0, "V": 0.0}, "#iv": {"II": 0.0009831633280078652, "#i": 0.0, "i": 0.0003277211093359551, "#VI": 4.096513866699439e-05, "#IV": 0.0, "iv": 0.0, "ii": 4.096513866699439e-05, "III": 0.0005325468026709271, "IV": 4.096513866699439e-05, "#V": 0.0, "#iv": 0.0008193027733398877, "vii": 0.0002457908320019663, "#vi": 0.0, "VII": 0.0003277211093359551, "#II": 4.096513866699439e-05, "I": 0.0004915816640039326, "#ii": 0.0, "v": 0.0002867559706689607, "VI": 0.0002457908320019663, "#v": 0.00012289541600098315, "vi": 0.0009012330506738765, "iii": 0.0006964073573389046, "#I": 0.0, "V": 0.007496620376059973}, "vii": {"II": 0.0014337798533448035, "#i": 0.0002867559706689607, "i": 0.0002457908320019663, "#VI": 0.0, "#IV": 0.0, "iv": 0.0010650936053418541, "ii": 0.0037278276186964894, "III": 0.0015157101306787924, "IV": 0.0008193027733398877, "#V": 0.0, "#iv": 0.00012289541600098315, "vii": 0.0037687927573634835, "#vi": 0.0, "VII": 0.0, "#II": 0.0, "I": 0.020318708778829218, "#ii": 0.0, "v": 0.0, "VI": 0.0002457908320019663, "#v": 0.00040965138666994386, "vi": 0.0036458973413625007, "iii": 0.0024988734586866576, "#I": 0.0, "V": 0.0031133505386915735}, "#vi": {"II": 0.0, "#i": 4.096513866699439e-05, "i": 0.0, "#VI": 0.0, "#IV": 0.0, "iv": 0.00016386055466797756, "ii": 0.0, "III": 0.0, "IV": 0.0006144770800049158, "#V": 0.0, "#iv": 0.0, "vii": 0.0, "#vi": 8.193027733398878e-05, "VII": 0.0, "#II": 0.0, "I": 0.0, "#ii": 0.0, "v": 0.00020482569333497193, "VI": 0.0, "#v": 0.0, "vi": 4.096513866699439e-05, "iii": 4.096513866699439e-05, "#I": 0.0, "V": 0.0}, "VII": {"II": 0.0, "#i": 4.096513866699439e-05, "i": 0.0, "#VI": 0.0, "#IV": 0.0, "iv": 0.0, "ii": 0.0, "III": 0.00012289541600098315, "IV": 0.0, "#V": 0.0, "#iv": 4.096513866699439e-05, "vii": 4.096513866699439e-05, "#vi": 0.0, "VII": 0.0003277211093359551, "#II": 0.0, "I": 0.00016386055466797756, "#ii": 8.193027733398878e-05, "v": 0.0, "VI": 4.096513866699439e-05, "#v": 0.0, "vi": 4.096513866699439e-05, "iii": 0.0009421981893408709, "#I": 0.0, "V": 8.193027733398878e-05}, "#II": {"II": 4.096513866699439e-05, "#i": 0.0, "i": 0.0, "#VI": 4.096513866699439e-05, "#IV": 0.0, "iv": 0.0, "ii": 0.0, "III": 0.0, "IV": 0.0, "#V": 0.0, "#iv": 0.0, "vii": 0.0, "#vi": 0.0, "VII": 0.0, "#II": 0.0, "I": 0.0, "#ii": 0.0, "v": 0.00016386055466797756, "VI": 0.0, "#v": 0.0, "vi": 0.0003686862480029495, "iii": 4.096513866699439e-05, "#I": 0.0, "V": 0.0}, "I": {"II": 0.007578550653393962, "#i": 0.0003277211093359551, "i": 0.012371471877432306, "#VI": 0.0004915816640039326, "#IV": 0.0, "iv": 0.005079677194707304, "ii": 0.029822620949571915, "III": 0.0009012330506738765, "IV": 0.03334562287493343, "#V": 0.0, "#iv": 0.0037278276186964894, "vii": 0.004301339560034411, "#vi": 0.00016386055466797756, "VII": 4.096513866699439e-05, "#II": 8.193027733398878e-05, "I": 0.08660030314202613, "#ii": 0.0, "v": 0.0033181762320265455,