{"#ii": {"#ii": 9.36724275209592e-05, "IV": 0.0, "vi": 7.02543206407194e-05, "v": 0.0, "-II": 0.0, "III": 4.68362137604796e-05, "#vi": 0.0, "#i": 0.0, "VI": 2.34181068802398e-05, "-VI": 0.0, "VII": 0.00011709053440119901, "I": 0.0, "iv": 0.0, "II": 0.0, "-III": 0.0, "-vii": 0.0, "#iv": 0.0, "-iii": 0.0, "i": 0.0, "iii": 0.00025759917568263783, "#iii": 0.0, "vii": 0.0, "-ii": 0.0, "ii": 0.0, "#v": 0.0, "V": 0.0, "#vii": 0.0, "-VII": 0.0, "-vi": 0.0, "-I": 0.0}, "IV": {"#ii": 0.0, "IV": 0.0165331834574493, "vi": 0.00353613413891621, "v": 0.0017329399091377453, "-II": 2.34181068802398e-05, "III": 0.0006088707788862349, "#vi": 0.0006322888857664747, "#i": 0.00025759917568263783, "VI": 0.0005386164582455154, "-VI": 0.0, "VII": 0.0, "I": 0.007423539881036017, "iv": 0.001896866657299424, "II": 0.0006322888857664747, "-III": 0.0, "-vii": 0.000351271603203597, "#iv": 0.0001873448550419184, "-iii": 0.0, "i": 0.0014519226265748677, "iii": 0.0016158493747365462, "#iii": 0.0, "vii": 0.006018453468221629, "-ii": 0.0, "ii": 0.005198819727413236, "#v": 0.0001873448550419184, "V": 0.01184956208140134, "#vii": 0.0013582501990539084, "-VII": 0.006322888857664746, "-vi": 0.0, "-I": 0.0}, "vi": {"#ii": 0.0001405086412814388, "IV": 0.005433000796215634, "vi": 0.01414453655566484, "v": 0.0007493794201676737, "-II": 0.0, "III": 0.001896866657299424, "#vi": 0.0, "#i": 0.00011709053440119901, "VI": 0.00025759917568263783, "-VI": 0.0, "VII": 0.00011709053440119901, "I": 0.005409582689335394, "iv": 0.0004449440307245562, "II": 0.005737436185658752, "-III": 0.0, "-vii": 2.34181068802398e-05, "#iv": 0.0027633366118682964, "-iii": 0.0, "i": 0.0006791250995269542, "iii": 0.00238864690178446, "#iii": 0.0, "vii": 0.003887405742119807, "-ii": 0.0, "ii": 0.006533651819586905, "#v": 0.00046836213760479605, "V": 0.006720996674628823, "#vii": 0.0, "-VII": 0.00046836213760479605, "-vi": 0.0, "-I": 0.0}, "v": {"#ii": 0.0, "IV": 0.002013957191700623, "vi": 0.0011474872371317502, "v": 0.006861505315910262, "-II": 0.0, "III": 0.0022949744742635004, "#vi": 0.002037375298580863, "#i": 0.0001873448550419184, "VI": 0.0005151983513652757, "-VI": 0.002974099573790455, "VII": 0.0, "I": 0.0037468971008383684, "iv": 0.0016861036953772657, "II": 0.0035595522457964497, "-III": 0.0001639267481616786, "-vii": 0.0001639267481616786, "#iv": 0.0007493794201676737, "-iii": 0.0, "i": 0.004145004917802445, "iii": 0.0008898880614491124, "#iii": 0.00042152592384431644, "vii": 4.68362137604796e-05, "-ii": 0.0, "ii": 0.0019437028710599035, "#v": 2.34181068802398e-05, "V": 0.0025291555430658986, "#vii": 4.68362137604796e-05, "-VII": 0.0019671209779401435, "-vi": 2.34181068802398e-05, "-I": 0.0}, "-II": {"#ii": 0.0, "IV": 0.0, "vi": 0.0, "v": 9.36724275209592e-05, "-II": 0.00011709053440119901, "III": 4.68362137604796e-05, "#vi": 0.0, "#i": 0.0, "VI": 0.0, "-VI": 0.0, "VII": 0.0, "I": 9.36724275209592e-05, "iv": 0.0001405086412814388, "II": 0.0, "-III": 0.0, "-vii": 7.02543206407194e-05, "#iv": 4.68362137604796e-05, "-iii": 0.0, "i": 2.34181068802398e-05, "iii": 0.0, "#iii": 0.0, "vii": 0.0, "-ii": 0.0, "ii": 0.0, "#v": 0.0, "V": 0.0, "#vii": 0.0, "-VII": 7.02543206407194e-05, "-vi": 0.0, "-I": 0.0}, "III": {"#ii": 4.68362137604796e-05, "IV": 0.00353613413891621, "vi": 0.005807690506299471, "v": 0.0025291555430658986, "-II": 2.34181068802398e-05, "III": 0.0167673645262517, "#vi": 0.0022949744742635004, "#i": 0.0, "VI": 0.00011709053440119901, "-VI": 0.005339328368694675, "VII": 0.0, "I": 0.0005620345651257552, "iv": 0.007329867453515057, "II": 0.0001873448550419184, "-III": 0.0, "-vii": 0.0005620345651257552, "#iv": 0.0002810172825628776, "-iii": 0.0, "i": 0.00594819914758091, "iii": 0.002224720153622781, "#iii": 4.68362137604796e-05, "vii": 7.02543206407194e-05, "-ii": 4.68362137604796e-05, "ii": 0.0013816683059341482, "#v": 0.00021076296192215822, "V": 0.002037375298580863, "#vii": 0.0006557069926467144, "-VII": 0.0037468971008383684, "-vi": 0.0006088707788862349, "-I": 0.0}, "#vi": {"#ii": 0.0, "IV": 0.00023418106880239802, "vi": 0.0, "v": 0.0007259613132874339, "-II": 0.0, "III": 0.00021076296192215822, "#vi": 0.0005151983513652757, "#i": 2.34181068802398e-05, "VI": 2.34181068802398e-05, "-VI": 0.0, "VII": 0.0, "I": 7.02543206407194e-05, "iv": 0.0, "II": 0.0013816683059341482, "-III": 0.0, "-vii": 7.02543206407194e-05, "#iv": 0.0006557069926467144, "-iii": 0.0, "i": 0.00025759917568263783, "iii": 0.0001639267481616786, "#iii": 0.0, "vii": 0.0, "-ii": 0.0, "ii": 0.000351271603203597, "#v": 0.0, "V": 0.00117090534401199, "#vii": 0.0009835604889700718, "-VII": 0.0029038452531497355, "-vi": 0.0, "-I": 0.0}, "#i": {"#ii": 0.0, "IV": 0.0001405086412814388, "vi": 0.0, "v": 0.00042152592384431644, "-II": 0.0, "III": 0.0, "#vi": 0.0, "#i": 0.00021076296192215822, "VI": 0.000351271603203597, "-VI": 0.0, "VII": 4.68362137604796e-05, "I": 0.0, "iv": 2.34181068802398e-05, "II": 0.00011709053440119901, "-III": 0.0, "-vii": 0.0, "#iv": 0.0, "-iii": 0.0, "i": 0.0, "iii": 9.36724275209592e-05, "#iii": 0.0, "vii": 0.0, "-ii": 0.0, "ii": 0.0019202847641796637, "#v": 0.0, "V": 7.02543206407194e-05, "#vii": 0.0, "-VII": 7.02543206407194e-05, "-vi": 0.0, "-I": 0.0}, "VI": {"#ii": 7.02543206407194e-05, "IV": 0.0003981078169640766, "vi": 0.0007493794201676737, "v": 0.0002810172825628776, "-II": 0.0, "III": 2.34181068802398e-05, "#vi": 0.0, "#i": 7.02543206407194e-05, "VI": 0.0016392674816167862, "-VI": 0.0, "VII": 9.36724275209592e-05, "I": 0.0002810172825628776, "iv": 0.0, "II": 0.0006791250995269542, "-III": 0.0, "-vii": 0.0, "#iv": 0.0001405086412814388, "-iii": 0.0, "i": 0.0, "iii": 0.0002810172825628776, "#iii": 0.0, "vii": 0.0001873448550419184, "-ii": 0.0, "ii": 0.0033722073907545315, "#v": 0.0, "V": 4.68362137604796e-05, "#vii": 0.0, "-VII": 0.0002810172825628776, "-vi": 0.0, "-I": 0.0}, "-VI": {"#ii": 0.0, "IV": 0.00021076296192215822, "vi": 0.0, "v": 0.0006791250995269542, "-II": 0.0001405086412814388, "III": 0.0029272633600299753, "#vi": 0.00011709053440119901, "#i": 0.0, "VI": 0.0, "-VI": 0.003887405742119807, "VII": 0.0, "I": 0.00042152592384431644, "iv": 0.003325371176994052, "II": 7.02543206407194e-05, "-III": 0.0, "-vii": 7.02543206407194e-05, "#iv": 7.02543206407194e-05, "-iii": 0.0, "i": 0.002786754718748536, "iii": 0.00021076296192215822, "#iii": 0.0001639267481616786, "vii": 0.0, "-ii": 0.0, "ii": 0.003887405742119807, "#v": 0.0, "V": 0.0006088707788862349, "#vii": 0.000351271603203597, "-VII": 0.0026696641843473373, "-vi": 0.00046836213760479605, "-I": 0.0}, "VII": {"#ii": 4.68362137604796e-05, "IV": 0.0, "vi": 2.34181068802398e-05, "v": 0.0, "-II": 0.0, "III": 7.02543206407194e-05, "#vi": 0.0, "#i": 2.34181068802398e-05, "VI": 2.34181068802398e-05, "-VI": 0.0, "VII": 0.0001873448550419184, "I": 9.36724275209592e-05, "iv": 0.0, "II": 0.0, "-III": 0.0, "-vii": 0.0, "#iv": 2.34181068802398e-05, "-iii": 0.0, "i": 0.0, "iii": 0.0005386164582455154, "#iii": 0.0, "vii": 2.34181068802398e-05, "-ii": 0.0, "ii": 0.0, "#v": 0.0, "V": 4.68362137604796e-05, "#vii": 0.0, "-VII": 0.0, "-vi": 0.0, "-I": 0.0}, "I": {"#ii": 0.0, "IV": 0.02011615381012599, "vi": 0.008664699545688727, "v": 0.0021778839398623015, "-II": 4.68362137604796e-05, "III": 0.0005620345651257552, "#vi": 9.36724275209592e-05, "#i": 0.0001873448550419184, "VI": 0.00042152592384431644, "-VI": 0.00023418106880239802, "VII": 2.34181068802398e-05, "I": 0.05109830921268325, "iv": 0.0061823802163833074, "II": 0.0047304575898084395, "-III": 4.68362137604796e-05, "-vii": 0.0002810172825628776, "#iv": 0.00238864690178446, "-iii": 0.0, "i": 0.007610884736077936, "iii": 0.004941220551730598, "#iii": 0.0001639267481616786, "vii": 0.0024589012224251793, "-ii": 0.0, "ii": 0.017352817198257695, "#v": 0.0001639267481616786, "V": 0.016884455060652896, "#vii": 0.0, "-VII": 0.000351271603203597, "-vi": 0.0, "-I": 0.0}, "iv": {"#ii": 0.0, "IV": 0.0008898880614491124, "vi": 0.0001405086412814388, "v": 0.002786754718748536, "-II": 0.00011709053440119901, "III": 0.002833590932509016,