{"#ii": {"#ii": 0.00016386055466797756, "IV": 0.0, "vi": 0.00012289541600098315, "v": 0.0, "-II": 0.0, "III": 8.193027733398878e-05, "#vi": 0.0, "#i": 0.0, "VI": 4.096513866699439e-05, "-VI": 0.0, "VII": 0.00020482569333497193, "I": 0.0, "iv": 0.0, "II": 0.0, "-III": 0.0, "-vii": 0.0, "#iv": 0.0, "-iii": 0.0, "i": 0.0, "iii": 0.00045061652533693827, "#iii": 0.0, "vii": 0.0, "-ii": 0.0, "ii": 0.0, "#v": 0.0, "V": 0.0, "#vii": 0.0, "-VII": 0.0, "-vi": 0.0, "-I": 0.0}, "IV": {"#ii": 0.0, "IV": 0.023882675842857727, "vi": 0.006185735938716153, "v": 0.0015566752693457868, "-II": 0.0, "III": 0.00040965138666994386, "#vi": 0.0, "#i": 0.00045061652533693827, "VI": 0.0009421981893408709, "-VI": 0.0, "VII": 0.0, "I": 0.012822088402769244, "iv": 0.002744664290688624, "II": 0.0009421981893408709, "-III": 0.0, "-vii": 0.0004915816640039326, "#iv": 4.096513866699439e-05, "-iii": 0.0, "i": 0.002007291794682725, "iii": 0.0023759780426856744, "#iii": 0.0, "vii": 0.010528040637417557, "-ii": 0.0, "ii": 0.007865306624062922, "#v": 0.0003277211093359551, "V": 0.017942730736143542, "#vii": 0.0, "-VII": 0.0015157101306787924, "-vi": 0.0, "-I": 0.0}, "vi": {"#ii": 0.0002457908320019663, "IV": 0.009503912170742698, "vi": 0.02474294375486461, "v": 0.0013108844373438205, "-II": 0.0, "III": 0.0033181762320265455, "#vi": 0.0, "#i": 0.00020482569333497193, "VI": 0.00045061652533693827, "-VI": 0.0, "VII": 0.00020482569333497193, "I": 0.009462947032075704, "iv": 0.0007783376346728934, "II": 0.010036458973413626, "-III": 0.0, "-vii": 4.096513866699439e-05, "#iv": 0.004833886362705338, "-iii": 0.0, "i": 0.0011879890213428372, "iii": 0.0041784441440334275, "#iii": 0.0, "vii": 0.006800213018721068, "-ii": 0.0, "ii": 0.011429273688091435, "#v": 0.0008193027733398877, "V": 0.01175699479742739, "#vii": 0.0, "-VII": 0.0008193027733398877, "-vi": 0.0, "-I": 0.0}, "v": {"#ii": 0.0, "IV": 0.0011470238826758428, "vi": 0.002007291794682725, "v": 0.003809757896030478, "-II": 0.0, "III": 0.0, "#vi": 0.0, "#i": 0.0003277211093359551, "VI": 0.0009012330506738765, "-VI": 0.0, "VII": 0.0, "I": 0.004547130392036377, "iv": 0.00040965138666994386, "II": 0.0035230019253615174, "-III": 0.0002867559706689607, "-vii": 8.193027733398878e-05, "#iv": 4.096513866699439e-05, "-iii": 0.0, "i": 0.0006144770800049158, "iii": 0.0015157101306787924, "#iii": 0.0, "vii": 8.193027733398878e-05, "-ii": 0.0, "ii": 0.0018434312400147474, "#v": 4.096513866699439e-05, "V": 0.003482036786694523, "#vii": 0.0, "-VII": 0.0003686862480029495, "-vi": 0.0, "-I": 0.0}, "-II": {"#ii": 0.0, "IV": 0.0, "vi": 0.0, "v": 0.0, "-II": 0.0, "III": 0.0, "#vi": 0.0, "#i": 0.0, "VI": 0.0, "-VI": 0.0, "VII": 0.0, "I": 0.0, "iv": 0.0, "II": 0.0, "-III": 0.0, "-vii": 0.0, "#iv": 0.0, "-iii": 0.0, "i": 0.0, "iii": 0.0, "#iii": 0.0, "vii": 0.0, "-ii": 0.0, "ii": 0.0, "#v": 0.0, "V": 0.0, "#vii": 0.0, "-VII": 0.0, "-vi": 0.0, "-I": 0.0}, "III": {"#ii": 8.193027733398878e-05, "IV": 0.001269919298676826, "vi": 0.010159354389414609, "v": 0.0, "-II": 0.0, "III": 0.004751956085371349, "#vi": 0.0, "#i": 0.0, "VI": 0.00020482569333497193, "-VI": 0.0, "VII": 0.0, "I": 0.00045061652533693827, "iv": 0.0, "II": 4.096513866699439e-05, "-III": 0.0, "-vii": 0.0, "#iv": 0.0003277211093359551, "-iii": 0.0, "i": 4.096513866699439e-05, "iii": 0.0005735119413379214, "#iii": 0.0, "vii": 0.00012289541600098315, "-ii": 0.0, "ii": 0.0002457908320019663, "#v": 0.0003686862480029495, "V": 0.0, "#vii": 0.0, "-VII": 0.0, "-vi": 0.0, "-I": 0.0}, "#vi": {"#ii": 0.0, "IV": 0.0, "vi": 0.0, "v": 0.0, "-II": 0.0, "III": 0.0, "#vi": 0.0, "#i": 0.0, "VI": 0.0, "-VI": 0.0, "VII": 0.0, "I": 0.0, "iv": 0.0, "II": 0.0, "-III": 0.0, "-vii": 0.0, "#iv": 0.0, "-iii": 0.0, "i": 0.0, "iii": 0.0, "#iii": 0.0, "vii": 0.0, "-ii": 0.0, "ii": 0.0, "#v": 0.0, "V": 0.0, "#vii": 0.0, "-VII": 0.0, "-vi": 0.0, "-I": 0.0}, "#i": {"#ii": 0.0, "IV": 0.0002457908320019663, "vi": 0.0, "v": 0.0006144770800049158, "-II": 0.0, "III": 0.0, "#vi": 0.0, "#i": 0.0003686862480029495, "VI": 0.0006144770800049158, "-VI": 0.0, "VII": 8.193027733398878e-05, "I": 0.0, "iv": 4.096513866699439e-05, "II": 0.00020482569333497193, "-III": 0.0, "-vii": 0.0, "#iv": 0.0, "-iii": 0.0, "i": 0.0, "iii": 0.00016386055466797756, "#iii": 0.0, "vii": 0.0, "-ii": 0.0, "ii": 0.003277211093359551, "#v": 0.0, "V": 0.00012289541600098315, "#vii": 0.0, "-VII": 0.00012289541600098315, "-vi": 0.0, "-I": 0.0}, "VI": {"#ii": 0.00012289541600098315, "IV": 0.0006964073573389046, "vi": 0.0013108844373438205, "v": 0.0004915816640039326, "-II": 0.0, "III": 4.096513866699439e-05, "#vi": 0.0, "#i": 0.00012289541600098315, "VI": 0.0027856294293556183, "-VI": 0.0, "VII": 0.00016386055466797756, "I": 0.0004915816640039326, "iv": 0.0, "II": 0.0010650936053418541, "-III": 0.0, "-vii": 0.0, "#iv": 0.0002457908320019663, "-iii": 0.0, "i": 0.0, "iii": 0.0004915816640039326, "#iii": 0.0, "vii": 0.0003277211093359551, "-ii": 0.0, "ii": 0.005898979968047192, "#v": 0.0, "V": 8.193027733398878e-05, "#vii": 0.0, "-VII": 0.00045061652533693827, "-vi": 0.0, "-I": 0.0}, "-VI": {"#ii": 0.0, "IV": 0.0, "vi": 0.0, "v": 0.0, "-II": 0.0, "III": 0.0, "#vi": 0.0, "#i": 0.0, "VI": 0.0, "-VI": 0.0, "VII": 0.0, "I": 0.0, "iv": 4.096513866699439e-05, "II": 0.0, "-III": 0.0, "-vii": 0.0, "#iv": 0.0, "-iii": 0.0, "i": 0.0, "iii": 0.0, "#iii": 0.0, "vii": 0.0, "-ii": 0.0, "ii": 0.0, "#v": 0.0, "V": 0.0, "#vii": 0.0, "-VII": 0.0, "-vi": 0.0, "-I": 0.0}, "VII": {"#ii": 8.193027733398878e-05, "IV": 0.0, "vi": 4.096513866699439e-05, "v": 0.0, "-II": 0.0, "III": 0.00012289541600098315, "#vi": 0.0, "#i": 4.096513866699439e-05, "VI": 4.096513866699439e-05, "-VI": 0.0, "VII": 0.0003277211093359551, "I": 0.00016386055466797756, "iv": 0.0, "II": 0.0, "-III": 0.0, "-vii": 0.0, "#iv": 4.096513866699439e-05, "-iii": 0.0, "i": 0.0, "iii": 0.0009421981893408709, "#iii": 0.0, "vii": 4.096513866699439e-05, "-ii": 0.0, "ii": 0.0, "#v": 0.0, "V": 8.193027733398878e-05, "#vii": 0.0, "-VII": 0.0, "-vi": 0.0, "-I": 0.0}, "I": {"#ii": 0.0, "IV": 0.03334562287493343, "vi": 0.015157101306787924, "v": 0.0033181762320265455, "-II": 0.0, "III": 0.0009012330506738765, "#vi": 0.0, "#i": 0.0003277211093359551, "VI": 0.000737372496005899, "-VI": 0.0, "VII": 4.096513866699439e-05, "I": 0.08660030314202613, "iv": 0.005079677194707304, "II": 0.007578550653393962, "-III": 8.193027733398878e-05, "-vii": 0.00016386055466797756, "#iv": 0.0037278276186964894, "-iii": 0.0, "i": 0.012371471877432306, "iii": 0.008643644258735816, "#iii": 0.0, "vii": 0.004301339560034411, "-ii": 0.0, "ii": 0.029822620949571915, "#v": 0.0002867559706689607, "V": 0.029453934701568964, "#vii": 0.0, "-VII": 0.0004915816640039326, "-vi": 0.0, "-I": 0.0}, "iv": {"#ii": 0.0, "IV": 0.0008602679120068822, "vi": 0.0002457908320019663, "v": 0.0003277211093359551, "-II": 0.0, "III": 4.096513866699439e-05, "#vi": 0.0, "#i": 4.096513866699439e-05, "VI": 4.096513866699439e-05, "-VI": 4.096513866699439e-05, "VII": 0.0, "I": 0.004833886362705338, "iv": 0.001269919298676826, "II": 4.096513866699439e-05, "-III": 0.0, "-vii": 4.096513866699439e-05, "#iv": 0.00012289541600098315, "-iii": 0.0, "i": 0.001474744992011798, "iii": 0.0005735119413379214, "#iii": 0.0, "vii": 0.0003277211093359551, "-ii": 0.0, "ii": 0.0011470238826758428, "#v": 0.0, "V": 0.0025808037360206463, "#vii": 0.0, "-VII": 0.0, "-vi": 0.0, "-I": 0.0}, "II": {"#ii": 4.096513866699439e-05, "IV": 0.00012289541600098315, "vi": 0.0011060587440088485, "v": 0.0013518495760108148, "-II": 0.0, "III": 0.0008602679120068822, "#vi": 0.0, "#i": 0.0, "VI": 0.00016386055466797756, "-VI": 0.0, "VII": 0.00016386055466797756, "I": 0.0015976404080127811, "iv": 0.0, "II": 0.010528040637417557, "-III": 0.0, "-vii": 0.0, "#iv": 0.0010650936053418541, "-iii": 0.0, "i": 0.0003686862480029495, "iii": 0.001802466101347753, "#iii": 0.0, "vii": 0.0017615009626807587, "-ii": 0.0, "ii": 0.0011879890213428372, "#v": 0.0004915816640039326, "V": 0.021547662938839047, "#vii": 0.0, "-VII": 0.00016386055466797756, "-vi": 0.0,