{"#ii": {"#ii": 0.0, "IV": 0.0, "vi": 0.0, "v": 0.0, "-II": 0.0, "III": 0.0, "#vi": 0.0, "#i": 0.0, "VI": 0.0, "-VI": 0.0, "VII": 0.0, "I": 0.0, "iv": 0.0, "II": 0.0, "-III": 0.0, "-vii": 0.0, "#iv": 0.0, "-iii": 0.0, "i": 0.0, "iii": 0.0, "#iii": 0.0, "vii": 0.0, "-ii": 0.0, "ii": 0.0, "#v": 0.0, "V": 0.0, "#vii": 0.0, "-VII": 0.0, "-vi": 0.0, "-I": 0.0}, "IV": {"#ii": 0.0, "IV": 0.0067246186649171725, "vi": 0.0, "v": 0.0019681810726586845, "-II": 5.467169646274124e-05, "III": 0.0008747471434038598, "#vi": 0.0014761358044940135, "#i": 0.0, "VI": 0.0, "-VI": 0.0, "VII": 0.0, "I": 0.00021868678585096495, "iv": 0.0007654037504783774, "II": 0.00021868678585096495, "-III": 0.0, "-vii": 0.0001640150893882237, "#iv": 0.0003827018752391887, "-iii": 0.0, "i": 0.0007107320540156361, "iii": 0.0006013886610901537, "#iii": 0.0, "vii": 0.0, "-ii": 0.0, "ii": 0.0016401508938822373, "#v": 0.0, "V": 0.0037176753594664043, "#vii": 0.003170958394838992, "-VII": 0.012738505275818709, "-vi": 0.0, "-I": 0.0}, "vi": {"#ii": 0.0, "IV": 0.0, "vi": 0.0, "v": 0.0, "-II": 0.0, "III": 0.0, "#vi": 0.0, "#i": 0.0, "VI": 0.0, "-VI": 0.0, "VII": 0.0, "I": 0.0, "iv": 0.0, "II": 0.0, "-III": 0.0, "-vii": 0.0, "#iv": 0.0, "-iii": 0.0, "i": 0.0, "iii": 0.0, "#iii": 0.0, "vii": 0.0, "-ii": 0.0, "ii": 0.0, "#v": 0.0, "V": 0.0, "#vii": 0.0, "-VII": 0.0, "-vi": 0.0, "-I": 0.0}, "v": {"#ii": 0.0, "IV": 0.003170958394838992, "vi": 0.0, "v": 0.010934339292548247, "-II": 0.0, "III": 0.005357826253348641, "#vi": 0.0047564375922584876, "#i": 0.0, "VI": 0.0, "-VI": 0.0069433054507681375, "VII": 0.0, "I": 0.0026789131266743206, "iv": 0.0033896451806899566, "II": 0.0036083319665409217, "-III": 0.0, "-vii": 0.0002733584823137062, "#iv": 0.0016948225903449783, "-iii": 0.0, "i": 0.00885681482696408, "iii": 5.467169646274124e-05, "#iii": 0.0009840905363293422, "vii": 0.0, "-ii": 0.0, "ii": 0.002077524465584167, "#v": 0.0, "V": 0.0012574490186430486, "#vii": 0.00010934339292548247, "-VII": 0.004100377234705593, "-vi": 5.467169646274124e-05, "-I": 0.0}, "-II": {"#ii": 0.0, "IV": 0.0, "vi": 0.0, "v": 0.00021868678585096495, "-II": 0.0002733584823137062, "III": 0.00010934339292548247, "#vi": 0.0, "#i": 0.0, "VI": 0.0, "-VI": 0.0, "VII": 0.0, "I": 0.00021868678585096495, "iv": 0.0003280301787764474, "II": 0.0, "-III": 0.0, "-vii": 0.0001640150893882237, "#iv": 0.00010934339292548247, "-iii": 0.0, "i": 5.467169646274124e-05, "iii": 0.0, "#iii": 0.0, "vii": 0.0, "-ii": 0.0, "ii": 0.0, "#v": 0.0, "V": 0.0, "#vii": 0.0, "-VII": 0.0001640150893882237, "-vi": 0.0, "-I": 0.0}, "III": {"#ii": 0.0, "IV": 0.006560603575528949, "vi": 0.0, "v": 0.005904543217976054, "-II": 5.467169646274124e-05, "III": 0.032803017877644745, "#vi": 0.005357826253348641, "#i": 0.0, "VI": 0.0, "-VI": 0.012465146793505003, "VII": 0.0, "I": 0.0007107320540156361, "iv": 0.017112240992838007, "II": 0.0003827018752391887, "-III": 0.0, "-vii": 0.0013121207151057896, "#iv": 0.00021868678585096495, "-iii": 0.0, "i": 0.013831939205073534, "iii": 0.00442840741348204, "#iii": 0.00010934339292548247, "vii": 0.0, "-ii": 0.00010934339292548247, "ii": 0.0028975999125252856, "#v": 0.0, "V": 0.0047564375922584876, "#vii": 0.0015308075009567547, "-VII": 0.008747471434038598, "-vi": 0.0014214641080312722, "-I": 0.0}, "#vi": {"#ii": 0.0, "IV": 0.0005467169646274124, "vi": 0.0, "v": 0.0016948225903449783, "-II": 0.0, "III": 0.0004920452681646711, "#vi": 0.0012027773221803073, "#i": 5.467169646274124e-05, "VI": 5.467169646274124e-05, "-VI": 0.0, "VII": 0.0, "I": 0.0001640150893882237, "iv": 0.0, "II": 0.0032256300913017333, "-III": 0.0, "-vii": 0.0001640150893882237, "#iv": 0.0015308075009567547, "-iii": 0.0, "i": 0.0006013886610901537, "iii": 0.0003827018752391887, "#iii": 0.0, "vii": 0.0, "-ii": 0.0, "ii": 0.0008200754469411186, "#v": 0.0, "V": 0.002733584823137062, "#vii": 0.002296211251435132, "-VII": 0.006779290361379913, "-vi": 0.0, "-I": 0.0}, "#i": {"#ii": 0.0, "IV": 0.0, "vi": 0.0, "v": 0.0001640150893882237, "-II": 0.0, "III": 0.0, "#vi": 0.0, "#i": 0.0, "VI": 0.0, "-VI": 0.0, "VII": 0.0, "I": 0.0, "iv": 0.0, "II": 0.0, "-III": 0.0, "-vii": 0.0, "#iv": 0.0, "-iii": 0.0, "i": 0.0, "iii": 0.0, "#iii": 0.0, "vii": 0.0, "-ii": 0.0, "ii": 0.00010934339292548247, "#v": 0.0, "V": 0.0, "#vii": 0.0, "-VII": 0.0, "-vi": 0.0, "-I": 0.0}, "VI": {"#ii": 0.0, "IV": 0.0, "vi": 0.0, "v": 0.0, "-II": 0.0, "III": 0.0, "#vi": 0.0, "#i": 0.0, "VI": 0.00010934339292548247, "-VI": 0.0, "VII": 0.0, "I": 0.0, "iv": 0.0, "II": 0.0001640150893882237, "-III": 0.0, "-vii": 0.0, "#iv": 0.0, "-iii": 0.0, "i": 0.0, "iii": 0.0, "#iii": 0.0, "vii": 0.0, "-ii": 0.0, "ii": 0.0, "#v": 0.0, "V": 0.0, "#vii": 0.0, "-VII": 5.467169646274124e-05, "-vi": 0.0, "-I": 0.0}, "-VI": {"#ii": 0.0, "IV": 0.0004920452681646711, "vi": 0.0, "v": 0.001585479197419496, "-II": 0.0003280301787764474, "III": 0.006833962057842655, "#vi": 0.0002733584823137062, "#i": 0.0, "VI": 0.0, "-VI": 0.009075501612815045, "VII": 0.0, "I": 0.0009840905363293422, "iv": 0.0077087092012465145, "II": 0.0001640150893882237, "-III": 0.0, "-vii": 0.0001640150893882237, "#iv": 0.0001640150893882237, "-iii": 0.0, "i": 0.006505931879066207, "iii": 0.0004920452681646711, "#iii": 0.0003827018752391887, "vii": 0.0, "-ii": 0.0, "ii": 0.009075501612815045, "#v": 0.0, "V": 0.0014214641080312722, "#vii": 0.0008200754469411186, "-VII": 0.0062325733967525014, "-vi": 0.0010934339292548248, "-I": 0.0}, "VII": {"#ii": 0.0, "IV": 0.0, "vi": 0.0, "v": 0.0, "-II": 0.0, "III": 0.0, "#vi": 0.0, "#i": 0.0, "VI": 0.0, "-VI": 0.0, "VII": 0.0, "I": 0.0, "iv": 0.0, "II": 0.0, "-III": 0.0, "-vii": 0.0, "#iv": 0.0, "-iii": 0.0, "i": 0.0, "iii": 0.0, "#iii": 0.0, "vii": 0.0, "-ii": 0.0, "ii": 0.0, "#v": 0.0, "V": 0.0, "#vii": 0.0, "-VII": 0.0, "-vi": 0.0, "-I": 0.0}, "I": {"#ii": 0.0, "IV": 0.002460226340823356, "vi": 0.0, "v": 0.0006560603575528948, "-II": 0.00010934339292548247, "III": 0.00010934339292548247, "#vi": 0.00021868678585096495, "#i": 0.0, "VI": 0.0, "-VI": 0.0005467169646274124, "VII": 0.0, "I": 0.0037176753594664043, "iv": 0.007654037504783774, "II": 0.0009294188398666011, "-III": 0.0, "-vii": 0.0004373735717019299, "#iv": 0.0006013886610901537, "-iii": 0.0, "i": 0.0012574490186430486, "iii": 0.0, "#iii": 0.0003827018752391887, "vii": 0.0, "-ii": 0.0, "ii": 0.0007107320540156361, "#v": 0.0, "V": 0.00010934339292548247, "#vii": 0.0, "-VII": 0.0001640150893882237, "-vi": 0.0, "-I": 0.0}, "iv": {"#ii": 0.0, "IV": 0.0009294188398666011, "vi": 0.0, "v": 0.006068558307364277, "-II": 0.0002733584823137062, "III": 0.006560603575528949, "#vi": 0.00010934339292548247, "#i": 0.0, "VI": 0.0, "-VI": 0.0032803017877644745, "VII": 0.0, "I": 0.003991033841780111, "iv": 0.020119184298288777, "II": 0.0001640150893882237, "-III": 0.0, "-vii": 0.0010934339292548248, "#iv": 0.0002733584823137062, "-iii": 0.0, "i": 0.011371712864250177, "iii": 0.0005467169646274124, "#iii": 0.0007107320540156361, "vii": 0.0, "-ii": 0.0, "ii": 0.010278278934995352, "#v": 0.0, "V": 0.013558580722759827, "#vii": 0.0031162866983762507, "-VII": 0.010660980810234541, "-vi": 0.00021868678585096495, "-I": 0.0}, "II": {"#ii": 0.0, "IV": 0.0, "vi": 0.0, "v": 0.0062325733967525014, "-II": 0.0, "III": 0.0008747471434038598, "#vi": 0.00010934339292548247, "#i": 0.0, "VI": 0.0, "-VI": 0.0, "VII": 0.0, "I": 0.0001640150893882237, "iv": 0.0, "II": 0.0047564375922584876, "-III": 0.0, "-vii": 0.0, "#iv": 0.0005467169646274124, "-iii": 0.0, "i": 0.0005467169646274124, "iii": 0.0, "#iii": 0.00010934339292548247, "vii": 0.0, "-ii": 0.0, "ii": 0.0003280301787764474, "#v": 0.0, "V": 0.005084467771034935, "#vii": 0.00021868678585096495, "-VII": 0.0004373735717019299, "-vi": 0.0, "-I": 0.0}, "-III": {"#ii": 0.0, "IV": 0.0, "vi": 0.0, "v": 0.0, "-II": 0.0, "III": 0.0, "#vi": 0.0, "#i": 0.0, "VI": 0.0, "-VI": 0.0, "VII": 0.0, "I": 0.0, "iv": 0.0, "II": 0.0, "-III": 0.0, "-vii": 0.0, "#iv": 0.0, "-iii": 0.0, "i": 0.0, "iii": 0.0, "#iii": 0.0, "vii": 0.0, "-ii": 0.0, "ii": 0.0, "#v": 0.0, "V": 0.0,