{"#VI": 0.043190801293568094, "IV": 0.06815187447598514, "iii": 0.035621032458977124, "II": 0.03363277039166367, "#ii": 0.000598874116660678, "#i": 0.003497424841298359, "iv": 0.05020960594083124, "vi": 0.05634207689543658, "i": 0.12178704036411546, "#IV": 0.0, "VI": 0.008767517067912324, "#iv": 0.011833752545214996, "I": 0.15280871960713857, "#vi": 0.013510600071864894, "#I": 0.0007186489399928135, "III": 0.06336088154269973, "V": 0.1604263983710624, "#II": 0.00023954964666427118, "#v": 0.003808839381961912, "ii": 0.08520780931848125, "v": 0.038160258713618396, "vii": 0.023475865373098575, "#V": 0.023499820337765, "VII": 0.0011498383039885017}