{"#v": {"#v": 5.467169646274124e-05, "#i": 0.0, "IV": 0.0, "VI": 0.0, "II": 0.0, "vi": 0.0, "VII": 0.0, "#ii": 0.0, "#V": 0.0, "#II": 0.0, "V": 0.0, "iii": 0.00021868678585096495, "III": 0.0016401508938822373, "i": 0.00010934339292548247, "#VI": 0.0009840905363293422, "v": 5.467169646274124e-05, "#I": 0.0, "#vi": 5.467169646274124e-05, "vii": 0.0, "#IV": 0.0, "iv": 0.0003827018752391887, "ii": 0.0001640150893882237, "I": 0.0, "#iv": 0.0}, "#i": {"#v": 5.467169646274124e-05, "#i": 0.0, "IV": 0.0, "VI": 0.0, "II": 0.0, "vi": 0.0, "VII": 0.0, "#ii": 0.0, "#V": 5.467169646274124e-05, "#II": 0.0, "V": 0.0, "iii": 0.0, "III": 0.0, "i": 0.0, "#VI": 0.0, "v": 0.0001640150893882237, "#I": 0.0, "#vi": 0.0, "vii": 0.0, "#IV": 0.0, "iv": 0.0, "ii": 0.00010934339292548247, "I": 0.0, "#iv": 0.0}, "IV": {"#v": 0.0, "#i": 0.0, "IV": 0.0067246186649171725, "VI": 0.0, "II": 0.00021868678585096495, "vi": 0.0, "VII": 0.0, "#ii": 0.0, "#V": 0.0, "#II": 0.0, "V": 0.0037176753594664043, "iii": 0.0006013886610901537, "III": 0.0008747471434038598, "i": 0.003881690448854628, "#VI": 0.012738505275818709, "v": 0.0019681810726586845, "#I": 5.467169646274124e-05, "#vi": 0.0016401508938822373, "vii": 0.0, "#IV": 0.0, "iv": 0.0007654037504783774, "ii": 0.0016401508938822373, "I": 0.00021868678585096495, "#iv": 0.0003827018752391887}, "VI": {"#v": 0.0, "#i": 0.0, "IV": 0.0, "VI": 0.00010934339292548247, "II": 0.0001640150893882237, "vi": 0.0, "VII": 0.0, "#ii": 0.0, "#V": 0.0, "#II": 0.0, "V": 0.0, "iii": 0.0, "III": 0.0, "i": 0.0, "#VI": 5.467169646274124e-05, "v": 0.0, "#I": 0.0, "#vi": 0.0, "vii": 0.0, "#IV": 0.0, "iv": 0.0, "ii": 0.0, "I": 0.0, "#iv": 0.0}, "II": {"#v": 0.0, "#i": 0.0, "IV": 0.0, "VI": 0.0, "II": 0.0047564375922584876, "vi": 0.0, "VII": 0.0, "#ii": 0.0, "#V": 0.0, "#II": 0.0, "V": 0.005084467771034935, "iii": 0.0, "III": 0.0008747471434038598, "i": 0.0007654037504783774, "#VI": 0.0004373735717019299, "v": 0.0062325733967525014, "#I": 0.0, "#vi": 0.00010934339292548247, "vii": 0.0, "#IV": 0.0, "iv": 0.00010934339292548247, "ii": 0.0003280301787764474, "I": 0.0001640150893882237, "#iv": 0.0005467169646274124}, "vi": {"#v": 0.0, "#i": 0.0, "IV": 0.0, "VI": 0.0, "II": 0.0, "vi": 0.0, "VII": 0.0, "#ii": 0.0, "#V": 0.0, "#II": 0.0, "V": 0.0, "iii": 0.0, "III": 0.0, "i": 0.0, "#VI": 0.0, "v": 0.0, "#I": 0.0, "#vi": 0.0, "vii": 0.0, "#IV": 0.0, "iv": 0.0, "ii": 0.0, "I": 0.0, "#iv": 0.0}, "VII": {"#v": 0.0, "#i": 0.0, "IV": 0.0, "VI": 0.0, "II": 0.0, "vi": 0.0, "VII": 0.0, "#ii": 0.0, "#V": 0.0, "#II": 0.0, "V": 0.0, "iii": 0.0, "III": 0.0, "i": 0.0, "#VI": 0.0, "v": 0.0, "#I": 0.0, "#vi": 0.0, "vii": 0.0, "#IV": 0.0, "iv": 5.467169646274124e-05, "ii": 0.0, "I": 0.0, "#iv": 0.0}, "#ii": {"#v": 0.0, "#i": 0.0, "IV": 0.0, "VI": 0.0, "II": 0.0, "vi": 0.0, "VII": 0.0, "#ii": 0.0, "#V": 0.0, "#II": 0.0, "V": 0.0, "iii": 0.0, "III": 0.0, "i": 0.0, "#VI": 0.0, "v": 0.0, "#I": 0.0, "#vi": 0.0, "vii": 0.0, "#IV": 0.0, "iv": 0.0, "ii": 0.0, "I": 0.0, "#iv": 0.0}, "#V": {"#v": 0.0010934339292548248, "#i": 0.0, "IV": 0.0004920452681646711, "VI": 0.0, "II": 0.0001640150893882237, "vi": 0.0, "VII": 0.0, "#ii": 0.0, "#V": 0.009075501612815045, "#II": 0.0, "V": 0.0014214641080312722, "iii": 0.0004920452681646711, "III": 0.006833962057842655, "i": 0.007326007326007326, "#VI": 0.0062325733967525014, "v": 0.001585479197419496, "#I": 0.0003280301787764474, "#vi": 0.0004373735717019299, "vii": 0.0, "#IV": 0.0, "iv": 0.008091411076485703, "ii": 0.009075501612815045, "I": 0.0009840905363293422, "#iv": 0.0001640150893882237}, "#II": {"#v": 0.0, "#i": 0.0, "IV": 0.0, "VI": 0.0, "II": 0.0, "vi": 0.0, "VII": 0.0, "#ii": 0.0, "#V": 0.0, "#II": 0.0, "V": 0.0, "iii": 0.0, "III": 0.0, "i": 0.0, "#VI": 0.0, "v": 0.0, "#I": 0.0, "#vi": 0.0, "vii": 0.0, "#IV": 0.0, "iv": 0.0, "ii": 0.0, "I": 0.0, "#iv": 0.0}, "V": {"#v": 0.0, "#i": 5.467169646274124e-05, "IV": 0.0006560603575528948, "VI": 5.467169646274124e-05, "II": 0.00010934339292548247, "vi": 0.0, "VII": 0.0, "#ii": 0.0, "#V": 0.0072166639330818435, "#II": 0.0, "V": 0.03739544038051501, "iii": 0.0, "III": 0.0033896451806899566, "i": 0.05543710021321962, "#VI": 5.467169646274124e-05, "v": 0.003936362145317369, "#I": 0.00010934339292548247, "#vi": 0.0019681810726586845, "vii": 0.0, "#IV": 0.0, "iv": 0.0023508829478978734, "ii": 0.0008200754469411186, "I": 0.008638128041113117, "#iv": 0.0004920452681646711}, "iii": {"#v": 5.467169646274124e-05, "#i": 0.0, "IV": 0.0003280301787764474, "VI": 0.0, "II": 0.0, "vi": 0.0, "VII": 0.0, "#ii": 0.0, "#V": 0.0004373735717019299, "#II": 0.0, "V": 0.00010934339292548247, "iii": 0.0005467169646274124, "III": 0.0009294188398666011, "i": 0.0004920452681646711, "#VI": 0.005029796074572194, "v": 0.0, "#I": 0.00010934339292548247, "#vi": 0.0005467169646274124, "vii": 0.0, "#IV": 0.0, "iv": 0.0005467169646274124, "ii": 0.00010934339292548247, "I": 0.0, "#iv": 0.0}, "III": {"#v": 0.0014214641080312722, "#i": 0.00010934339292548247, "IV": 0.006560603575528949, "VI": 0.0, "II": 0.0003827018752391887, "vi": 0.0, "VII": 0.0, "#ii": 0.0, "#V": 0.012465146793505003, "#II": 0.0, "V": 0.0047564375922584876, "iii": 0.00442840741348204, "III": 0.032803017877644745, "i": 0.015362746706030288, "#VI": 0.008747471434038598, "v": 0.005904543217976054, "#I": 5.467169646274124e-05, "#vi": 0.006669946968454431, "vii": 0.0, "#IV": 0.0, "iv": 0.01722158438576349, "ii": 0.0028975999125252856, "I": 0.0007107320540156361, "#iv": 0.00021868678585096495}, "i": {"#v": 0.00010934339292548247, "#i": 5.467169646274124e-05, "IV": 0.008692799737575857, "VI": 0.0, "II": 0.0033896451806899566, "vi": 0.0, "VII": 0.0, "#ii": 0.0, "#V": 0.01016893554206987, "#II": 0.0, "V": 0.03236564430594281, "iii": 0.0004373735717019299, "III": 0.011973101525340332, "i": 0.10097862336668306, "#VI": 0.009458203488054234, "v": 0.009950248756218905, "#I": 0.0001640150893882237, "#vi": 0.005685856432125089, "vii": 0.0, "#IV": 0.0, "iv": 0.01771362965392816, "ii": 0.03400579519982505, "I": 0.0018588376797332021, "#iv": 0.0024055546443606146}, "#VI": {"#v": 0.0004373735717019299, "#i": 0.0, "IV": 0.0020228527691214257, "VI": 5.467169646274124e-05, "II": 0.0006013886610901537, "vi": 0.0, "VII": 5.467169646274124e-05, "#ii": 0.0, "#V": 0.0016401508938822373, "#II": 0.0, "V": 0.001585479197419496, "iii": 0.0013121207151057896, "III": 0.03416981028921327, "i": 0.009348860095128753, "#VI": 0.022415395549723906, "v": 0.0042643923240938165, "#I": 0.0, "#vi": 0.002514898037286097, "vii": 0.0, "#IV": 0.0, "iv": 0.0042643923240938165, "ii": 0.0032803017877644745, "I": 0.002241539554972391, "#iv": 0.0004920452681646711}, "v": {"#v": 5.467169646274124e-05, "#i": 0.0, "IV": 0.003170958394838992, "VI": 0.0, "II": 0.0036083319665409217, "vi": 0.0, "VII": 0.0, "#ii": 0.0, "#V": 0.0069433054507681375, "#II": 0.0, "V": 0.0012574490186430486, "iii": 5.467169646274124e-05, "III": 0.005357826253348641, "i": 0.008966158219889563, "#VI": 0.004100377234705593, "v": 0.010934339292548247, "#I": 0.0, "#vi": 0.005029796074572194, "vii": 0.0, "#IV": 0.0, "iv": 0.004373735717019299, "ii": 0.002077524465584167, "I": 0.0026789131266743206, "#iv": 0.0016948225903449783}, "#I": {"#v": 0.0, "#i": 0.0, "IV": 0.0, "VI": 0.0, "II": 0.0, "vi": 0.0, "VII": 0.0, "#ii": 0.0, "#V": 0.0, "#II": 0.0, "V": 0.0, "iii": 0.0, "III": 0.00010934339292548247, "i": 5.467169646274124e-05, "#VI": 0.0001640150893882237, "v": 0.00021868678585096495, "#I": 0.0002733584823137062, "#vi": 0.0001640150893882237, "vii": 0.0, "#IV": 0.0, "iv": 0.0003280301787764474, "ii": 0.0, "I": 0.00021868678585096495, "#iv": 0.00010934339292548247}, "#vi": {"#v": 0.0, "#i": 5.467169646274124e-05, "IV": 0.0014214641080312722, "VI": 5.467169646274124e-05, "II": 0.0033349734842272154, "vi": 0.0, "VII": 0.0, "#ii": 0.0, "#V": 0.0002733584823137062, "#II": 0.0, "V": 0.002788256519599803, "iii": 0.0005467169646274124, "III": 0.001366792411568531, "i": 0.0032256300913017333, "#VI": 0.007326007326007326, "v": 0.0019135093761959434,