{"A": {"A": 0.023809523809523808, "G": 0.061224489795918366, "B": 0.0013605442176870747, "G#": 0.0, "A#": 0.018367346938775512, "F": 0.17142857142857143, "D#": 0.14081632653061224, "C#": 0.0006802721088435374, "E": 0.004081632653061225, "F#": 0.04217687074829932, "C": 0.38299319727891157, "D": 0.15306122448979592}, "G": {"A": 0.008942018072289157, "G": 0.09233810240963855, "B": 0.12001129518072289, "G#": 0.013177710843373495, "A#": 0.13168298192771086, "F": 0.05572289156626506, "D#": 0.15220256024096385, "C#": 0.001976656626506024, "E": 0.01223644578313253, "F#": 9.412650602409639e-05, "C": 0.2522590361445783, "D": 0.15935617469879518}, "B": {"A": 0.0003869969040247678, "G": 0.2755417956656347, "B": 0.0007739938080495357, "G#": 0.0228328173374613, "A#": 0.0, "F": 0.14628482972136223, "D#": 0.03173374613003096, "C#": 0.0, "E": 0.0, "F#": 0.0015479876160990713, "C": 0.020123839009287926, "D": 0.5007739938080495}, "G#": {"A": 0.0, "G": 0.02338877338877339, "B": 0.02104989604989605, "G#": 0.04106029106029106, "A#": 0.034563409563409565, "F": 0.16242203742203742, "D#": 0.14475051975051975, "C#": 0.0015592515592515593, "E": 0.002338877338877339, "F#": 0.0015592515592515593, "C": 0.38123700623700624, "D": 0.18607068607068608}, "A#": {"A": 0.003928571428571429, "G": 0.18446428571428572, "B": 0.0, "G#": 0.03517857142857143, "A#": 0.07803571428571429, "F": 0.18857142857142858, "D#": 0.22160714285714286, "C#": 0.0067857142857142855, "E": 0.011785714285714287, "F#": 0.00017857142857142857, "C": 0.04607142857142857, "D": 0.22339285714285714}, "F": {"A": 0.052143314139475365, "G": 0.07981445937300063, "B": 0.0846129238643634, "G#": 0.1820217530390275, "A#": 0.14411388355726168, "F": 0.07389635316698656, "D#": 0.04958413307741523, "C#": 0.00527831094049904, "E": 0.000799744081893794, "F#": 0.0, "C": 0.19209852847088932, "D": 0.13563659628918745}, "D#": {"A": 0.037298091042584434, "G": 0.3881057268722467, "B": 0.006167400881057269, "G#": 0.05991189427312775, "A#": 0.1696035242290749, "F": 0.04816446402349486, "D#": 0.061233480176211455, "C#": 0.0030837004405286344, "E": 0.0, "F#": 0.002936857562408223, "C": 0.20572687224669603, "D": 0.017767988252569752}, "C#": {"A": 0.014563106796116505, "G": 0.34951456310679613, "B": 0.0, "G#": 0.05825242718446602, "A#": 0.21844660194174756, "F": 0.24757281553398058, "D#": 0.05339805825242718, "C#": 0.019417475728155338, "E": 0.02912621359223301, "F#": 0.0, "C": 0.009708737864077669, "D": 0.0}, "E": {"A": 0.008183306055646482, "G": 0.48936170212765956, "B": 0.0032733224222585926, "G#": 0.014729950900163666, "A#": 0.11129296235679215, "F": 0.006546644844517185, "D#": 0.0, "C#": 0.03764320785597381, "E": 0.0, "F#": 0.0016366612111292963, "C": 0.3142389525368249, "D": 0.01309328968903437}, "F#": {"A": 0.40225563909774437, "G": 0.0037593984962406013, "B": 0.005639097744360902, "G#": 0.0018796992481203006, "A#": 0.02443609022556391, "F": 0.0037593984962406013, "D#": 0.09586466165413533, "C#": 0.0, "E": 0.0, "F#": 0.0, "C": 0.22932330827067668, "D": 0.23308270676691728}, "C": {"A": 0.030429212043561818, "G": 0.23595985479393553, "B": 0.0016015374759769379, "G#": 0.06149903907751442, "A#": 0.022101217168481742, "F": 0.1411488362161008, "D#": 0.3215887251761691, "C#": 0.00042707666026051675, "E": 0.026051676275891524, "F#": 0.009929532351057015, "C": 0.08317317958573564, "D": 0.06609011317531496}, "D": {"A": 0.038314840499306516, "G": 0.2564147018030513, "B": 0.06848127600554785, "G#": 0.04802357836338419, "A#": 0.1251733703190014, "F": 0.2832871012482663, "D#": 0.03866158113730929, "C#": 0.0, "E": 0.0005201109570041609, "F#": 0.032766990291262135, "C": 0.055825242718446605, "D": 0.05253120665742025}}