{"F#": {"#v": 0.0005665722379603399, "#i": 0.0005665722379603399, "IV": 0.0005665722379603399, "VI": 0.0, "II": 0.6300283286118981, "vi": 0.0, "VII": 0.024929178470254956, "#ii": 0.017563739376770537, "#V": 0.0, "#II": 0.0022662889518413596, "V": 0.027195467422096317, "iii": 0.02209631728045326, "III": 0.0, "i": 0.0, "#VI": 0.0050991501416430595, "v": 0.00396600566572238, "#I": 0.0, "#vi": 0.0, "vii": 0.06062322946175638, "#IV": 0.0, "iv": 0.0, "ii": 0.0005665722379603399, "I": 0.00793201133144476, "#iv": 0.19603399433427762}, "A": {"#v": 0.0007865070348684785, "#i": 0.0, "IV": 0.25421655160360046, "VI": 0.04710303242156777, "II": 0.09726470331206852, "vi": 0.2974744385213668, "VII": 0.0021847417635235517, "#ii": 0.0024469107751463777, "#V": 0.0, "#II": 0.0, "V": 0.015555361356287687, "iii": 0.008826356724635148, "III": 0.0006117276937865944, "i": 0.0, "#VI": 0.003320807480555798, "v": 0.016341868391156165, "#I": 0.0, "#vi": 0.0011360657170322469, "vii": 0.03609193393340907, "#IV": 0.0, "iv": 0.0, "ii": 0.18019750065542253, "I": 0.0, "#iv": 0.03644149261557284}, "E": {"#v": 0.00014532771399505885, "#i": 0.013006830402557767, "IV": 0.03669524778375236, "VI": 0.028774887371021653, "II": 0.0015986048539456475, "vi": 0.1767911640749891, "VII": 7.266385699752942e-05, "#ii": 0.0002179915709925883, "#V": 0.0, "#II": 0.0, "V": 0.0, "iii": 0.12672576660369134, "III": 0.05115535532626072, "i": 0.0, "#VI": 0.0005813108559802354, "v": 0.0, "#I": 0.0, "#vi": 0.0, "vii": 0.006757738700770237, "#IV": 0.0, "iv": 0.004941142275832001, "ii": 0.017366661822409535, "I": 0.5265949716610958, "#iv": 0.008574335125708472}, "G": {"#v": 0.0, "#i": 0.007672887480817781, "IV": 0.01386069996534825, "VI": 0.008910449977723875, "II": 0.00198009999504975, "vi": 0.04677986238305035, "VII": 0.0, "#ii": 4.950249987624375e-05, "#V": 9.90049997524875e-05, "#II": 0.0010890549972773626, "V": 0.37042720657393197, "iii": 0.0902925597742686, "III": 0.0, "i": 0.0467303598831741, "#VI": 0.0, "v": 0.04222563239443592, "#I": 0.0, "#vi": 0.0, "vii": 0.0, "#IV": 0.0, "iv": 0.012128112469679719, "ii": 0.020543537448641156, "I": 0.3359239641601901, "#iv": 0.0012870649967823375}, "F": {"#v": 0.006040992448759439, "#i": 0.0008629989212513484, "IV": 0.32470334412081986, "VI": 0.0, "II": 0.0, "vi": 0.0, "VII": 0.0, "#ii": 0.0, "#V": 0.0, "#II": 0.00010787486515641856, "V": 0.15199568500539373, "iii": 0.009169363538295576, "III": 0.001941747572815534, "i": 0.00010787486515641856, "#VI": 0.01564185544768069, "v": 0.022114347357065803, "#I": 0.0, "#vi": 0.005070118662351672, "vii": 0.10593311758360302, "#IV": 0.0, "iv": 0.041963322545846816, "ii": 0.2790722761596548, "I": 0.03516720604099245, "#iv": 0.00010787486515641856}, "B": {"#v": 0.014076314564913914, "#i": 0.0013959981386691485, "IV": 0.008026989297347603, "VI": 0.0003489995346672871, "II": 0.0, "vi": 0.026174965100046535, "VII": 0.008259655653792462, "#ii": 0.0, "#V": 0.0, "#II": 0.0, "V": 0.5789902280130294, "iii": 0.11644951140065146, "III": 0.05828292228943695, "i": 0.007328990228013029, "#VI": 0.0, "v": 0.0, "#I": 0.0, "#vi": 0.0, "vii": 0.12831549557933922, "#IV": 0.0, "iv": 0.0, "ii": 0.0, "I": 0.050953932061423915, "#iv": 0.0013959981386691485}, "C": {"#v": 0.000105290866017373, "#i": 0.0, "IV": 0.13271913661489865, "VI": 0.0, "II": 0.03127138720715978, "vi": 0.15504080021058173, "VII": 0.0, "#ii": 0.0011055540931824163, "#V": 5.26454330086865e-05, "#II": 0.0, "V": 0.007896814951302974, "iii": 0.0, "III": 0.0, "i": 0.03985259278757568, "#VI": 0.0005790997630955515, "v": 0.0022637536193735193, "#I": 0.0, "#vi": 0.0004738088970781785, "vii": 0.006422742827059753, "#IV": 0.0, "iv": 0.02479599894709134, "ii": 0.06428007370360621, "I": 0.5123453540405369, "#iv": 0.020794946038431166}, "A#": {"#v": 0.0, "#i": 0.05389221556886228, "IV": 0.022954091816367265, "VI": 0.0029940119760479044, "II": 0.0, "vi": 0.010978043912175649, "VII": 0.0, "#ii": 0.001996007984031936, "#V": 0.0, "#II": 0.008982035928143712, "V": 0.0, "iii": 0.17265469061876249, "III": 0.0, "i": 0.0249500998003992, "#VI": 0.18662674650698602, "v": 0.22055888223552894, "#I": 0.0, "#vi": 0.029940119760479042, "vii": 0.0, "#IV": 0.0, "iv": 0.000998003992015968, "ii": 0.0, "I": 0.26047904191616766, "#iv": 0.001996007984031936}, "D#": {"#v": 0.0, "#i": 0.0, "IV": 0.05555555555555555, "VI": 0.0, "II": 0.0, "vi": 0.14814814814814814, "VII": 0.29012345679012347, "#ii": 0.16666666666666666, "#V": 0.0, "#II": 0.09876543209876543, "V": 0.012345679012345678, "iii": 0.006172839506172839, "III": 0.0, "i": 0.08024691358024691, "#VI": 0.0, "v": 0.006172839506172839, "#I": 0.0, "#vi": 0.0, "vii": 0.0, "#IV": 0.0, "iv": 0.006172839506172839, "ii": 0.006172839506172839, "I": 0.0, "#iv": 0.12345679012345678}, "C#": {"#v": 0.0, "#i": 0.2508650519031142, "IV": 0.0657439446366782, "VI": 0.6349480968858131, "II": 0.0, "vi": 0.0017301038062283738, "VII": 0.0, "#ii": 0.0, "#V": 0.0, "#II": 0.0017301038062283738, "V": 0.005190311418685121, "iii": 0.0, "III": 0.0, "i": 0.0, "#VI": 0.0017301038062283738, "v": 0.006920415224913495, "#I": 0.0, "#vi": 0.0034602076124567475, "vii": 0.0, "#IV": 0.0, "iv": 0.0, "ii": 0.01384083044982699, "I": 0.0, "#iv": 0.01384083044982699}, "G#": {"#v": 0.1676829268292683, "#i": 0.0, "IV": 0.001524390243902439, "VI": 0.0, "II": 0.0, "vi": 0.012195121951219513, "VII": 0.0, "#ii": 0.0, "#V": 0.001524390243902439, "#II": 0.0, "V": 0.003048780487804878, "iii": 0.0, "III": 0.7042682926829268, "i": 0.001524390243902439, "#VI": 0.0, "v": 0.0, "#I": 0.0, "#vi": 0.0, "vii": 0.018292682926829267, "#IV": 0.0, "iv": 0.03201219512195122, "ii": 0.01676829268292683, "I": 0.041158536585365856, "#iv": 0.0}, "D": {"#v": 0.008418477478773924, "#i": 0.0003597639948193985, "IV": 0.0, "VI": 0.0006475751906749172, "II": 0.11015973521369982, "vi": 0.015182040581378616, "VII": 0.0, "#ii": 7.19527989638797e-05, "#V": 0.0, "#II": 7.19527989638797e-05, "V": 0.3576054108504821, "iii": 0.041948481795941864, "III": 0.013239315009353865, "i": 0.03525687149230105, "#VI": 0.014606418189667578, "v": 0.048136422506835516, "#I": 0.0, "#vi": 0.0, "vii": 0.0988631457763707, "#IV": 0.0, "iv": 0.0, "ii": 0.21952798963879694, "I": 0.03590444668297597, "#iv": 0.0}}