{"F": {"F": 0.12437175907459115, "B": 0.047786198643797365, "G#": 0.060151575588352615, "D#": 0.03765456721180694, "G": 0.08448344635021938, "A": 0.1395293179098524, "E": 0.031990426804946154, "A#": 0.046988432389309935, "D": 0.27961707219784604, "C#": 0.00047865975269246113, "C": 0.14694854407658556, "F#": 0.0}, "B": {"F": 0.11588357135070315, "B": 0.03314073912569498, "G#": 0.00512373269377521, "D#": 0.01035648097677968, "G": 0.2607652894363894, "A": 0.020930993132017878, "E": 0.08154366074348632, "A#": 0.0, "D": 0.43104763981249317, "C#": 0.00010901558922925978, "C": 0.036629237981031286, "F#": 0.004469639158399651}, "G#": {"F": 0.28869723104857015, "B": 0.047889241942805263, "G#": 0.024738992283250112, "D#": 0.10758057194734454, "G": 0.027689514298683614, "A": 0.0009078529278256923, "E": 0.05401724920562869, "A#": 0.025873808443032227, "D": 0.17453472537448933, "C#": 0.0006808896958692692, "C": 0.24738992283250114, "F#": 0.0}, "D#": {"F": 0.06822107081174439, "B": 0.00791594703511802, "G#": 0.03742084052964882, "D#": 0.12521588946459414, "G": 0.3454231433506045, "A": 0.03209556706966033, "E": 0.0, "A#": 0.08606793321819228, "D": 0.02158894645941278, "C#": 0.0005757052389176742, "C": 0.2724525043177893, "F#": 0.0030224525043177895}, "G": {"F": 0.0541729366824864, "B": 0.08430759732993788, "G#": 0.004668750241154454, "D#": 0.10062893081761007, "G": 0.1266736119149593, "A": 0.028938534552610255, "E": 0.12455145271443455, "A#": 0.04726627310259675, "D": 0.25712852567812633, "C#": 0.0010417872438939692, "C": 0.16981132075471697, "F#": 0.0008102789674730872}, "A": {"F": 0.21243786141828142, "B": 0.021406107334888912, "G#": 0.0, "D#": 0.023739474485137465, "G": 0.0560008116059653, "A": 0.08024753981941768, "E": 0.1423353961651618, "A#": 0.004971086537486051, "D": 0.1534949781880897, "C#": 0.005072537283149031, "C": 0.27148219539413615, "F#": 0.028812011768286495}, "E": {"F": 0.029987505206164097, "B": 0.06820074968763015, "G#": 0.00510204081632653, "D#": 0.0, "G": 0.284152436484798, "A": 0.09058725531028738, "E": 0.11109954185755935, "A#": 0.014577259475218658, "D": 0.04529362765514369, "C#": 0.005310287380258225, "C": 0.3432944606413994, "F#": 0.002394835485214494}, "A#": {"F": 0.20934927783817364, "B": 0.0, "G#": 0.032458456282031374, "D#": 0.14986799192421182, "G": 0.26401615157633174, "A": 0.011803075011647771, "E": 0.03137133095201118, "A#": 0.07190557539990682, "D": 0.1726976238546358, "C#": 0.0017083398043174407, "C": 0.05435626650100947, "F#": 0.00046591085572293835}, "D": {"F": 0.22748050551223448, "B": 0.11037913417585372, "G#": 0.016671148158107017, "D#": 0.022452272116160257, "G": 0.20630545845657436, "A": 0.11750470556601236, "E": 0.03737563861253025, "A#": 0.06083624630276956, "D": 0.11105135789190643, "C#": 0.00013444474321054048, "C": 0.06554181231513848, "F#": 0.024267276149502554}, "C#": {"F": 0.08207934336525308, "B": 0.016415868673050615, "G#": 0.02188782489740082, "D#": 0.019151846785225718, "G": 0.24350205198358413, "A": 0.18057455540355677, "E": 0.3064295485636115, "A#": 0.106703146374829, "D": 0.012311901504787962, "C#": 0.0013679890560875513, "C": 0.008207934336525308, "F#": 0.0013679890560875513}, "C": {"F": 0.12148777895855473, "B": 0.006461211477151966, "G#": 0.023889479277364505, "D#": 0.130201912858661, "G": 0.17972369819341127, "A": 0.09156216790648247, "E": 0.19702444208289055, "A#": 0.00926673751328374, "D": 0.08191285866099894, "C#": 0.00021253985122210415, "C": 0.1499681190223167, "F#": 0.008289054197662061}, "F#": {"F": 0.0010121457489878543, "B": 0.0541497975708502, "G#": 0.0010121457489878543, "D#": 0.035931174089068825, "G": 0.02277327935222672, "A": 0.3942307692307692, "E": 0.02631578947368421, "A#": 0.00860323886639676, "D": 0.20394736842105263, "C#": 0.0, "C": 0.2353238866396761, "F#": 0.016700404858299597}}