{"A": {"VI": 0.0045708481462671405, "#vi": 0.2229558151345861, "i": 0.002031488065007618, "v": 0.04977145759268664, "#ii": 0.0, "#v": 0.0, "#i": 0.0, "III": 0.005078720162519045, "V": 0.0025393600812595226, "#iv": 0.101066531234129, "IV": 0.3382427628237684, "vi": 0.0, "iii": 0.0, "vii": 0.0, "#I": 0.0, "VII": 0.0, "II": 0.16962925342813612, "#IV": 0.0, "iv": 0.0005078720162519045, "#V": 0.0, "#II": 0.0, "I": 0.0, "#VI": 0.026409344845099034, "ii": 0.07719654647028949}, "G": {"VI": 0.0003643783704999271, "#vi": 0.018218918524996356, "i": 0.3179565660982364, "v": 0.11062527328377787, "#ii": 0.0, "#v": 0.000510129718699898, "#i": 0.00043725404459991256, "III": 0.1945051741728611, "V": 0.25287858912694944, "#iv": 0.00021862702229995628, "IV": 0.0016032648301996793, "vi": 0.0, "iii": 0.0, "vii": 0.0, "#I": 7.287567409998542e-05, "VII": 0.0, "II": 0.00021862702229995628, "#IV": 0.0, "iv": 0.031482291211193704, "#V": 0.01909342661419618, "#II": 0.0, "I": 0.03825972890249235, "#VI": 0.0, "ii": 0.01355487538259729}, "B": {"VI": 0.0, "#vi": 0.0, "i": 0.18132975151108127, "v": 0.0, "#ii": 0.0, "#v": 0.0020147750167897917, "#i": 0.0, "III": 0.04365345869711216, "V": 0.7622565480188046, "#iv": 0.0, "IV": 0.000335795836131632, "vi": 0.0, "iii": 0.000671591672263264, "vii": 0.0, "#I": 0.0, "VII": 0.000335795836131632, "II": 0.0, "#IV": 0.0, "iv": 0.007051712558764272, "#V": 0.0016789791806581598, "#II": 0.0, "I": 0.000335795836131632, "#VI": 0.0, "ii": 0.000335795836131632}, "G#": {"VI": 0.0, "#vi": 0.004750593824228029, "i": 0.03973223925717988, "v": 0.0056143381559058516, "#ii": 0.0, "#v": 0.01554739797020082, "#i": 0.0008637443316778234, "III": 0.010580868063053337, "V": 0.004318721658389117, "#iv": 0.0008637443316778234, "IV": 0.0, "vi": 0.0, "iii": 0.0004318721658389117, "vii": 0.0, "#I": 0.005398402072986396, "VII": 0.0, "II": 0.0006478082487583676, "#IV": 0.0, "iv": 0.36018138630965235, "#V": 0.2494061757719715, "#II": 0.0, "I": 0.0, "#VI": 0.09328438782120492, "ii": 0.20837832001727488}, "A#": {"VI": 0.0, "#vi": 0.02427114749389631, "i": 0.0666379434151946, "v": 0.1601321269567715, "#ii": 0.0, "#v": 0.010196754272583656, "#i": 0.0005744650294413328, "III": 0.29470056010340373, "V": 0.0, "#iv": 0.0001436162573603332, "IV": 0.0012925463162429987, "vi": 0.0, "iii": 0.0376274594284073, "vii": 0.0, "#I": 0.0, "VII": 0.0, "II": 0.0, "#IV": 0.0, "iv": 0.02714347264110297, "#V": 0.009478672985781991, "#II": 0.0, "I": 0.020824357317248313, "#VI": 0.34683326152520466, "ii": 0.0001436162573603332}, "F": {"VI": 0.0, "#vi": 0.020798201236649803, "i": 0.07937043282743114, "v": 0.03912310286677909, "#ii": 0.0, "#v": 0.0, "#i": 0.0, "III": 0.02147273749297358, "V": 0.09173693086003373, "#iv": 0.0, "IV": 0.09893198426082069, "vi": 0.0, "iii": 0.017762788083192805, "vii": 0.0, "#I": 0.005171444631815627, "VII": 0.0, "II": 0.0, "#IV": 0.0, "iv": 0.24620573355817876, "#V": 0.0, "#II": 0.0, "I": 0.00022484541877459247, "#VI": 0.1912310286677909, "ii": 0.1879707700955593}, "D#": {"VI": 0.0, "#vi": 0.03649488670543413, "i": 0.4258070984559856, "v": 0.0, "#ii": 0.0, "#v": 0.010126328453980349, "#i": 0.000300782033286545, "III": 0.31150992580709846, "V": 0.0, "#iv": 0.012332063364748345, "IV": 0.02857429316222178, "vi": 0.0, "iii": 0.020352917585722878, "vii": 0.0, "#I": 0.0, "VII": 0.00010026067776218167, "II": 0.00010026067776218167, "#IV": 0.0, "iv": 0.052737116502907556, "#V": 0.09103669540806096, "#II": 0.0, "I": 0.0, "#VI": 0.004411469821535993, "ii": 0.006115901343493082}, "C#": {"VI": 0.027649769585253458, "#vi": 0.20276497695852536, "i": 0.009216589861751152, "v": 0.16129032258064516, "#ii": 0.0, "#v": 0.0, "#i": 0.03225806451612903, "III": 0.21658986175115208, "V": 0.0, "#iv": 0.0, "IV": 0.0, "vi": 0.0, "iii": 0.004608294930875576, "vii": 0.0, "#I": 0.15668202764976957, "VII": 0.0, "II": 0.0, "#IV": 0.0, "iv": 0.16129032258064516, "#V": 0.018433179723502304, "#II": 0.0, "I": 0.009216589861751152, "#VI": 0.0, "ii": 0.0}, "E": {"VI": 0.005988023952095809, "#vi": 0.011976047904191617, "i": 0.0, "v": 0.0, "#ii": 0.0, "#v": 0.0, "#i": 0.005988023952095809, "III": 0.0, "V": 0.0, "#iv": 0.0014970059880239522, "IV": 0.0014970059880239522, "vi": 0.0, "iii": 0.0, "vii": 0.0, "#I": 0.0, "VII": 0.0, "II": 0.0, "#IV": 0.0, "iv": 0.15868263473053892, "#V": 0.0344311377245509, "#II": 0.0, "I": 0.7664670658682635, "#VI": 0.008982035928143712, "ii": 0.004491017964071856}, "F#": {"VI": 0.0, "#vi": 0.013468013468013467, "i": 0.013468013468013467, "v": 0.006734006734006734, "#ii": 0.0, "#v": 0.0, "#i": 0.0, "III": 0.003367003367003367, "V": 0.0, "#iv": 0.3114478114478115, "IV": 0.003367003367003367, "vi": 0.0, "iii": 0.005050505050505051, "vii": 0.0, "#I": 0.0, "VII": 0.0016835016835016834, "II": 0.5959595959595959, "#IV": 0.0, "iv": 0.0, "#V": 0.008417508417508417, "#II": 0.0, "I": 0.0, "#VI": 0.037037037037037035, "ii": 0.0}, "C": {"VI": 0.0, "#vi": 0.04656549520766773, "i": 0.4663738019169329, "v": 0.006869009584664537, "#ii": 0.0, "#v": 0.0, "#i": 0.0, "III": 0.0, "V": 0.0023961661341853034, "#iv": 0.017172523961661343, "IV": 0.053833865814696485, "vi": 0.0, "iii": 0.0, "vii": 0.0, "#I": 0.0006389776357827476, "VII": 0.0, "II": 0.015335463258785943, "#IV": 0.0, "iv": 0.1518370607028754, "#V": 0.10431309904153355, "#II": 0.0, "I": 0.06469648562300319, "#VI": 0.0034345047923322685, "ii": 0.0665335463258786}, "D": {"VI": 0.0, "#vi": 0.003468725523106188, "i": 0.1464697325724516, "v": 0.11748909029875797, "#ii": 0.0, "#v": 0.0, "#i": 0.0, "III": 0.03793219201074186, "V": 0.2618328298086606, "#iv": 0.0, "IV": 0.0, "vi": 0.0, "iii": 0.0017903099474096452, "vii": 0.0, "#I": 0.0, "VII": 0.0, "II": 0.05728991831710865, "#IV": 0.0, "iv": 0.0017903099474096452, "#V": 0.00514714109880273, "#II": 0.0, "I": 0.00022378874342620565, "#VI": 0.20029092536645407, "ii": 0.16627503636567081}}