{"E": {"#ii": 0.0002179915709925883, "IV": 0.03669524778375236, "vi": 0.1767911640749891, "v": 0.0, "-II": 0.0, "III": 0.05115535532626072, "#vi": 0.0, "#i": 0.013006830402557767, "VI": 0.028774887371021653, "-VI": 0.0, "VII": 7.266385699752942e-05, "I": 0.5265949716610958, "iv": 0.004941142275832001, "II": 0.0015986048539456475, "-III": 0.0, "-vii": 0.0, "#iv": 0.008574335125708472, "-iii": 0.0, "i": 0.0, "iii": 0.12672576660369134, "#iii": 0.0, "vii": 0.006757738700770237, "-ii": 0.0, "ii": 0.017366661822409535, "#v": 0.0, "V": 0.0, "#vii": 0.0, "-VII": 0.0005813108559802354, "-vi": 0.00014532771399505885, "-I": 0.0}, "A": {"#ii": 0.0024469107751463777, "IV": 0.25421655160360046, "vi": 0.2974744385213668, "v": 0.016341868391156165, "-II": 0.0, "III": 0.0006117276937865944, "#vi": 0.0, "#i": 0.0, "VI": 0.04710303242156777, "-VI": 0.0, "VII": 0.0021847417635235517, "I": 0.0, "iv": 0.0, "II": 0.09726470331206852, "-III": 0.0, "-vii": 0.0011360657170322469, "#iv": 0.03644149261557284, "-iii": 0.0, "i": 0.0, "iii": 0.008826356724635148, "#iii": 0.0, "vii": 0.03609193393340907, "-ii": 0.0, "ii": 0.18019750065542253, "#v": 0.0007865070348684785, "V": 0.015555361356287687, "#vii": 0.0, "-VII": 0.003320807480555798, "-vi": 0.0, "-I": 0.0}, "F": {"#ii": 0.0, "IV": 0.32470334412081986, "vi": 0.0, "v": 0.022114347357065803, "-II": 0.0, "III": 0.001941747572815534, "#vi": 0.0, "#i": 0.0008629989212513484, "VI": 0.0, "-VI": 0.0, "VII": 0.0, "I": 0.03516720604099245, "iv": 0.041963322545846816, "II": 0.0, "-III": 0.00010787486515641856, "-vii": 0.005070118662351672, "#iv": 0.00010787486515641856, "-iii": 0.0, "i": 0.00010787486515641856, "iii": 0.009169363538295576, "#iii": 0.0, "vii": 0.10593311758360302, "-ii": 0.0, "ii": 0.2790722761596548, "#v": 0.006040992448759439, "V": 0.15199568500539373, "#vii": 0.0, "-VII": 0.01564185544768069, "-vi": 0.0, "-I": 0.0}, "D#": {"#ii": 0.16049382716049382, "IV": 0.05555555555555555, "vi": 0.14814814814814814, "v": 0.006172839506172839, "-II": 0.0, "III": 0.0, "#vi": 0.0, "#i": 0.0, "VI": 0.0, "-VI": 0.0, "VII": 0.29012345679012347, "I": 0.0, "iv": 0.006172839506172839, "II": 0.0, "-III": 0.09876543209876543, "-vii": 0.0, "#iv": 0.12345679012345678, "-iii": 0.006172839506172839, "i": 0.08024691358024691, "iii": 0.006172839506172839, "#iii": 0.0, "vii": 0.0, "-ii": 0.0, "ii": 0.006172839506172839, "#v": 0.0, "V": 0.012345679012345678, "#vii": 0.0, "-VII": 0.0, "-vi": 0.0, "-I": 0.0}, "B": {"#ii": 0.0, "IV": 0.008026989297347603, "vi": 0.026174965100046535, "v": 0.0, "-II": 0.0, "III": 0.05828292228943695, "#vi": 0.0, "#i": 0.0013959981386691485, "VI": 0.0003489995346672871, "-VI": 0.0, "VII": 0.008259655653792462, "I": 0.050953932061423915, "iv": 0.0, "II": 0.0, "-III": 0.0, "-vii": 0.0, "#iv": 0.0013959981386691485, "-iii": 0.0, "i": 0.007328990228013029, "iii": 0.11644951140065146, "#iii": 0.0, "vii": 0.12831549557933922, "-ii": 0.0, "ii": 0.0, "#v": 0.013959981386691484, "V": 0.5789902280130294, "#vii": 0.0, "-VII": 0.0, "-vi": 0.00011633317822242904, "-I": 0.0}, "A#": {"#ii": 0.0, "IV": 0.022954091816367265, "vi": 0.010978043912175649, "v": 0.22055888223552894, "-II": 0.0, "III": 0.0, "#vi": 0.0, "#i": 0.05389221556886228, "VI": 0.0029940119760479044, "-VI": 0.0, "VII": 0.0, "I": 0.26047904191616766, "iv": 0.000998003992015968, "II": 0.0, "-III": 0.008982035928143712, "-vii": 0.029940119760479042, "#iv": 0.001996007984031936, "-iii": 0.001996007984031936, "i": 0.0249500998003992, "iii": 0.17265469061876249, "#iii": 0.0, "vii": 0.0, "-ii": 0.0, "ii": 0.0, "#v": 0.0, "V": 0.0, "#vii": 0.0, "-VII": 0.18662674650698602, "-vi": 0.0, "-I": 0.0}, "F#": {"#ii": 0.017563739376770537, "IV": 0.0005665722379603399, "vi": 0.0, "v": 0.00396600566572238, "-II": 0.0, "III": 0.0, "#vi": 0.0, "#i": 0.0005665722379603399, "VI": 0.0, "-VI": 0.0, "VII": 0.024929178470254956, "I": 0.00793201133144476, "iv": 0.0, "II": 0.6300283286118981, "-III": 0.0022662889518413596, "-vii": 0.0, "#iv": 0.19603399433427762, "-iii": 0.0, "i": 0.0, "iii": 0.02209631728045326, "#iii": 0.0, "vii": 0.06062322946175638, "-ii": 0.0, "ii": 0.0005665722379603399, "#v": 0.0005665722379603399, "V": 0.027195467422096317, "#vii": 0.0, "-VII": 0.0050991501416430595, "-vi": 0.0, "-I": 0.0}, "D": {"#ii": 0.0, "IV": 0.0, "vi": 0.015182040581378616, "v": 0.048136422506835516, "-II": 0.0, "III": 0.013239315009353865, "#vi": 0.0, "#i": 0.0003597639948193985, "VI": 0.0006475751906749172, "-VI": 0.0, "VII": 0.0, "I": 0.03590444668297597, "iv": 0.0, "II": 0.11015973521369982, "-III": 7.19527989638797e-05, "-vii": 0.0, "#iv": 0.0, "-iii": 7.19527989638797e-05, "i": 0.03525687149230105, "iii": 0.041948481795941864, "#iii": 0.0, "vii": 0.0988631457763707, "-ii": 0.0, "ii": 0.21952798963879694, "#v": 0.008418477478773924, "V": 0.3576054108504821, "#vii": 0.0, "-VII": 0.014606418189667578, "-vi": 0.0, "-I": 0.0}, "G": {"#ii": 4.950249987624375e-05, "IV": 0.01386069996534825, "vi": 0.04677986238305035, "v": 0.04222563239443592, "-II": 0.0, "III": 0.0, "#vi": 0.0, "#i": 0.007672887480817781, "VI": 0.008910449977723875, "-VI": 9.90049997524875e-05, "VII": 0.0, "I": 0.3359239641601901, "iv": 0.012128112469679719, "II": 0.00198009999504975, "-III": 0.0010890549972773626, "-vii": 0.0, "#iv": 0.0012870649967823375, "-iii": 0.0, "i": 0.0467303598831741, "iii": 0.0902925597742686, "#iii": 0.0, "vii": 0.0, "-ii": 0.0, "ii": 0.020543537448641156, "#v": 0.0, "V": 0.37042720657393197, "#vii": 0.0, "-VII": 0.0, "-vi": 0.0, "-I": 0.0}, "C#": {"#ii": 0.0, "IV": 0.0657439446366782, "vi": 0.0017301038062283738, "v": 0.006920415224913495, "-II": 0.0, "III": 0.0, "#vi": 0.0, "#i": 0.2508650519031142, "VI": 0.6349480968858131, "-VI": 0.0, "VII": 0.0, "I": 0.0, "iv": 0.0, "II": 0.0, "-III": 0.0017301038062283738, "-vii": 0.0034602076124567475, "#iv": 0.01384083044982699, "-iii": 0.0, "i": 0.0, "iii": 0.0, "#iii": 0.0, "vii": 0.0, "-ii": 0.0, "ii": 0.01384083044982699, "#v": 0.0, "V": 0.005190311418685121, "#vii": 0.0, "-VII": 0.0017301038062283738, "-vi": 0.0, "-I": 0.0}, "C": {"#ii": 0.0011055540931824163, "IV": 0.13271913661489865, "vi": 0.15504080021058173, "v": 0.0022637536193735193, "-II": 0.0, "III": 0.0, "#vi": 0.0, "#i": 0.0, "VI": 0.0, "-VI": 5.26454330086865e-05, "VII": 0.0, "I": 0.5123453540405369, "iv": 0.02479599894709134, "II": 0.03127138720715978, "-III": 0.0, "-vii": 0.0004738088970781785, "#iv": 0.020794946038431166, "-iii": 0.0, "i": 0.03985259278757568, "iii": 0.0, "#iii": 0.0, "vii": 0.006422742827059753, "-ii": 0.0, "ii": 0.06428007370360621, "#v": 0.000105290866017373, "V": 0.007896814951302974, "#vii": 0.0, "-VII": 0.0005790997630955515, "-vi": 0.0, "-I": 0.0}, "G#": {"#ii": 0.0, "IV": 0.001524390243902439, "vi": 0.012195121951219513, "v": 0.0, "-II": 0.0, "III": 0.7042682926829268, "#vi": 0.0, "#i": 0.0, "VI": 0.0, "-VI": 0.001524390243902439, "VII": 0.0, "I": 0.041158536585365856, "iv": 0.03201219512195122, "II": 0.0, "-III": 0.0, "-vii": 0.0, "#iv": 0.0, "-iii": 0.0, "i": 0.001524390243902439, "iii": 0.0, "#iii": 0.0, "vii": 0.018292682926829267, "-ii": 0.0, "ii": 0.01676829268292683, "#v": 0.16310975609756098, "V": 0.003048780487804878, "#vii": 0.0, "-VII": 0.0, "-vi": 0.004573170731707317, "-I": 0.0}}