{"F#": {"F#": 0.01059191031807852, "A": 0.0020396855350962428, "E": 0.020549430253194036, "G": 0.019513526969621536, "F": 0.0015578700543648467, "B": 0.005677392414618281, "C": 0.0001766656762681785, "A#": 0.0002971195464510275, "D#": 0.0005059062547679657, "C#": 0.00117241766977973, "G#": 0.006287692023544717, "D": 0.005219667707923456}, "A": {"F#": 0.003894675135912117, "A": 0.027864995302299064, "E": 0.005059062547679657, "G": 0.033775265199270856, "F": 0.003388768881144151, "B": 0.025239100932312956, "C": 0.0025536220478763983, "A#": 0.011507359731468172, "D#": 0.00026499851440226776, "C#": 0.001043933541584691, "G#": 0.01056781954404195, "D": 0.014261738229649318}, "E": {"F#": 0.02001140296637731, "A": 0.011531450505504743, "E": 0.01995519116029198, "G": 0.002682106176071437, "F": 0.013498863718491275, "B": 0.0036939186856073686, "C": 0.003966947458021826, "A#": 0.000232877482353508, "D#": 0.004585277324960451, "C#": 0.0020637763091328125, "G#": 0.0006343903829630046, "D": 0.03305254197817376}, "G": {"F#": 0.023183354881192334, "A": 0.027286816725421388, "E": 0.005010880999606517, "G": 0.025455917898642082, "F": 0.018991560198829187, "B": 0.0022324117273888012, "C": 0.0094114623902866, "A#": 0.0012848412819503891, "D#": 0.0011001453476700207, "C#": 0.000473785222719206, "G#": 0.0020958973411815724, "D": 0.006697235182166403}, "F": {"F#": 0.002087867083169382, "A": 0.002007564503047483, "E": 0.017120510081988935, "G": 0.013771892490905734, "F": 0.01295280617366236, "B": 0.000465754964707016, "C": 0.0028908928843883754, "A#": 0.004400581390680083, "D#": 0.006865870600422392, "C#": 0.0005460575448289153, "G#": 0.0001525749022316087, "D": 0.0030193770125834145}, "B": {"F#": 0.00233680508154727, "A": 0.02734302853150672, "E": 0.00827116575255563, "G": 0.003983007974046206, "F": 0.0001525749022316087, "B": 0.013370379590296235, "C": 0.01773080969091537, "A#": 0.002914983658424945, "D#": 0.0002730287724144577, "C#": 0.012262203984614025, "G#": 0.0013089320559869588, "D": 0.002947104690473705}, "C": {"F#": 0.0006022693509142448, "A": 0.004930578419484618, "E": 0.0020477157931084325, "G": 0.004207855198387524, "F": 0.006560720795959174, "B": 0.020669884123376885, "C": 0.018493684202073413, "A#": 0.012904624625589221, "D#": 0.0005701483188654852, "C#": 0.00118044792779192, "G#": 0.0005380272868167254, "D": 0.023343960041436133}, "A#": {"F#": 0.0011162058636944006, "A": 0.014309919777722458, "E": 0.0002971195464510275, "G": 0.0020557460511206227, "F": 0.0017265054726208354, "B": 0.0037340699756683183, "C": 0.010391153867773771, "A#": 0.007299504533080648, "D#": 0.0021681696632912814, "C#": 0.0002810590304266476, "G#": 0.0020477157931084325, "D": 0.0013169623139991488}, "D#": {"F#": 0.0001766656762681785, "A": 0.0003613616105485469, "E": 0.005452545190276964, "G": 0.0007307534791092838, "F": 0.004802094291289579, "B": 0.0013089320559869588, "C": 0.0011965084438162999, "A#": 0.0007949955432068033, "D#": 0.002577712821912968, "C#": 0.001405295152133238, "G#": 0.0007227232210970939, "D": 0.008736920717262646}, "C#": {"F#": 0.002682106176071437, "A": 0.003292405784997872, "E": 0.001059994057609071, "G": 0.00014454464421941878, "F": 8.030258012189932e-05, "B": 0.011346754571224374, "C": 0.0009796914774871717, "A#": 0.00036939186856073684, "D#": 0.0020958973411815724, "C#": 0.004095431586216865, "G#": 0.00026499851440226776, "D": 0.016068546282392054}, "G#": {"F#": 0.00465754964707016, "A": 0.01038312360976158, "E": 0.002561652305888588, "G": 0.002963165206498085, "F": 0.00040151290060949657, "B": 0.00036939186856073684, "C": 0.0001525749022316087, "A#": 0.0019272619229255836, "D#": 0.00018469593428036842, "C#": 0.0011001453476700207, "G#": 0.0017425659886452151, "D": 0.00012045387018284898}, "D": {"F#": 0.002441198435705739, "A": 0.007917834400019273, "E": 0.028539536975323018, "G": 0.013868255587052012, "F": 0.0019433224389499635, "B": 0.005187546675874696, "C": 0.027881055818323442, "A#": 0.002593773337937348, "D#": 0.0071790506628977985, "C#": 0.017048237759879226, "G#": 0.00039348264259730665, "D": 0.033582539006978294}}