{"F": 0.12263676783297893, "B": 0.041271989174560215, "G#": 0.0631935047361299, "D#": 0.14227720858302725, "G": 0.18631355113087184, "A": 0.02783684515754881, "E": 0.010574134931374444, "A#": 0.09731297119659772, "D": 0.12167021070945293, "C#": 0.0033829499323410014, "C": 0.17539145563502803, "F#": 0.008138410980088924}