{"F#": {"#v": 0.0, "#i": 0.0, "IV": 0.003355704697986577, "VI": 0.0, "II": 0.5973154362416108, "vi": 0.0, "VII": 0.0016778523489932886, "#ii": 0.0, "#V": 0.008389261744966443, "#II": 0.0, "V": 0.0, "iii": 0.0050335570469798654, "III": 0.003355704697986577, "i": 0.013422818791946308, "#VI": 0.03691275167785235, "v": 0.006711409395973154, "#I": 0.0, "#vi": 0.013422818791946308, "vii": 0.0, "#IV": 0.0, "iv": 0.0, "ii": 0.0, "I": 0.0, "#iv": 0.3104026845637584}, "A": {"#v": 0.0, "#i": 0.0, "IV": 0.3382130237253912, "VI": 0.004543160020191822, "II": 0.1696113074204947, "vi": 0.0, "VII": 0.0, "#ii": 0.0, "#V": 0.0, "#II": 0.0, "V": 0.002523977788995457, "iii": 0.0, "III": 0.005047955577990914, "i": 0.0020191822311963654, "#VI": 0.02624936900555275, "v": 0.049974760222110046, "#I": 0.0, "#vi": 0.22412922766279655, "vii": 0.0, "#IV": 0.0, "iv": 0.0005047955577990914, "ii": 0.0767289247854619, "I": 0.0, "#iv": 0.10045431600201918}, "E": {"#v": 0.0, "#i": 0.005979073243647235, "IV": 0.0014947683109118087, "VI": 0.005979073243647235, "II": 0.0, "vi": 0.0, "VII": 0.0, "#ii": 0.0, "#V": 0.0343796711509716, "#II": 0.0, "V": 0.0, "iii": 0.0, "III": 0.0, "i": 0.0, "#VI": 0.008968609865470852, "v": 0.0, "#I": 0.0, "#vi": 0.01195814648729447, "vii": 0.0, "#IV": 0.0, "iv": 0.15844544095665172, "ii": 0.004484304932735426, "I": 0.7668161434977578, "#iv": 0.0014947683109118087}, "G": {"#v": 0.0005070626584570808, "#i": 0.00043462513582035497, "IV": 0.0015936254980079682, "VI": 0.0003621876131836291, "II": 0.00021731256791017748, "vi": 0.0, "VII": 0.0, "#ii": 0.0, "#V": 0.018978630930822166, "#II": 0.0, "V": 0.25287939152480987, "iii": 0.0, "III": 0.19391524809851504, "i": 0.31850778703368343, "#VI": 0.0, "v": 0.11097428467946396, "#I": 7.243752263672582e-05, "#vi": 0.018326693227091632, "vii": 0.0, "#IV": 0.0, "iv": 0.03129300977906556, "ii": 0.013618254255704456, "I": 0.038102136906917786, "#iv": 0.00021731256791017748}, "F": {"#v": 0.0, "#i": 0.0, "IV": 0.09876819708846585, "VI": 0.0, "II": 0.0, "vi": 0.0, "VII": 0.0, "#ii": 0.0, "#V": 0.0, "#II": 0.0, "V": 0.09193729003359462, "iii": 0.01769316909294513, "III": 0.021388577827547592, "i": 0.07973124300111982, "#VI": 0.19115341545352743, "v": 0.03930571108622621, "#I": 0.005151175811870101, "#vi": 0.020716685330347144, "vii": 0.0, "#IV": 0.0, "iv": 0.24591265397536394, "ii": 0.1880179171332587, "I": 0.00022396416573348266, "#iv": 0.0}, "B": {"#v": 0.0020046775810223854, "#i": 0.0, "IV": 0.0003341129301703976, "VI": 0.0, "II": 0.0, "vi": 0.0, "VII": 0.0003341129301703976, "#ii": 0.0, "#V": 0.001670564650851988, "#II": 0.0, "V": 0.7627798195790177, "iii": 0.0006682258603407952, "III": 0.043434680922151685, "i": 0.1810892081523555, "#VI": 0.0, "v": 0.0, "#I": 0.0, "#vi": 0.0, "vii": 0.0, "#IV": 0.0, "iv": 0.0070163715335783495, "ii": 0.0003341129301703976, "I": 0.0003341129301703976, "#iv": 0.0}, "C": {"#v": 0.0, "#i": 0.0, "IV": 0.05368061621535774, "VI": 0.0, "II": 0.015325974747875804, "vi": 0.0, "VII": 0.0, "#ii": 0.0, "#V": 0.10418486460732153, "#II": 0.0, "V": 0.002382275867545462, "iii": 0.0, "III": 0.0, "i": 0.4669260700389105, "#VI": 0.0034145954101484953, "v": 0.006988009211466688, "#I": 0.0006352735646787898, "#vi": 0.0467720161994759, "vii": 0.0, "#IV": 0.0, "iv": 0.15135392678472168, "ii": 0.06670372429127293, "I": 0.06455967601048201, "#iv": 0.017072977050742476}, "A#": {"#v": 0.010157367668097281, "#i": 0.0005722460658082976, "IV": 0.0012875536480686696, "VI": 0.0, "II": 0.0, "vi": 0.0, "VII": 0.0, "#ii": 0.0, "#V": 0.00944206008583691, "#II": 0.0, "V": 0.0, "iii": 0.03748211731044349, "III": 0.2947067238912732, "i": 0.06638054363376251, "#VI": 0.3469241773962804, "v": 0.16080114449213162, "#I": 0.0, "#vi": 0.02417739628040057, "vii": 0.0, "#IV": 0.0, "iv": 0.02703862660944206, "ii": 0.0001430615164520744, "I": 0.02074391988555079, "#iv": 0.0001430615164520744}, "D#": {"#v": 0.01007179896290387, "#i": 0.0002991623454327882, "IV": 0.028420422816114878, "VI": 0.0, "II": 9.972078181092939e-05, "vi": 0.0, "VII": 9.972078181092939e-05, "#ii": 0.0, "#V": 0.09114479457518947, "#II": 0.0, "V": 0.0, "iii": 0.020243318707618668, "III": 0.3111288392500997, "i": 0.4264060630235341, "#VI": 0.0043877143996808934, "v": 0.0, "#I": 0.0, "#vi": 0.036796968488232946, "vii": 0.0, "#IV": 0.0, "iv": 0.052552852014359795, "ii": 0.006082967690466693, "I": 0.0, "#iv": 0.012265656162744316}, "C#": {"#v": 0.0, "#i": 0.03225806451612903, "IV": 0.0, "VI": 0.027649769585253458, "II": 0.0, "vi": 0.0, "VII": 0.0, "#ii": 0.0, "#V": 0.018433179723502304, "#II": 0.0, "V": 0.0, "iii": 0.004608294930875576, "III": 0.21658986175115208, "i": 0.009216589861751152, "#VI": 0.0, "v": 0.16129032258064516, "#I": 0.15668202764976957, "#vi": 0.20276497695852536, "vii": 0.0, "#IV": 0.0, "iv": 0.16129032258064516, "ii": 0.0, "I": 0.009216589861751152, "#iv": 0.0}, "G#": {"#v": 0.015480541818963663, "#i": 0.0008600301010535369, "IV": 0.0, "VI": 0.0, "II": 0.0006450225757901526, "vi": 0.0, "VII": 0.0, "#ii": 0.0, "#V": 0.2491937217802623, "#II": 0.0, "V": 0.0043001505052676844, "iii": 0.00043001505052676843, "III": 0.010535368737905827, "i": 0.03999139969898947, "#VI": 0.09331326596430875, "v": 0.005590195656847989, "#I": 0.0053751881315846056, "#vi": 0.004730165555794453, "vii": 0.0, "#IV": 0.0, "iv": 0.3601376048161686, "ii": 0.20855729950548269, "I": 0.0, "#iv": 0.0008600301010535369}, "D": {"#v": 0.0, "#i": 0.0, "IV": 0.0, "VI": 0.0, "II": 0.05732413178984862, "vi": 0.0, "VII": 0.0, "#ii": 0.0, "#V": 0.005120213713268032, "#II": 0.0, "V": 0.2619100623330365, "iii": 0.0017809439002671415, "III": 0.03784505788067676, "i": 0.1463713268032057, "#VI": 0.19991095280498664, "v": 0.11798753339269813, "#I": 0.0, "#vi": 0.003561887800534283, "vii": 0.0, "#IV": 0.0, "iv": 0.0017809439002671415, "ii": 0.16618432769367764, "I": 0.0002226179875333927, "#iv": 0.0}}