{"F#": {"#v": 0.00042354934349851756, "#i": 0.00042354934349851756, "IV": 0.0012706480304955528, "VI": 0.0, "II": 0.6217704362558238, "vi": 0.0, "VII": 0.01905972045743329, "#ii": 0.013130029648454045, "#V": 0.0021177467174925877, "#II": 0.0016941973739940702, "V": 0.020330368487928845, "iii": 0.017789072426937738, "III": 0.0008470986869970351, "i": 0.0033883947479881405, "#VI": 0.013130029648454045, "v": 0.004659042778483694, "#I": 0.0, "#vi": 0.0033883947479881405, "vii": 0.04531977975434138, "#IV": 0.0, "iv": 0.0, "ii": 0.00042354934349851756, "I": 0.005929690808979246, "#iv": 0.22490470139771285}, "A": {"#v": 0.0006704410011918951, "#i": 0.0, "IV": 0.2666120381406436, "VI": 0.04082240762812873, "II": 0.10794100119189512, "vi": 0.2535756853396901, "VII": 0.001862336114421931, "#ii": 0.0020858164481525627, "#V": 0.0, "#II": 0.0, "V": 0.013632300357568534, "iii": 0.007523837902264601, "III": 0.001266388557806913, "i": 0.0002979737783075089, "#VI": 0.006704410011918951, "v": 0.02130512514898689, "#I": 0.0, "#vi": 0.0340435041716329, "vii": 0.0307657926102503, "#IV": 0.0, "iv": 7.449344457687723e-05, "ii": 0.1649284862932062, "I": 0.0, "#iv": 0.045887961859356376}, "E": {"#v": 0.0001385905342665096, "#i": 0.012681033885385629, "IV": 0.03506340516942693, "VI": 0.027718106853301918, "II": 0.0015244958769316055, "vi": 0.16859538493520893, "VII": 6.92952671332548e-05, "#ii": 0.00020788580139976439, "#V": 0.0015937911440648603, "#II": 0.0, "V": 0.0, "iii": 0.12085094588039637, "III": 0.048783868061811377, "i": 0.0, "#VI": 0.0009701337398655672, "v": 0.0, "#I": 0.0, "#vi": 0.0005543621370660384, "vii": 0.006444459843392696, "#IV": 0.0, "iv": 0.012057376481186335, "ii": 0.016769454646247663, "I": 0.5377312729540572, "#iv": 0.008246136788857321}, "G": {"#v": 0.0002058460271716756, "#i": 0.004734458624948539, "IV": 0.00888078574369229, "VI": 0.005440216432394283, "II": 0.001264482738340293, "vi": 0.027789213668176205, "VII": 0.0, "#ii": 2.940657531023937e-05, "#V": 0.007763335881903193, "#II": 0.0006469446568252662, "V": 0.32270775745456687, "iii": 0.05363759336587661, "III": 0.07872140210551079, "i": 0.15706051873198848, "#VI": 0.0, "v": 0.0701346821149209, "#I": 2.940657531023937e-05, "#vi": 0.00743986355349056, "vii": 0.0, "#IV": 0.0, "iv": 0.019908251485032055, "ii": 0.01773216491207434, "I": 0.21502087866847028, "#iv": 0.0008527906839969417}, "F": {"#v": 0.003076923076923077, "#i": 0.00043956043956043956, "IV": 0.21384615384615385, "VI": 0.0, "II": 0.0, "vi": 0.0, "VII": 0.0, "#ii": 0.0, "#V": 0.0, "#II": 5.4945054945054945e-05, "V": 0.12252747252747252, "iii": 0.013351648351648352, "III": 0.011483516483516483, "i": 0.03917582417582417, "#VI": 0.10175824175824176, "v": 0.03054945054945055, "#I": 0.0025274725274725277, "#vi": 0.012747252747252748, "vii": 0.053956043956043954, "#IV": 0.0, "iv": 0.14203296703296703, "ii": 0.2343956043956044, "I": 0.01802197802197802, "#iv": 5.4945054945054945e-05}, "B": {"#v": 0.01095866770213133, "#i": 0.0010354646647683149, "IV": 0.006040210544481836, "VI": 0.0002588661661920787, "II": 0.0, "vi": 0.019414962464405904, "VII": 0.006212787988609888, "#ii": 0.0, "#V": 0.0004314436103201312, "#II": 0.0, "V": 0.6264561221848305, "iii": 0.08654758823021831, "III": 0.05444818362240055, "i": 0.05220467684873587, "#VI": 0.0, "v": 0.0, "#I": 0.0, "#vi": 0.0, "vii": 0.09517646043662094, "#IV": 0.0, "iv": 0.0018120631633445508, "ii": 8.628872206402623e-05, "I": 0.037880748986107514, "#iv": 0.0010354646647683149}, "C": {"#v": 6.331518298087882e-05, "#i": 0.0, "IV": 0.10120931999493478, "VI": 0.0, "II": 0.024914524502975814, "vi": 0.09323160693934406, "VII": 0.0, "#ii": 0.0006648094212992275, "#V": 0.04156641762694694, "#II": 0.0, "V": 0.005698366468279093, "iii": 0.0, "III": 0.0, "i": 0.21011143472204635, "#VI": 0.001709509940483728, "v": 0.004147144485247563, "#I": 0.0002532607319235153, "#vi": 0.018931239711282764, "vii": 0.0038622261618336076, "#IV": 0.0, "iv": 0.07525009497277448, "ii": 0.06524629606179562, "I": 0.33382930226668356, "#iv": 0.019311130809168037}, "A#": {"#v": 0.008883883883883883, "#i": 0.007257257257257258, "IV": 0.004004004004004004, "VI": 0.00037537537537537537, "II": 0.0, "vi": 0.0013763763763763764, "VII": 0.0, "#ii": 0.00025025025025025025, "#V": 0.008258258258258258, "#II": 0.0011261261261261261, "V": 0.0, "iii": 0.05442942942942943, "III": 0.2577577577577578, "i": 0.06118618618618619, "#VI": 0.32682682682682684, "v": 0.1682932932932933, "#I": 0.0, "#vi": 0.0248998998998999, "vii": 0.0, "#IV": 0.0, "iv": 0.023773773773773772, "ii": 0.00012512512512512512, "I": 0.0508008008008008, "#iv": 0.00037537537537537537}, "D#": {"#v": 0.009911678115799804, "#i": 0.0002944062806673209, "IV": 0.02885181550539745, "VI": 0.0, "II": 9.813542688910697e-05, "vi": 0.0023552502453385673, "VII": 0.004710500490677135, "#ii": 0.002649656526005888, "#V": 0.08969578017664377, "#II": 0.0015701668302257115, "V": 0.00019627085377821394, "iii": 0.02001962708537782, "III": 0.30618253189401373, "i": 0.4209028459273798, "#VI": 0.0043179587831207065, "v": 9.813542688910697e-05, "#I": 0.0, "#vi": 0.03621197252208047, "vii": 0.0, "#IV": 0.0, "iv": 0.05181550539744848, "ii": 0.006084396467124632, "I": 0.0, "#iv": 0.014033366045142296}, "C#": {"#v": 0.0, "#i": 0.19119496855345913, "IV": 0.04779874213836478, "VI": 0.4691823899371069, "II": 0.0, "vi": 0.0012578616352201257, "VII": 0.0, "#ii": 0.0, "#V": 0.005031446540880503, "#II": 0.0012578616352201257, "V": 0.0037735849056603774, "iii": 0.0012578616352201257, "III": 0.05911949685534591, "i": 0.0025157232704402514, "#VI": 0.0012578616352201257, "v": 0.04905660377358491, "#I": 0.042767295597484274, "#vi": 0.05786163522012579, "vii": 0.0, "#IV": 0.0, "iv": 0.0440251572327044, "ii": 0.010062893081761006, "I": 0.0025157232704402514, "#iv": 0.010062893081761006}, "G#": {"#v": 0.034294328245713206, "#i": 0.0007537214999057848, "IV": 0.0001884303749764462, "VI": 0.0, "II": 0.0005652911249293386, "vi": 0.0015074429998115696, "VII": 0.0, "#ii": 0.0, "#V": 0.2185792349726776, "#II": 0.0, "V": 0.0041454682494818165, "iii": 0.0003768607499528924, "III": 0.09628792161296401, "i": 0.03523648012059544, "#VI": 0.08177878273977765, "v": 0.004899189749387601, "#I": 0.004710759374411155, "#vi": 0.0041454682494818165, "vii": 0.0022611644997173543, "#IV": 0.0, "iv": 0.31957791596005275, "ii": 0.18485019785189372, "I": 0.005087620124364048, "#iv": 0.0007537214999057848}, "D": {"#v": 0.005113189406520409, "#i": 0.0002185123678000175, "IV": 0.0, "VI": 0.0003933222620400315, "II": 0.08941526090376715, "vi": 0.009221221921160738, "VII": 0.0, "#ii": 4.37024735600035e-05, "#V": 0.0020103137837601606, "#II": 4.37024735600035e-05, "V": 0.3200332138799056, "iii": 0.026177781662442095, "III": 0.02290009614544183, "i": 0.07888296477580631, "#VI": 0.08736124464644698, "v": 0.07556157678524604, "#I": 0.0, "#vi": 0.001398479153920112, "vii": 0.060047198671444806, "#IV": 0.0, "iv": 0.000699239576960056, "ii": 0.19858403985665588, "I": 0.02189493925356175, "#iv": 0.0}}