{"-iii": {"A": 0.0, "C": 0.0, "B": 0.0, "E": 0.0, "D": 5.788209417416722e-06, "G": 0.0, "F": 0.0, "C#": 0.0, "A#": 1.1576418834833444e-05, "D#": 5.788209417416722e-06, "F#": 0.0, "G#": 0.0}, "vi": {"A": 0.019703064856886523, "C": 0.017046276734292248, "B": 0.0013023471189187626, "E": 0.014082713512574885, "D": 0.0012213121870749285, "G": 0.005469857899458802, "F": 0.0, "C#": 5.788209417416722e-06, "D#": 0.00013891702601800132, "F#": 0.0, "G#": 4.630567533933378e-05, "A#": 6.367030359158394e-05}, "vii": {"A": 0.0023905304893931064, "C": 0.0007061615489248401, "B": 0.006384394987410644, "E": 0.0005383034758197552, "D": 0.007952999739530576, "G": 0.0, "F": 0.0056840216479032216, "C#": 0.0, "D#": 0.0, "F#": 0.0006193384076635893, "G#": 6.945851300900066e-05, "A#": 0.0}, "-I": {"A": 0.0, "C": 0.0, "B": 5.788209417416722e-06, "E": 0.0, "D": 0.0, "G": 0.0, "F": 0.0, "C#": 0.0, "D#": 5.788209417416722e-06, "F#": 5.788209417416722e-06, "G#": 0.0, "A#": 0.0}, "iv": {"A": 0.0, "C": 0.013758573785199549, "B": 0.00010997597893091772, "E": 0.0004283274968888374, "D": 0.0, "G": 0.0031372095042398636, "F": 0.014933580296935143, "C#": 0.0, "D#": 0.0030561745723960295, "F#": 0.0, "G#": 0.009799438543686511, "A#": 0.0005440916852371719}, "ii": {"A": 0.012815095650160624, "C": 0.011929499609295865, "B": 5.788209417416722e-06, "E": 0.0014007466790148468, "D": 0.026301623592741585, "G": 0.0034902902787022835, "F": 0.024692501374699735, "C#": 4.630567533933378e-05, "D#": 0.0003588689838798368, "F#": 5.788209417416722e-06, "G#": 0.0056782334384858045, "A#": 5.788209417416722e-06}, "-III": {"A": 0.0, "C": 0.0, "B": 0.0, "E": 0.0, "D": 5.788209417416722e-06, "G": 0.00012734060718316788, "F": 5.788209417416722e-06, "C#": 5.788209417416722e-06, "A#": 5.20938847567505e-05, "D#": 9.261135067866755e-05, "F#": 2.315283766966689e-05, "G#": 0.0}, "#ii": {"A": 0.00016206986368766821, "C": 0.00012155239776575117, "B": 0.0, "E": 1.7364628252250165e-05, "D": 0.0, "G": 5.788209417416722e-06, "F": 0.0, "C#": 0.0, "D#": 0.00015049344485283477, "F#": 0.0001794344919399184, "G#": 0.0, "A#": 0.0}, "#iv": {"A": 0.003565537001128701, "C": 0.0035308077446242004, "B": 6.945851300900066e-05, "E": 0.0006887969206725899, "D": 0.0, "G": 0.00016785807310508495, "F": 5.788209417416722e-06, "C#": 4.630567533933378e-05, "D#": 0.0008277139466905913, "F#": 0.0030735392006482794, "G#": 2.315283766966689e-05, "A#": 1.7364628252250165e-05}, "#vi": {"A": 0.0025468121436633575, "C": 0.0030098688970566956, "B": 0.0, "E": 4.630567533933378e-05, "D": 0.0001852227013573351, "G": 0.0014644169826064308, "F": 0.0, "C#": 0.0, "D#": 0.002106908227939687, "F#": 4.630567533933378e-05, "G#": 0.0, "A#": 5.20938847567505e-05}, "-vi": {"A": 0.0, "C": 0.0, "B": 4.0517465921917054e-05, "E": 1.1576418834833444e-05, "D": 0.0, "G": 4.0517465921917054e-05, "F": 0.0, "C#": 0.0, "A#": 0.00041096286863658726, "D#": 0.000584609151159089, "F#": 0.0, "G#": 0.00043411570630625415}, "III": {"A": 9.839956009608428e-05, "C": 0.0, "B": 0.0036523601423899517, "E": 0.004074899429861372, "D": 0.0030330217347263625, "G": 0.015495036610424565, "F": 0.001209735768240095, "C#": 0.00027204584261858596, "A#": 0.011923711399878448, "D#": 0.018059213382340174, "F#": 1.1576418834833444e-05, "G#": 0.002957775012299945}, "-ii": {"A": 0.0, "C": 0.0, "B": 0.0, "E": 0.0, "D": 0.0, "G": 0.0, "F": 0.0, "C#": 1.1576418834833444e-05, "D#": 1.1576418834833444e-05, "F#": 0.0, "G#": 2.315283766966689e-05, "A#": 0.0}, "#i": {"A": 0.0, "C": 0.0, "B": 6.945851300900066e-05, "E": 0.00105924232338726, "D": 2.894104708708361e-05, "G": 0.0009319017162040923, "F": 4.630567533933378e-05, "C#": 0.0008682314126125083, "D#": 5.788209417416722e-06, "F#": 5.788209417416722e-06, "G#": 0.0, "A#": 0.0003357161462101699}, "-vii": {"A": 9.839956009608428e-05, "A#": 0.0010997597893091771, "B": 0.0, "E": 0.0, "D": 0.0, "G": 0.0, "F": 0.0013428645848406796, "C#": 0.00026625763320116923, "D#": 2.894104708708361e-05, "F#": 0.0, "G#": 0.00012734060718316788, "C": 0.0004514803345585043}, "I": {"A": 0.0, "C": 0.06103666830665933, "B": 0.002541023934245941, "E": 0.04491650507915376, "D": 0.002899892918125778, "G": 0.04232338726015107, "F": 0.0018985326889126848, "C#": 1.1576418834833444e-05, "D#": 0.0, "F#": 8.103493184383411e-05, "G#": 0.0001562816542702515, "A#": 0.002350013023471189}, "VI": {"A": 0.003171938760744364, "C": 0.0, "B": 1.7364628252250165e-05, "E": 0.002315283766966689, "D": 5.20938847567505e-05, "G": 0.0010708187422220935, "F": 0.0, "C#": 0.0021590021126964374, "D#": 0.0, "F#": 0.0, "G#": 0.0, "A#": 1.7364628252250165e-05}, "IV": {"A": 0.02071600150493445, "C": 0.01850490550748126, "B": 0.0004051746592191705, "E": 0.0029288339652128615, "D": 0.0, "G": 0.00174803924405985, "F": 0.022527711052585882, "C#": 0.00021995195786183544, "D#": 0.0017017335687205164, "F#": 1.7364628252250165e-05, "G#": 5.788209417416722e-06, "A#": 0.0001852227013573351}, "II": {"A": 0.00838711544583683, "C": 0.0045553208115069604, "B": 0.0, "E": 0.00012734060718316788, "D": 0.011842676468034613, "G": 0.00024889300494891907, "F": 0.0, "C#": 0.0, "D#": 5.788209417416722e-06, "F#": 0.008497091424767749, "G#": 1.7364628252250165e-05, "A#": 0.0}, "#iii": {"A": 5.788209417416722e-06, "A#": 0.0005556681040720053, "B": 1.1576418834833444e-05, "E": 0.0005788209417416722, "D": 9.261135067866755e-05, "G": 0.0007814082713512575, "F": 2.894104708708361e-05, "C#": 0.00020258732960958526, "C": 0.0, "D#": 0.0, "F#": 0.0, "G#": 1.7364628252250165e-05}, "V": {"A": 0.00105924232338726, "C": 0.00104187769513501, "B": 0.042022400370445405, "E": 0.0, "D": 0.042387057563742656, "G": 0.06351981014673111, "F": 0.01290770700083929, "C#": 1.7364628252250165e-05, "D#": 1.1576418834833444e-05, "F#": 0.00027783405203600265, "G#": 0.00012734060718316788, "A#": 0.0}, "iii": {"A": 0.000584609151159089, "C": 0.0, "B": 0.005805574045668972, "E": 0.010094637223974764, "D": 0.0034671374410326166, "G": 0.010557693977368101, "F": 0.0014065348884322634, "C#": 5.788209417416722e-06, "D#": 0.0011807947211530114, "F#": 0.00024310479553150234, "G#": 1.1576418834833444e-05, "A#": 0.002517871096576274}, "#v": {"A": 5.20938847567505e-05, "C": 1.1576418834833444e-05, "B": 0.0006945851300900066, "E": 0.0, "D": 0.0006772205018377565, "G": 0.0, "F": 0.00032413972737533643, "C#": 0.0, "D#": 0.0, "F#": 5.788209417416722e-06, "G#": 0.0006193384076635893, "A#": 0.0}, "-II": {"A": 0.0, "C": 4.630567533933378e-05, "B": 0.0, "E": 0.0, "D": 0.0, "G": 5.788209417416722e-06, "F": 0.00026625763320116923, "C#": 0.00019679912019216855, "D#": 0.0, "F#": 0.0, "G#": 0.00014470523543541806, "A#": 0.0}, "-VII": {"A": 0.000520938847567505, "C": 0.000312563308540503, "B": 0.0, "E": 8.103493184383411e-05, "D": 0.011570630625416028, "G": 0.0, "F": 0.010719763841055769, "C#": 5.788209417416722e-06, "A#": 0.015118802998292479, "D#": 0.00025468121436633575, "F#": 0.0001794344919399184, "G#": 0.0025120828871588573}, "-VI": {"A": 0.0, "C": 0.007599918965068156, "B": 2.894104708708361e-05, "E": 0.00013312881660058461, "D": 0.00026625763320116923, "G": 0.0015280872861980147, "F": 0.0, "C#": 2.315283766966689e-05, "D#": 0.005290423407518884, "F#": 2.894104708708361e-05, "G#": 0.006714322924203398, "A#": 0.0003820218215495037}, "i": {"A": 0.0, "C": 0.038277428877376785, "B": 0.0006887969206725899, "E": 0.0, "D": 0.006702746505368565, "G": 0.030914826498422712, "F": 0.0010476659045524268, "C#": 1.1576418834833444e-05, "D#": 0.024698289584117152, "F#": 1.7364628252250165e-05, "G#": 5.788209417416722e-06, "A#": 0.002830434405116777}, "VII": {"A": 0.00014470523543541806, "C": 0.0, "B": 0.00041096286863658726, "E": 5.788209417416722e-06, "D": 0.0, "G": 0.0, "F": 0.0, "C#": 0.0, "D#": 0.00027204584261858596, "F#": 0.00025468121436633575, "G#": 0.0, "A#": 0.0}, "#vii": {"A": 2.315283766966689e-05, "C": 0.00013891702601800132, "B": 0.0028130697768645268, "E": 0.0, "D": 0.003744971493068619, "G": 0.0, "F": 0.003079327410065696, "C#": 0.0, "D#": 0.00012734060718316788,