{"A": {"-iii": 0.0, "vi": 0.019703064856886523, "vii": 0.0023905304893931064, "-I": 0.0, "iv": 0.0, "ii": 0.012815095650160624, "-III": 0.0, "#ii": 0.00016206986368766821, "#iv": 0.003565537001128701, "#vi": 0.0025468121436633575, "-vi": 0.0, "III": 9.839956009608428e-05, "-II": 0.0, "#i": 0.0, "-vii": 9.839956009608428e-05, "I": 0.0, "VI": 0.003171938760744364, "IV": 0.02071600150493445, "II": 0.00838711544583683, "#iii": 5.788209417416722e-06, "V": 0.00105924232338726, "iii": 0.000584609151159089, "#v": 5.20938847567505e-05, "-ii": 0.0, "-VII": 0.000520938847567505, "-VI": 0.0, "i": 0.0, "VII": 0.00014470523543541806, "#vii": 2.315283766966689e-05, "v": 0.0016554278933811825}, "C": {"-iii": 0.0, "vi": 0.017046276734292248, "vii": 0.0007061615489248401, "-I": 0.0, "iv": 0.013758573785199549, "ii": 0.011929499609295865, "-III": 0.0, "#ii": 0.00012155239776575117, "#iv": 0.0035308077446242004, "#vi": 0.0030098688970566956, "-vi": 0.0, "III": 0.0, "-II": 4.630567533933378e-05, "#i": 0.0, "-vii": 0.0004514803345585043, "I": 0.06103666830665933, "VI": 0.0, "IV": 0.01850490550748126, "II": 0.0045553208115069604, "#iii": 0.0, "V": 0.00104187769513501, "iii": 0.0, "#v": 1.1576418834833444e-05, "-ii": 0.0, "-VII": 0.000312563308540503, "-VI": 0.007599918965068156, "i": 0.038277428877376785, "VII": 0.0, "#vii": 0.00013891702601800132, "v": 0.0007582554336815906}, "B": {"-iii": 0.0, "vi": 0.0013023471189187626, "vii": 0.006384394987410644, "-I": 5.788209417416722e-06, "iv": 0.00010997597893091772, "ii": 5.788209417416722e-06, "-III": 0.0, "#ii": 0.0, "#iv": 6.945851300900066e-05, "#vi": 0.0, "-vi": 4.0517465921917054e-05, "III": 0.0036523601423899517, "-II": 0.0, "#i": 6.945851300900066e-05, "-vii": 0.0, "I": 0.002541023934245941, "VI": 1.7364628252250165e-05, "IV": 0.0004051746592191705, "II": 0.0, "#iii": 1.1576418834833444e-05, "V": 0.042022400370445405, "iii": 0.005805574045668972, "#v": 0.0006945851300900066, "-ii": 0.0, "-VII": 0.0, "-VI": 2.894104708708361e-05, "i": 0.0006887969206725899, "VII": 0.00041096286863658726, "#vii": 0.0028130697768645268, "v": 0.0}, "E": {"-iii": 0.0, "vi": 0.014082713512574885, "vii": 0.0005383034758197552, "-I": 0.0, "iv": 0.0004283274968888374, "ii": 0.0014007466790148468, "-III": 0.0, "#ii": 1.7364628252250165e-05, "#iv": 0.0006887969206725899, "#vi": 4.630567533933378e-05, "-vi": 1.1576418834833444e-05, "III": 0.004074899429861372, "-II": 0.0, "#i": 0.00105924232338726, "-vii": 0.0, "I": 0.04491650507915376, "VI": 0.002315283766966689, "IV": 0.0029288339652128615, "II": 0.00012734060718316788, "#iii": 0.0005788209417416722, "V": 0.0, "iii": 0.010094637223974764, "#v": 0.0, "-ii": 0.0, "-VII": 8.103493184383411e-05, "-VI": 0.00013312881660058461, "i": 0.0, "VII": 5.788209417416722e-06, "#vii": 0.0, "v": 0.0}, "D": {"-iii": 5.788209417416722e-06, "vi": 0.0012213121870749285, "vii": 0.007952999739530576, "-I": 0.0, "iv": 0.0, "ii": 0.026301623592741585, "-III": 5.788209417416722e-06, "#ii": 0.0, "#iv": 0.0, "#vi": 0.0001852227013573351, "-vi": 0.0, "III": 0.0030330217347263625, "-II": 0.0, "#i": 2.894104708708361e-05, "-vii": 0.0, "I": 0.002899892918125778, "VI": 5.20938847567505e-05, "IV": 0.0, "II": 0.011842676468034613, "#iii": 9.261135067866755e-05, "V": 0.042387057563742656, "iii": 0.0034671374410326166, "#v": 0.0006772205018377565, "-ii": 0.0, "-VII": 0.011570630625416028, "-VI": 0.00026625763320116923, "i": 0.006702746505368565, "VII": 0.0, "#vii": 0.003744971493068619, "v": 0.010007814082713513}, "G": {"-iii": 0.0, "vi": 0.005469857899458802, "vii": 0.0, "-I": 0.0, "iv": 0.0031372095042398636, "ii": 0.0034902902787022835, "-III": 0.00012734060718316788, "#ii": 5.788209417416722e-06, "#iv": 0.00016785807310508495, "#vi": 0.0014644169826064308, "-vi": 4.0517465921917054e-05, "III": 0.015495036610424565, "-II": 5.788209417416722e-06, "#i": 0.0009319017162040923, "-vii": 0.0, "I": 0.04232338726015107, "VI": 0.0010708187422220935, "IV": 0.00174803924405985, "II": 0.00024889300494891907, "#iii": 0.0007814082713512575, "V": 0.06351981014673111, "iii": 0.010557693977368101, "#v": 0.0, "-ii": 0.0, "-VII": 0.0, "-VI": 0.0015280872861980147, "i": 0.030914826498422712, "VII": 0.0, "#vii": 0.0, "v": 0.013804879460538882}, "F": {"-iii": 0.0, "vi": 0.0, "vii": 0.0056840216479032216, "-I": 0.0, "iv": 0.014933580296935143, "ii": 0.024692501374699735, "-III": 5.788209417416722e-06, "#ii": 0.0, "#iv": 5.788209417416722e-06, "#vi": 0.0, "-vi": 0.0, "III": 0.001209735768240095, "-II": 0.00026625763320116923, "#i": 4.630567533933378e-05, "-vii": 0.0013428645848406796, "I": 0.0018985326889126848, "VI": 0.0, "IV": 0.022527711052585882, "II": 0.0, "#iii": 2.894104708708361e-05, "V": 0.01290770700083929, "iii": 0.0014065348884322634, "#v": 0.00032413972737533643, "-ii": 0.0, "-VII": 0.010719763841055769, "-VI": 0.0, "i": 0.0010476659045524268, "VII": 0.0, "#vii": 0.003079327410065696, "v": 0.0032182444360836977}, "C#": {"-iii": 0.0, "vi": 5.788209417416722e-06, "vii": 0.0, "-I": 0.0, "iv": 0.0, "ii": 4.630567533933378e-05, "-III": 5.788209417416722e-06, "#ii": 0.0, "#iv": 4.630567533933378e-05, "#vi": 0.0, "-vi": 0.0, "III": 0.00027204584261858596, "-II": 0.00019679912019216855, "#i": 0.0008682314126125083, "-vii": 0.00026625763320116923, "I": 1.1576418834833444e-05, "VI": 0.0021590021126964374, "IV": 0.00021995195786183544, "II": 0.0, "#iii": 0.00020258732960958526, "V": 1.7364628252250165e-05, "iii": 5.788209417416722e-06, "#v": 0.0, "-ii": 1.1576418834833444e-05, "-VII": 5.788209417416722e-06, "-VI": 2.315283766966689e-05, "i": 1.1576418834833444e-05, "VII": 0.0, "#vii": 0.0, "v": 0.00022574016727925215}, "A#": {"-iii": 1.1576418834833444e-05, "vi": 6.367030359158394e-05, "vii": 0.0, "-I": 0.0, "iv": 0.0005440916852371719, "ii": 5.788209417416722e-06, "-III": 5.20938847567505e-05, "#ii": 0.0, "#iv": 1.7364628252250165e-05, "#vi": 5.20938847567505e-05, "-vi": 0.00041096286863658726, "III": 0.011923711399878448, "-II": 0.0, "#i": 0.0003357161462101699, "-vii": 0.0010997597893091771, "I": 0.002350013023471189, "VI": 1.7364628252250165e-05, "IV": 0.0001852227013573351, "II": 0.0, "#iii": 0.0005556681040720053, "V": 0.0, "iii": 0.002517871096576274, "#v": 0.0, "-ii": 0.0, "-VII": 0.015118802998292479, "-VI": 0.0003820218215495037, "i": 0.002830434405116777, "VII": 0.0, "#vii": 0.0, "v": 0.007785141666425491}, "D#": {"-iii": 5.788209417416722e-06, "vi": 0.00013891702601800132, "vii": 0.0, "-I": 5.788209417416722e-06, "iv": 0.0030561745723960295, "ii": 0.0003588689838798368, "-III": 9.261135067866755e-05, "#ii": 0.00015049344485283477, "#iv": 0.0008277139466905913, "#vi": 0.002106908227939687, "-vi": 0.000584609151159089, "III": 0.018059213382340174, "-II": 0.0, "#i": 5.788209417416722e-06, "-vii": 2.894104708708361e-05, "I": 0.0, "VI": 0.0, "IV": 0.0017017335687205164, "II": 5.788209417416722e-06, "#iii": 0.0, "V": 1.1576418834833444e-05, "iii": 0.0011807947211530114, "#v": 0.0, "-ii": 1.1576418834833444e-05, "-VII": 0.00025468121436633575, "-VI": 0.005290423407518884, "i": 0.024698289584117152, "VII": 0.00027204584261858596, "#vii": 0.00012734060718316788, "v": 5.788209417416722e-06}, "F#": {"-iii": 0.0, "vi": 0.0, "vii": 0.0006193384076635893, "-I": 5.788209417416722e-06, "iv": 0.0, "ii": 5.788209417416722e-06, "-III": 2.315283766966689e-05, "#ii": 0.0001794344919399184, "#iv": 0.0030735392006482794, "#vi": 4.630567533933378e-05, "-vi": 0.0, "III": 1.1576418834833444e-05, "-II": 0.0, "#i": 5.788209417416722e-06, "-vii": 0.0, "I": 8.103493184383411e-05, "VI": 0.0, "IV": 1.7364628252250165e-05, "II": 0.008497091424767749, "#iii": 0.0, "V": 0.00027783405203600265, "iii": 0.00024310479553150234, "#v": 5.788209417416722e-06, "-ii": 0.0, "-VII": 0.0001794344919399184, "-VI": 2.894104708708361e-05, "i": 1.7364628252250165e-05, "VII": 0.00025468121436633575, "#vii": 2.894104708708361e-05, "v": 6.367030359158394e-05}, "G#": {"-iii": 0.0, "vi": 4.630567533933378e-05, "vii": 6.945851300900066e-05, "-I": 0.0, "iv": 0.009799438543686511,