{"E": 0.11428263679448514, "A": 0.14238205514864283, "F": 0.06283660060318828, "D#": 0.025554717794054285, "B": 0.09415392072382593, "A#": 0.04124030590262818, "F#": 0.07776820336062042, "D": 0.15307249030590264, "G": 0.1264675786299009, "C#": 0.04382539853511418, "C": 0.09268634209392503, "G#": 0.025729750107712192}