{"F#": 0.07353500158378207, "A": 0.1393807412100095, "E": 0.1158615774469433, "G": 0.12365378523915109, "F": 0.06609122584732341, "B": 0.09322141273360786, "C": 0.09557332910991448, "A#": 0.046705733291099144, "D#": 0.028230915426037378, "C#": 0.04248495407031992, "G#": 0.026560025340513146, "D": 0.1487012987012987}