{"G#4": 0.014000633512828636, "G#0": 0.0, "G#6": 0.0, "A#7": 0.0, "A4": 0.03690212226797593, "F#2": 0.0006176750079189104, "C7": 0.0, "F2": 0.004474184352233132, "B2": 0.0019084573962622744, "D3": 0.039570795058599936, "D#6": 9.502692429521698e-05, "B0": 0.0, "G1": 0.0, "C#1": 0.0, "D#2": 0.003112131770668356, "D4": 0.06467374089325309, "C#6": 0.0, "C#5": 0.0003484320557491289, "G0": 0.0, "F#0": 0.0, "C0": 0.0, "E2": 0.004806778587266392, "D1": 0.0, "A7": 0.0, "F7": 0.0, "D5": 0.017904656319290467, "D#1": 0.0, "C3": 0.060167880899588216, "A3": 0.025926512511878365, "G3": 0.05921761165663605, "D#3": 0.018910357934748177, "C6": 0.0006176750079189104, "D#0": 0.0, "E1": 0.0, "A#0": 0.0, "F4": 0.04751346214760849, "B3": 0.02374881216344631, "G7": 0.0, "D#7": 0.0, "F#7": 0.0, "A#5": 0.003579347481786506, "G#2": 0.001639214444092493, "A#6": 3.167564143173899e-05, "F5": 0.019955654101995565, "A5": 0.0089562876148242, "F3": 0.03397212543554007, "B4": 0.03429680076021539, "C#4": 0.00188470066518847, "C#3": 0.0024152676591700983, "F#3": 0.005424453595185302, "F1": 0.0, "E6": 3.959455178967374e-05, "D#4": 0.02863477985429205, "C5": 0.019417168197656, "F#4": 0.0065885334178017105, "D7": 0.0, "C#0": 0.0, "G#5": 0.0019401330376940134, "C4": 0.08937282229965157, "B5": 0.007934748178650617, "A2": 0.0038565093443142223, "C#7": 0.0, "G5": 0.022941083306936966, "G2": 0.011260690528983212, "A#2": 0.0019322141273360786, "D2": 0.007301235350015838, "A1": 0.0, "A#1": 0.0, "E5": 0.01541019955654102, "G#3": 0.012345581248020272, "D#5": 0.008837503959455179, "F#5": 0.0012670256572695597, "C2": 0.015362686094393412, "E4": 0.04054482103262591, "G6": 0.00034051314539119417, "G#1": 0.0, "A#3": 0.01652676591700982, "E7": 0.0, "C#2": 0.00020589166930630345, "G#7": 0.0, "B1": 0.0, "A6": 8.710801393728223e-05, "G4": 0.09844789356984479, "D0": 0.0, "F0": 0.0, "D6": 0.00014254038644282547, "F#1": 0.0, "F#6": 1.5837820715869496e-05, "F6": 0.00023756731073804245, "C1": 0.0, "E0": 0.0, "B7": 0.0, "A0": 0.0, "E3": 0.027842888818498574, "A#4": 0.024089325308837502, "B6": 0.00040386442825467216}