{"F#": {"F#": 0.010850474220366106, "A": 0.0011904297256157058, "E": 0.016080558916513797, "G": 0.018832207954412396, "F": 0.002302798485617267, "B": 0.005952148628078529, "C": 9.75762070176808e-05, "A#": 0.0005659420007025486, "D#": 0.00042933531087779555, "C#": 0.0009367315873697357, "G#": 0.005776511455446704, "D": 0.003922563522110768}, "A": {"F#": 0.002302798485617267, "A": 0.024237929823191912, "E": 0.005737480972639632, "G": 0.03501034307794387, "F": 0.0038249873150930877, "B": 0.022559619062487803, "C": 0.002985831934741033, "A#": 0.013816790913703603, "D#": 0.0003512743452636509, "C#": 0.0005464267592990125, "G#": 0.011104172358612076, "D": 0.012645876429491432}, "E": {"F#": 0.0165684399516022, "A": 0.012392178291245462, "E": 0.020920338784590764, "G": 0.002400374692634948, "F": 0.01647086374458452, "B": 0.003629834901057726, "C": 0.00411771593614613, "A#": 0.0002927286210530424, "D#": 0.005308145661761836, "C#": 0.0014831583466687482, "G#": 0.0006635182077202295, "D": 0.03350766948987159}, "G": {"F#": 0.021935131337574645, "A": 0.02648218258459857, "E": 0.004195776901760275, "G": 0.02236446664845244, "F": 0.022442527614066586, "B": 0.001327036415440459, "C": 0.00915264821825846, "A#": 0.0017954022091253268, "D#": 0.0015221888294758206, "C#": 0.0006244877249131571, "G#": 0.0023808594512314115, "D": 0.005347176144568908}, "F": {"F#": 0.002888255727723352, "A": 0.001697826002107646, "E": 0.0220717380273994, "G": 0.014987705397915772, "F": 0.011162718082822685, "B": 0.0008001248975449826, "C": 0.0017368564849147184, "A#": 0.0037664415908824794, "D#": 0.008098825182467507, "C#": 0.0009367315873697357, "G#": 0.00023418289684243394, "D": 0.003259045314390539}, "B": {"F#": 0.0027126185550915265, "A": 0.025350298583193473, "E": 0.008762343390187737, "G": 0.003161469107372858, "F": 5.8545724210608484e-05, "B": 0.01276296787791265, "C": 0.019124936575465438, "A#": 0.004566566488427462, "D#": 0.00033175910386011473, "C#": 0.011006596151594395, "G#": 0.0014831583466687482, "D": 0.0015612193122828929}, "C": {"F#": 0.0008586706217555911, "A": 0.0047812341438663595, "E": 0.0020100698645642246, "G": 0.0034151672456188284, "F": 0.0060106943522891376, "B": 0.022969439131962064, "C": 0.016666016158619883, "A#": 0.01606104367511026, "D#": 0.0008391553803520549, "C#": 0.0016392802778970375, "G#": 0.0006830334491237656, "D": 0.024628234651262636}, "A#": {"F#": 0.0019905546231606887, "A": 0.018051598298270948, "E": 0.0002927286210530424, "G": 0.0026150423480738455, "F": 0.001327036415440459, "B": 0.005425237110183053, "C": 0.011240779048436829, "A#": 0.00722063931930838, "D#": 0.0021076460715819057, "C#": 0.00048788103508840404, "G#": 0.002302798485617267, "D": 0.0019515241403536162}, "D#": {"F#": 0.0001951524140353616, "A": 0.0005464267592990125, "E": 0.005756996214043168, "G": 0.0008586706217555911, "F": 0.004722688419655751, "B": 0.0016197650364935014, "C": 0.0016002497950899652, "A#": 0.00048788103508840404, "D#": 0.0023808594512314115, "C#": 0.0013855821396510674, "G#": 0.0007806096561414464, "D": 0.011689629600718161}, "C#": {"F#": 0.002790679520705671, "A": 0.0023808594512314115, "E": 0.0007806096561414464, "G": 7.806096561414464e-05, "F": 0.00015612193122828928, "B": 0.010186956012645876, "C": 0.0013075211740369228, "A#": 0.0007415791733343741, "D#": 0.0019710393817571523, "C#": 0.00386401779790016, "G#": 0.00013660668982475312, "D": 0.01596346746809258}, "G#": {"F#": 0.003161469107372858, "A": 0.011884782014753523, "E": 0.002771164279302135, "G": 0.0032980757971976114, "F": 0.0004488505522813317, "B": 0.00031224386245657856, "C": 0.00031224386245657856, "A#": 0.002166191795792514, "D#": 0.00017563717263182545, "C#": 0.001073338277194489, "G#": 0.001814917450528863, "D": 0.00011709144842121697}, "D": {"F#": 0.001327036415440459, "A": 0.005874087662464385, "E": 0.02837516100074158, "G": 0.012177510635806564, "F": 0.0022052222785995863, "B": 0.004215292143163811, "C": 0.03167323679793919, "A#": 0.0030053471761445688, "D#": 0.008762343390187737, "C#": 0.016919714296865854, "G#": 0.000604972483509621, "D": 0.02745794465477538}}