{"F": {"#vi": 0.005098572399728076, "#I": 0.0, "ii": 0.2807613868116927, "V": 0.15454339451620214, "#ii": 0.0, "#II": 0.00011330160888284614, "#iv": 0.0, "iv": 0.0365964196691593, "III": 0.001699524133242692, "I": 0.035576705189213687, "vii": 0.10616360752322683, "#IV": 0.0, "vi": 0.0, "i": 0.00011330160888284614, "#i": 0.0009064128710627691, "v": 0.017788352594606843, "IV": 0.329141173804668, "iii": 0.00940403353727623, "#v": 0.005778382053025153, "VI": 0.0, "VII": 0.0, "#VI": 0.016315431679129844, "II": 0.0, "#V": 0.0}, "B": {"#vi": 0.0, "#I": 0.0, "ii": 0.0, "V": 0.582843857072932, "#ii": 0.0, "#II": 0.0, "#iv": 0.0014684287812041115, "iv": 0.0, "III": 0.058125305922662754, "I": 0.05017131669114048, "vii": 0.12518355359765052, "#IV": 0.0, "vi": 0.025819872736172294, "i": 0.005139500734214391, "#i": 0.0014684287812041115, "v": 0.0, "IV": 0.007953989231522272, "iii": 0.1196769456681351, "#v": 0.013093489965736662, "VI": 0.0003671071953010279, "VII": 0.008688203622124326, "#VI": 0.0, "II": 0.0, "#V": 0.0}, "G#": {"#vi": 0.0, "#I": 0.0, "ii": 0.0034071550255536627, "V": 0.0034071550255536627, "#ii": 0.0, "#II": 0.0, "#iv": 0.0, "iv": 0.013628620102214651, "III": 0.7529812606473595, "I": 0.04599659284497445, "vii": 0.005110732538330494, "#IV": 0.0, "vi": 0.010221465076660987, "i": 0.0017035775127768314, "#i": 0.0, "v": 0.0, "IV": 0.0017035775127768314, "iii": 0.0, "#v": 0.16013628620102216, "VI": 0.0, "VII": 0.0, "#VI": 0.0, "II": 0.0, "#V": 0.0017035775127768314}, "D#": {"#vi": 0.0, "#I": 0.0, "ii": 0.0070921985815602835, "V": 0.014184397163120567, "#ii": 0.1773049645390071, "#II": 0.07092198581560284, "#iv": 0.10638297872340426, "iv": 0.0070921985815602835, "III": 0.0, "I": 0.0, "vii": 0.0, "#IV": 0.0, "vi": 0.14184397163120568, "i": 0.06382978723404255, "#i": 0.0, "v": 0.0070921985815602835, "IV": 0.06382978723404255, "iii": 0.0070921985815602835, "#v": 0.0, "VI": 0.0, "VII": 0.3333333333333333, "#VI": 0.0, "II": 0.0, "#V": 0.0}, "G": {"#vi": 0.0, "#I": 0.0, "ii": 0.020976847775418243, "V": 0.37193763919821826, "#ii": 5.179468586523023e-05, "#II": 0.0008287149738436837, "#iv": 0.0011912777749002953, "iv": 0.012534313979385715, "III": 0.0, "I": 0.3400321127052364, "vii": 0.0, "#IV": 0.0, "vi": 0.04599368104832444, "i": 0.04630444916351582, "#i": 0.007820997565649765, "v": 0.03703320039363961, "IV": 0.013777386440151241, "iii": 0.09048531620655721, "#v": 0.0, "VI": 0.00911586471228052, "VII": 0.0, "#VI": 0.0, "II": 0.001812814005283058, "#V": 0.00010358937173046046}, "A": {"#vi": 0.0010948905109489052, "#I": 0.0, "ii": 0.18093065693430657, "V": 0.014872262773722628, "#ii": 0.0023722627737226276, "#II": 0.0, "#iv": 0.036678832116788324, "iv": 0.0, "III": 0.000364963503649635, "I": 0.0, "vii": 0.03677007299270073, "#IV": 0.0, "vi": 0.291970802919708, "i": 0.0, "#i": 0.0, "v": 0.016788321167883213, "IV": 0.256021897810219, "iii": 0.00885036496350365, "#v": 0.0, "VI": 0.04881386861313869, "VII": 0.002281021897810219, "#VI": 0.003467153284671533, "II": 0.09872262773722627, "#V": 0.0}, "E": {"#vi": 0.0, "#I": 0.0, "ii": 0.017043293007684698, "V": 0.0, "#ii": 0.00022825838849577722, "#II": 0.0, "#iv": 0.00882599102183672, "iv": 0.00410865099292399, "III": 0.05097770676405691, "I": 0.526972532907251, "vii": 0.00631514874838317, "#IV": 0.0, "vi": 0.17598721753024424, "i": 0.0, "#i": 0.01361941718024804, "v": 0.0, "IV": 0.03690177280681732, "iii": 0.12675949174465495, "#v": 0.00015217225899718482, "VI": 0.02974967663394963, "VII": 7.608612949859241e-05, "#VI": 0.0006086890359887393, "II": 0.0016738948489690329, "#V": 0.0}, "A#": {"#vi": 0.029045643153526972, "#I": 0.0, "ii": 0.0, "V": 0.0, "#ii": 0.002074688796680498, "#II": 0.00933609958506224, "#iv": 0.002074688796680498, "iv": 0.001037344398340249, "III": 0.0, "I": 0.26867219917012447, "vii": 0.0, "#IV": 0.0, "vi": 0.011410788381742738, "i": 0.015560165975103735, "#i": 0.05186721991701245, "v": 0.2157676348547718, "IV": 0.023858921161825725, "iii": 0.17323651452282157, "#v": 0.0, "VI": 0.0031120331950207467, "VII": 0.0, "#VI": 0.19294605809128632, "II": 0.0, "#V": 0.0}, "D": {"#vi": 0.0, "#I": 0.0, "ii": 0.21732580037664784, "V": 0.36195856873822974, "#ii": 7.532956685499058e-05, "#II": 7.532956685499058e-05, "#iv": 0.0, "iv": 0.0, "III": 0.013032015065913371, "I": 0.03525423728813559, "vii": 0.09800376647834275, "#IV": 0.0, "vi": 0.014689265536723164, "i": 0.03593220338983051, "#i": 0.0003766478342749529, "v": 0.044369114877589454, "IV": 0.0, "iii": 0.0431638418079096, "#v": 0.008060263653483992, "VI": 0.0006779661016949153, "VII": 0.0, "#VI": 0.015065913370998116, "II": 0.11193973634651601, "#V": 0.0}, "C#": {"#vi": 0.0035087719298245615, "#I": 0.0, "ii": 0.014035087719298246, "V": 0.005263157894736842, "#ii": 0.0, "#II": 0.0017543859649122807, "#iv": 0.014035087719298246, "iv": 0.0, "III": 0.0, "I": 0.0, "vii": 0.0, "#IV": 0.0, "vi": 0.0017543859649122807, "i": 0.0, "#i": 0.24736842105263157, "v": 0.007017543859649123, "IV": 0.06666666666666667, "iii": 0.0, "#v": 0.0, "VI": 0.6368421052631579, "VII": 0.0, "#VI": 0.0017543859649122807, "II": 0.0, "#V": 0.0}, "C": {"#vi": 0.0004993342210386152, "#I": 0.0, "ii": 0.06341544607190412, "V": 0.007490013315579228, "#ii": 0.001054150022192632, "#II": 0.0, "#iv": 0.020417221482467822, "iv": 0.024522858411007546, "III": 0.0, "I": 0.5162006213936973, "vii": 0.005881047492232579, "#IV": 0.0, "vi": 0.15401686640035508, "i": 0.03567465601420328, "#i": 0.0, "v": 0.002330226364846871, "IV": 0.13559698180204172, "iii": 0.0, "#v": 0.00011096316023080337, "VI": 0.0, "VII": 0.0, "#VI": 0.0006102973812694186, "II": 0.032123834886817575, "#V": 5.5481580115401686e-05}, "F#": {"#vi": 0.0, "#I": 0.0, "ii": 0.0005899705014749262, "V": 0.02654867256637168, "#ii": 0.01710914454277286, "#II": 0.0, "#iv": 0.18938053097345134, "iv": 0.0, "III": 0.0, "I": 0.007669616519174041, "vii": 0.06135693215339233, "#IV": 0.0, "vi": 0.0, "i": 0.0, "#i": 0.0005899705014749262, "v": 0.004129793510324484, "IV": 0.0005899705014749262, "iii": 0.023008849557522124, "#v": 0.0005899705014749262, "VI": 0.0, "VII": 0.025958702064896755, "#VI": 0.005309734513274336, "II": 0.6371681415929203, "#V": 0.0}}