{"F": {"#vi": 0.020798201236649803, "#I": 0.005171444631815627, "ii": 0.1879707700955593, "V": 0.09173693086003373, "#ii": 0.0, "#II": 0.0, "#iv": 0.0, "iv": 0.24620573355817876, "III": 0.02147273749297358, "I": 0.00022484541877459247, "vii": 0.0, "#IV": 0.0, "vi": 0.0, "i": 0.07937043282743114, "#i": 0.0, "v": 0.03912310286677909, "IV": 0.09893198426082069, "iii": 0.017762788083192805, "#v": 0.0, "VI": 0.0, "VII": 0.0, "#VI": 0.1912310286677909, "II": 0.0, "#V": 0.0}, "B": {"#vi": 0.0, "#I": 0.0, "ii": 0.000335795836131632, "V": 0.7622565480188046, "#ii": 0.0, "#II": 0.0, "#iv": 0.0, "iv": 0.007051712558764272, "III": 0.04365345869711216, "I": 0.000335795836131632, "vii": 0.0, "#IV": 0.0, "vi": 0.0, "i": 0.18132975151108127, "#i": 0.0, "v": 0.0, "IV": 0.000335795836131632, "iii": 0.000671591672263264, "#v": 0.0020147750167897917, "VI": 0.0, "VII": 0.000335795836131632, "#VI": 0.0, "II": 0.0, "#V": 0.0016789791806581598}, "G#": {"#vi": 0.004750593824228029, "#I": 0.005398402072986396, "ii": 0.20837832001727488, "V": 0.004318721658389117, "#ii": 0.0, "#II": 0.0, "#iv": 0.0008637443316778234, "iv": 0.36018138630965235, "III": 0.010580868063053337, "I": 0.0, "vii": 0.0, "#IV": 0.0, "vi": 0.0, "i": 0.03973223925717988, "#i": 0.0008637443316778234, "v": 0.0056143381559058516, "IV": 0.0, "iii": 0.0004318721658389117, "#v": 0.01554739797020082, "VI": 0.0, "VII": 0.0, "#VI": 0.09328438782120492, "II": 0.0006478082487583676, "#V": 0.2494061757719715}, "D#": {"#vi": 0.03649488670543413, "#I": 0.0, "ii": 0.006115901343493082, "V": 0.0, "#ii": 0.0, "#II": 0.0, "#iv": 0.012332063364748345, "iv": 0.052737116502907556, "III": 0.31150992580709846, "I": 0.0, "vii": 0.0, "#IV": 0.0, "vi": 0.0, "i": 0.4258070984559856, "#i": 0.000300782033286545, "v": 0.0, "IV": 0.02857429316222178, "iii": 0.020352917585722878, "#v": 0.010126328453980349, "VI": 0.0, "VII": 0.00010026067776218167, "#VI": 0.004411469821535993, "II": 0.00010026067776218167, "#V": 0.09103669540806096}, "G": {"#vi": 0.018218918524996356, "#I": 7.287567409998542e-05, "ii": 0.01355487538259729, "V": 0.25287858912694944, "#ii": 0.0, "#II": 0.0, "#iv": 0.00021862702229995628, "iv": 0.031482291211193704, "III": 0.1945051741728611, "I": 0.03825972890249235, "vii": 0.0, "#IV": 0.0, "vi": 0.0, "i": 0.3179565660982364, "#i": 0.00043725404459991256, "v": 0.11062527328377787, "IV": 0.0016032648301996793, "iii": 0.0, "#v": 0.000510129718699898, "VI": 0.0003643783704999271, "VII": 0.0, "#VI": 0.0, "II": 0.00021862702229995628, "#V": 0.01909342661419618}, "A": {"#vi": 0.2229558151345861, "#I": 0.0, "ii": 0.07719654647028949, "V": 0.0025393600812595226, "#ii": 0.0, "#II": 0.0, "#iv": 0.101066531234129, "iv": 0.0005078720162519045, "III": 0.005078720162519045, "I": 0.0, "vii": 0.0, "#IV": 0.0, "vi": 0.0, "i": 0.002031488065007618, "#i": 0.0, "v": 0.04977145759268664, "IV": 0.3382427628237684, "iii": 0.0, "#v": 0.0, "VI": 0.0045708481462671405, "VII": 0.0, "#VI": 0.026409344845099034, "II": 0.16962925342813612, "#V": 0.0}, "E": {"#vi": 0.011976047904191617, "#I": 0.0, "ii": 0.004491017964071856, "V": 0.0, "#ii": 0.0, "#II": 0.0, "#iv": 0.0014970059880239522, "iv": 0.15868263473053892, "III": 0.0, "I": 0.7664670658682635, "vii": 0.0, "#IV": 0.0, "vi": 0.0, "i": 0.0, "#i": 0.005988023952095809, "v": 0.0, "IV": 0.0014970059880239522, "iii": 0.0, "#v": 0.0, "VI": 0.005988023952095809, "VII": 0.0, "#VI": 0.008982035928143712, "II": 0.0, "#V": 0.0344311377245509}, "A#": {"#vi": 0.02427114749389631, "#I": 0.0, "ii": 0.0001436162573603332, "V": 0.0, "#ii": 0.0, "#II": 0.0, "#iv": 0.0001436162573603332, "iv": 0.02714347264110297, "III": 0.29470056010340373, "I": 0.020824357317248313, "vii": 0.0, "#IV": 0.0, "vi": 0.0, "i": 0.0666379434151946, "#i": 0.0005744650294413328, "v": 0.1601321269567715, "IV": 0.0012925463162429987, "iii": 0.0376274594284073, "#v": 0.010196754272583656, "VI": 0.0, "VII": 0.0, "#VI": 0.34683326152520466, "II": 0.0, "#V": 0.009478672985781991}, "D": {"#vi": 0.003468725523106188, "#I": 0.0, "ii": 0.16627503636567081, "V": 0.2618328298086606, "#ii": 0.0, "#II": 0.0, "#iv": 0.0, "iv": 0.0017903099474096452, "III": 0.03793219201074186, "I": 0.00022378874342620565, "vii": 0.0, "#IV": 0.0, "vi": 0.0, "i": 0.1464697325724516, "#i": 0.0, "v": 0.11748909029875797, "IV": 0.0, "iii": 0.0017903099474096452, "#v": 0.0, "VI": 0.0, "VII": 0.0, "#VI": 0.20029092536645407, "II": 0.05728991831710865, "#V": 0.00514714109880273}, "C#": {"#vi": 0.20276497695852536, "#I": 0.15668202764976957, "ii": 0.0, "V": 0.0, "#ii": 0.0, "#II": 0.0, "#iv": 0.0, "iv": 0.16129032258064516, "III": 0.21658986175115208, "I": 0.009216589861751152, "vii": 0.0, "#IV": 0.0, "vi": 0.0, "i": 0.009216589861751152, "#i": 0.03225806451612903, "v": 0.16129032258064516, "IV": 0.0, "iii": 0.004608294930875576, "#v": 0.0, "VI": 0.027649769585253458, "VII": 0.0, "#VI": 0.0, "II": 0.0, "#V": 0.018433179723502304}, "C": {"#vi": 0.04656549520766773, "#I": 0.0006389776357827476, "ii": 0.0665335463258786, "V": 0.0023961661341853034, "#ii": 0.0, "#II": 0.0, "#iv": 0.017172523961661343, "iv": 0.1518370607028754, "III": 0.0, "I": 0.06469648562300319, "vii": 0.0, "#IV": 0.0, "vi": 0.0, "i": 0.4663738019169329, "#i": 0.0, "v": 0.006869009584664537, "IV": 0.053833865814696485, "iii": 0.0, "#v": 0.0, "VI": 0.0, "VII": 0.0, "#VI": 0.0034345047923322685, "II": 0.015335463258785943, "#V": 0.10431309904153355}, "F#": {"#vi": 0.013468013468013467, "#I": 0.0, "ii": 0.0, "V": 0.0, "#ii": 0.0, "#II": 0.0, "#iv": 0.3114478114478115, "iv": 0.0, "III": 0.003367003367003367, "I": 0.0, "vii": 0.0, "#IV": 0.0, "vi": 0.0, "i": 0.013468013468013467, "#i": 0.0, "v": 0.006734006734006734, "IV": 0.003367003367003367, "iii": 0.005050505050505051, "#v": 0.0, "VI": 0.0, "VII": 0.0016835016835016834, "#VI": 0.037037037037037035, "II": 0.5959595959595959, "#V": 0.008417508417508417}}