{"F#": 0.06748961698200277, "A": 0.13509460083064145, "E": 0.11811644362405783, "G": 0.11963544070143055, "F": 0.07073911705891402, "B": 0.09188970927549608, "C": 0.09969620058452545, "A#": 0.054510844485463776, "D#": 0.03205276111367482, "C#": 0.0405706814336256, "G#": 0.02774573142593447, "D": 0.1424588524842332}