{"A": {"A": 0.027864995302299064, "C": 0.0025536220478763983, "B": 0.025239100932312956, "E": 0.005059062547679657, "D": 0.014261738229649318, "G": 0.033775265199270856, "F": 0.003388768881144151, "C#": 0.001043933541584691, "A#": 0.011507359731468172, "D#": 0.00026499851440226776, "F#": 0.003894675135912117, "G#": 0.01056781954404195}, "C": {"A": 0.004930578419484618, "C": 0.018493684202073413, "B": 0.020669884123376885, "E": 0.0020477157931084325, "D": 0.023343960041436133, "G": 0.004207855198387524, "F": 0.006560720795959174, "C#": 0.00118044792779192, "A#": 0.012904624625589221, "D#": 0.0005701483188654852, "F#": 0.0006022693509142448, "G#": 0.0005380272868167254}, "B": {"A": 0.02734302853150672, "C": 0.01773080969091537, "B": 0.013370379590296235, "E": 0.00827116575255563, "D": 0.002947104690473705, "G": 0.003983007974046206, "F": 0.0001525749022316087, "C#": 0.012262203984614025, "A#": 0.002914983658424945, "D#": 0.0002730287724144577, "F#": 0.00233680508154727, "G#": 0.0013089320559869588}, "E": {"A": 0.011531450505504743, "C": 0.003966947458021826, "B": 0.0036939186856073686, "E": 0.01995519116029198, "D": 0.03305254197817376, "G": 0.002682106176071437, "F": 0.013498863718491275, "C#": 0.0020637763091328125, "A#": 0.000232877482353508, "D#": 0.004585277324960451, "F#": 0.02001140296637731, "G#": 0.0006343903829630046}, "D": {"A": 0.007917834400019273, "C": 0.027881055818323442, "B": 0.005187546675874696, "E": 0.028539536975323018, "D": 0.033582539006978294, "G": 0.013868255587052012, "F": 0.0019433224389499635, "C#": 0.017048237759879226, "A#": 0.002593773337937348, "D#": 0.0071790506628977985, "F#": 0.002441198435705739, "G#": 0.00039348264259730665}, "G": {"A": 0.027286816725421388, "C": 0.0094114623902866, "B": 0.0022324117273888012, "E": 0.005010880999606517, "D": 0.006697235182166403, "G": 0.025455917898642082, "F": 0.018991560198829187, "C#": 0.000473785222719206, "A#": 0.0012848412819503891, "D#": 0.0011001453476700207, "F#": 0.023183354881192334, "G#": 0.0020958973411815724}, "F": {"A": 0.002007564503047483, "C": 0.0028908928843883754, "B": 0.000465754964707016, "E": 0.017120510081988935, "D": 0.0030193770125834145, "G": 0.013771892490905734, "F": 0.01295280617366236, "C#": 0.0005460575448289153, "A#": 0.004400581390680083, "D#": 0.006865870600422392, "F#": 0.002087867083169382, "G#": 0.0001525749022316087}, "C#": {"A": 0.003292405784997872, "C": 0.0009796914774871717, "B": 0.011346754571224374, "E": 0.001059994057609071, "D": 0.016068546282392054, "G": 0.00014454464421941878, "F": 8.030258012189932e-05, "C#": 0.004095431586216865, "A#": 0.00036939186856073684, "D#": 0.0020958973411815724, "F#": 0.002682106176071437, "G#": 0.00026499851440226776}, "A#": {"A": 0.014309919777722458, "C": 0.010391153867773771, "B": 0.0037340699756683183, "E": 0.0002971195464510275, "D": 0.0013169623139991488, "G": 0.0020557460511206227, "F": 0.0017265054726208354, "C#": 0.0002810590304266476, "A#": 0.007299504533080648, "D#": 0.0021681696632912814, "F#": 0.0011162058636944006, "G#": 0.0020477157931084325}, "D#": {"A": 0.0003613616105485469, "C": 0.0011965084438162999, "B": 0.0013089320559869588, "E": 0.005452545190276964, "D": 0.008736920717262646, "G": 0.0007307534791092838, "F": 0.004802094291289579, "C#": 0.001405295152133238, "A#": 0.0007949955432068033, "D#": 0.002577712821912968, "F#": 0.0001766656762681785, "G#": 0.0007227232210970939}, "F#": {"A": 0.0020396855350962428, "C": 0.0001766656762681785, "B": 0.005677392414618281, "E": 0.020549430253194036, "D": 0.005219667707923456, "G": 0.019513526969621536, "F": 0.0015578700543648467, "C#": 0.00117241766977973, "A#": 0.0002971195464510275, "D#": 0.0005059062547679657, "F#": 0.01059191031807852, "G#": 0.006287692023544717}, "G#": {"A": 0.01038312360976158, "C": 0.0001525749022316087, "B": 0.00036939186856073684, "E": 0.002561652305888588, "D": 0.00012045387018284898, "G": 0.002963165206498085, "F": 0.00040151290060949657, "C#": 0.0011001453476700207, "A#": 0.0019272619229255836, "D#": 0.00018469593428036842, "F#": 0.00465754964707016, "G#": 0.0017425659886452151}}