{"A": {"A": 0.08014608907375469, "G": 0.045247032565689356, "B": 0.02150755808055189, "G#": 0.00020290149132596124, "A#": 0.004159480572182205, "F": 0.1283351932636705, "D#": 0.022116262554529777, "C#": 0.019072740184640356, "E": 0.13462513949477528, "F#": 0.0319569848838389, "C": 0.3495992695546312, "D": 0.16303134828040985}, "G": {"A": 0.021568854419878845, "G": 0.10803719566307829, "B": 0.15186942933209863, "G#": 0.005479029208627542, "A#": 0.06316317475016399, "F": 0.05046880425975229, "D#": 0.06270015819732222, "C#": 0.004012810124628622, "E": 0.09086699849519621, "F#": 0.001080371956630783, "C": 0.26063973453717637, "D": 0.18011343905544624}, "B": {"A": 0.019295759293578983, "G": 0.300883026272757, "B": 0.015480213670554889, "G#": 0.017006431919764527, "A#": 0.0, "F": 0.09855009266325085, "D#": 0.00992041861986264, "C#": 0.00021803117845851957, "E": 0.07173225771285294, "F#": 0.008285184781423744, "C": 0.03314073912569498, "D": 0.42548784476180096}, "G#": {"A": 0.0013617793917385383, "G": 0.020426690876078075, "B": 0.06854289605083977, "G#": 0.03631411711302769, "A#": 0.030186109850204267, "F": 0.147526100771675, "D#": 0.12641852019972766, "C#": 0.0013617793917385383, "E": 0.04380390376758965, "F#": 0.0013617793917385383, "C": 0.33704039945528824, "D": 0.18565592374035406}, "A#": {"A": 0.006212144742972511, "G": 0.19412952321789098, "B": 0.0, "G#": 0.03059481285913962, "A#": 0.07019723559558938, "F": 0.18170523373194594, "D#": 0.19304239788787078, "C#": 0.00838639540301289, "E": 0.03494331417922038, "F#": 0.00015530361857431278, "C": 0.05684112439819848, "D": 0.22379251436558473}, "F": {"A": 0.17143996808934983, "G": 0.09381731152772238, "B": 0.11798962903869166, "G#": 0.09174311926605505, "A#": 0.07953729557239729, "F": 0.07028320702034303, "D#": 0.02512963701635421, "C#": 0.00295173514160351, "E": 0.013641802951735142, "F#": 0.0, "C": 0.19960111687275628, "D": 0.13386517750299162}, "D#": {"A": 0.04260218767990789, "G": 0.38341968911917096, "B": 0.008347725964306276, "G#": 0.05872193436960276, "A#": 0.16681059297639608, "F": 0.04778353483016695, "D#": 0.06001727115716753, "C#": 0.0031663788140472078, "E": 0.0002878526194588371, "F#": 0.0069084628670120895, "C": 0.20451928612550374, "D": 0.017415083477259643}, "C#": {"A": 0.17510259917920656, "G": 0.2243502051983584, "B": 0.0027359781121751026, "G#": 0.016415868673050615, "A#": 0.09575923392612859, "F": 0.09849521203830369, "D#": 0.015047879616963064, "C#": 0.005471956224350205, "E": 0.3433652530779754, "F#": 0.006839945280437756, "C": 0.005471956224350205, "D": 0.01094391244870041}, "E": {"A": 0.11620158267388588, "G": 0.3763015410245731, "B": 0.07778009162848813, "G#": 0.017076218242399, "A#": 0.018221574344023325, "F": 0.019471053727613496, "D#": 0.0, "C#": 0.008746355685131196, "E": 0.05424822990420658, "F#": 0.0032278217409412746, "C": 0.2747813411078717, "D": 0.033944189920866306}, "F#": {"A": 0.40536437246963564, "G": 0.025303643724696356, "B": 0.044534412955465584, "G#": 0.0005060728744939271, "A#": 0.00860323886639676, "F": 0.0010121457489878543, "D#": 0.03694331983805668, "C#": 0.0005060728744939271, "E": 0.025809716599190284, "F#": 0.0075910931174089065, "C": 0.19483805668016194, "D": 0.24898785425101214}, "C": {"A": 0.08085015940488842, "G": 0.25219978746014876, "B": 0.005951115834218916, "G#": 0.024697130712008502, "A#": 0.012582359192348565, "F": 0.11846971307120086, "D#": 0.12858660998937302, "C#": 0.0001700318809776833, "E": 0.2018278427205101, "F#": 0.016663124335812966, "C": 0.09253985122210415, "D": 0.06546227417640808}, "D": {"A": 0.10627856950793224, "G": 0.25752890561979025, "B": 0.11199247109438021, "G#": 0.02265393923097607, "A#": 0.05518956708792686, "F": 0.22781661737026082, "D#": 0.014990588867975262, "C#": 6.722237160527024e-05, "E": 0.024805055122344717, "F#": 0.046652325894057545, "C": 0.0648023662274805, "D": 0.06722237160527024}}