{"A": {"A": 0.009893934371892609, "G": 0.026466688763672523, "B": 0.017807424593967516, "G#": 0.00191415313225058, "A#": 0.005982764335432549, "F": 0.0027179317202519057, "D#": 4.143188597944978e-05, "C#": 9.943652635067949e-05, "E": 0.0029499502817368246, "F#": 0.0006546237984753066, "C": 0.0017401392111368909, "D": 0.005303281405369572}, "G": {"A": 0.023856479946967185, "G": 0.05507954922108054, "B": 0.0024610540271793172, "G#": 0.01155949618826649, "A#": 0.0023367583692409676, "F": 0.04246768312893603, "D#": 0.0037537288697381504, "C#": 0.00012429565793834935, "E": 0.006852833941000994, "F#": 0.007184289028836593, "C": 0.02928405701027511, "D": 0.006355651309247597}, "B": {"A": 0.014559164733178654, "G": 0.008874709976798144, "B": 0.004433211799801127, "G#": 0.00018230029830957906, "A#": 0.0005220417633410673, "F": 0.00018230029830957906, "D#": 0.0002651640702684786, "C#": 0.0008037785880013258, "E": 0.0024693404043752074, "F#": 7.457739476300961e-05, "C": 0.03452933377527345, "D": 0.0014086841233012927}, "G#": {"A": 0.003140536957242294, "G": 0.016199867417964867, "B": 0.00015744116672190917, "G#": 0.0016407026847862114, "A#": 0.005228704010606563, "F": 0.0018561484918793504, "D#": 0.0006049055352999669, "C#": 0.00014086841233012926, "E": 0.0006794829300629764, "F#": 0.00014915478952601922, "C": 0.00033145508783559825, "D": 0.0007457739476300962}, "A#": {"A": 0.008501823002983095, "G": 0.002154458070931389, "B": 0.0008286377195889957, "G#": 0.00970334769638714, "A#": 0.00939675174013921, "F": 0.0011020881670533642, "D#": 0.005120981107059993, "C#": 6.629101756711965e-05, "E": 0.00012429565793834935, "F#": 0.00014086841233012926, "C": 0.010001657275439177, "D": 0.0006049055352999669}, "F": {"A": 0.000961219754723235, "G": 0.035159098442161085, "B": 0.0007954922108054359, "G#": 0.00047232350016572754, "A#": 0.003654292343387471, "F": 0.009736493205170699, "D#": 0.018321179980112696, "C#": 7.457739476300961e-05, "E": 0.028455419290686113, "F#": 0.0008452104739807756, "C": 0.003720583360954591, "D": 0.00574245939675174}, "D#": {"A": 0.0004060324825986079, "G": 0.002900232018561485, "B": 0.0005717600265164071, "G#": 0.002759363606231356, "A#": 0.00192243950944647, "F": 0.014691746768312893, "D#": 0.011037454424925423, "C#": 0.0006463374212794166, "E": 0.0008037785880013258, "F#": 3.314550878355983e-05, "C": 0.0032068279748094135, "D": 0.022663241630759032}, "C#": {"A": 0.00041431885979449786, "G": 2.4859131587669872e-05, "B": 0.00012429565793834935, "G#": 0.0, "A#": 2.4859131587669872e-05, "F": 0.0, "D#": 0.00019058667550546902, "C#": 0.00021544580709313888, "E": 9.115014915478953e-05, "F#": 8.286377195889957e-06, "C": 0.0013009612197547233, "D": 0.0025853496851176664}, "E": {"A": 0.006231355651309248, "G": 0.004590652966523036, "B": 0.0008949287371561154, "G#": 9.115014915478953e-05, "A#": 1.6572754391779913e-05, "F": 0.02308584686774942, "D#": 0.0003563142194232682, "C#": 0.00024030493868080875, "E": 0.012429565793834935, "F#": 0.003936029168047729, "C": 0.006363937686443487, "D": 0.027635067948293006}, "F#": {"A": 0.00014086841233012926, "G": 0.008775273450447464, "B": 0.0004060324825986079, "G#": 0.0005303281405369572, "A#": 5.80046403712297e-05, "F": 0.00018230029830957906, "D#": 2.4859131587669872e-05, "C#": 8.286377195889957e-06, "E": 0.001541266158435532, "F#": 0.0002320185614849188, "C": 6.629101756711965e-05, "D": 0.002096453430560159}, "C": {"A": 0.005170699370235333, "G": 0.016937354988399073, "B": 0.03680808750414319, "G#": 0.001723566456745111, "A#": 0.016655618163738815, "F": 0.010076234670202187, "D#": 0.002378190255220418, "C#": 0.0009197878687437852, "E": 0.004491216440172357, "F#": 0.0005220417633410673, "C": 0.04610540271793172, "D": 0.03892940006629102}, "D": {"A": 0.002179317202519059, "G": 0.014144845873384156, "B": 0.003065959562479284, "G#": 0.00027345044746436857, "A#": 0.0018810076234670203, "F": 0.001756711965528671, "D#": 0.018362611866092143, "C#": 0.0016655618163738813, "E": 0.026118660921445144, "F#": 0.0002817368246602585, "C": 0.04434869075240305, "D": 0.01689592310241962}}