{"E": {"E": 0.01995519116029198, "A": 0.011531450505504743, "F": 0.013498863718491275, "D#": 0.004585277324960451, "B": 0.0036939186856073686, "A#": 0.000232877482353508, "F#": 0.02001140296637731, "D": 0.03305254197817376, "G": 0.002682106176071437, "C#": 0.0020637763091328125, "C": 0.003966947458021826, "G#": 0.0006343903829630046}, "A": {"E": 0.005059062547679657, "A": 0.027864995302299064, "F": 0.003388768881144151, "D#": 0.00026499851440226776, "B": 0.025239100932312956, "A#": 0.011507359731468172, "F#": 0.003894675135912117, "D": 0.014261738229649318, "G": 0.033775265199270856, "C#": 0.001043933541584691, "C": 0.0025536220478763983, "G#": 0.01056781954404195}, "F": {"E": 0.017120510081988935, "A": 0.002007564503047483, "F": 0.01295280617366236, "D#": 0.006865870600422392, "B": 0.000465754964707016, "A#": 0.004400581390680083, "F#": 0.002087867083169382, "D": 0.0030193770125834145, "G": 0.013771892490905734, "C#": 0.0005460575448289153, "C": 0.0028908928843883754, "G#": 0.0001525749022316087}, "D#": {"E": 0.005452545190276964, "A": 0.0003613616105485469, "F": 0.004802094291289579, "D#": 0.002577712821912968, "B": 0.0013089320559869588, "A#": 0.0007949955432068033, "F#": 0.0001766656762681785, "D": 0.008736920717262646, "G": 0.0007307534791092838, "C#": 0.001405295152133238, "C": 0.0011965084438162999, "G#": 0.0007227232210970939}, "B": {"E": 0.00827116575255563, "A": 0.02734302853150672, "F": 0.0001525749022316087, "D#": 0.0002730287724144577, "B": 0.013370379590296235, "A#": 0.002914983658424945, "F#": 0.00233680508154727, "D": 0.002947104690473705, "G": 0.003983007974046206, "C#": 0.012262203984614025, "C": 0.01773080969091537, "G#": 0.0013089320559869588}, "A#": {"E": 0.0002971195464510275, "A": 0.014309919777722458, "F": 0.0017265054726208354, "D#": 0.0021681696632912814, "B": 0.0037340699756683183, "A#": 0.007299504533080648, "F#": 0.0011162058636944006, "D": 0.0013169623139991488, "G": 0.0020557460511206227, "C#": 0.0002810590304266476, "C": 0.010391153867773771, "G#": 0.0020477157931084325}, "F#": {"E": 0.020549430253194036, "A": 0.0020396855350962428, "F": 0.0015578700543648467, "D#": 0.0005059062547679657, "B": 0.005677392414618281, "A#": 0.0002971195464510275, "F#": 0.01059191031807852, "D": 0.005219667707923456, "G": 0.019513526969621536, "C#": 0.00117241766977973, "C": 0.0001766656762681785, "G#": 0.006287692023544717}, "D": {"E": 0.028539536975323018, "A": 0.007917834400019273, "F": 0.0019433224389499635, "D#": 0.0071790506628977985, "B": 0.005187546675874696, "A#": 0.002593773337937348, "F#": 0.002441198435705739, "D": 0.033582539006978294, "G": 0.013868255587052012, "C#": 0.017048237759879226, "C": 0.027881055818323442, "G#": 0.00039348264259730665}, "G": {"E": 0.005010880999606517, "A": 0.027286816725421388, "F": 0.018991560198829187, "D#": 0.0011001453476700207, "B": 0.0022324117273888012, "A#": 0.0012848412819503891, "F#": 0.023183354881192334, "D": 0.006697235182166403, "G": 0.025455917898642082, "C#": 0.000473785222719206, "C": 0.0094114623902866, "G#": 0.0020958973411815724}, "C#": {"E": 0.001059994057609071, "A": 0.003292405784997872, "F": 8.030258012189932e-05, "D#": 0.0020958973411815724, "B": 0.011346754571224374, "A#": 0.00036939186856073684, "F#": 0.002682106176071437, "D": 0.016068546282392054, "G": 0.00014454464421941878, "C#": 0.004095431586216865, "C": 0.0009796914774871717, "G#": 0.00026499851440226776}, "C": {"E": 0.0020477157931084325, "A": 0.004930578419484618, "F": 0.006560720795959174, "D#": 0.0005701483188654852, "B": 0.020669884123376885, "A#": 0.012904624625589221, "F#": 0.0006022693509142448, "D": 0.023343960041436133, "G": 0.004207855198387524, "C#": 0.00118044792779192, "C": 0.018493684202073413, "G#": 0.0005380272868167254}, "G#": {"E": 0.002561652305888588, "A": 0.01038312360976158, "F": 0.00040151290060949657, "D#": 0.00018469593428036842, "B": 0.00036939186856073684, "A#": 0.0019272619229255836, "F#": 0.00465754964707016, "D": 0.00012045387018284898, "G": 0.002963165206498085, "C#": 0.0011001453476700207, "C": 0.0001525749022316087, "G#": 0.0017425659886452151}}