{"F": {"F": 0.13563659628918745, "B": 0.026071657069737682, "G#": 0.12044145873320537, "D#": 0.07549584133077415, "G": 0.07437619961612284, "A": 0.027511196417146513, "E": 0.0003198976327575176, "A#": 0.08749200255918106, "D": 0.28598848368522073, "C#": 0.0004798464491362764, "C": 0.1661868202175304, "F#": 0.0}, "B": {"F": 0.14241486068111456, "B": 0.0015479876160990713, "G#": 0.008513931888544891, "D#": 0.0348297213622291, "G": 0.22445820433436534, "A": 0.0011609907120743034, "E": 0.0, "A#": 0.0, "D": 0.5623065015479877, "C#": 0.0, "C": 0.023606811145510834, "F#": 0.0011609907120743034}, "G#": {"F": 0.323024948024948, "B": 0.010654885654885655, "G#": 0.028326403326403328, "D#": 0.12318087318087319, "G": 0.03170478170478171, "A": 0.0, "E": 0.0012993762993762994, "A#": 0.029625779625779627, "D": 0.170997920997921, "C#": 0.0007796257796257797, "C": 0.28040540540540543, "F#": 0.0}, "D#": {"F": 0.06930983847283406, "B": 0.0041116005873715125, "G#": 0.0381791483113069, "D#": 0.1277533039647577, "G": 0.35051395007342145, "A": 0.027019089574155653, "E": 0.0, "A#": 0.08693098384728341, "D": 0.02158590308370044, "C#": 0.0005873715124816446, "C": 0.2725403817914831, "F#": 0.0014684287812041115}, "G": {"F": 0.04094503012048193, "B": 0.050451807228915665, "G#": 0.011389307228915662, "D#": 0.24548192771084337, "G": 0.0938441265060241, "A": 0.012330572289156627, "E": 0.005365210843373494, "A#": 0.10513930722891567, "D": 0.2542356927710843, "C#": 0.0006588855421686747, "C": 0.1800640060240964, "F#": 9.412650602409639e-05}, "A": {"F": 0.20476190476190476, "B": 0.0013605442176870747, "G#": 0.0, "D#": 0.15782312925170067, "G": 0.058503401360544216, "A": 0.053061224489795916, "E": 0.0006802721088435374, "A#": 0.02108843537414966, "D": 0.13401360544217686, "C#": 0.0, "C": 0.33537414965986395, "F#": 0.03333333333333333}, "E": {"F": 0.0, "B": 0.0016366612111292963, "G#": 0.02127659574468085, "D#": 0.0, "G": 0.29623567921440264, "A": 0.01309328968903437, "E": 0.0016366612111292963, "A#": 0.1309328968903437, "D": 0.029459901800327332, "C#": 0.006546644844517185, "C": 0.49918166939443537, "F#": 0.0}, "A#": {"F": 0.2269642857142857, "B": 0.0, "G#": 0.037321428571428575, "D#": 0.17232142857142857, "G": 0.25660714285714287, "A": 0.005, "E": 0.005357142857142857, "A#": 0.08053571428571428, "D": 0.1682142857142857, "C#": 0.0010714285714285715, "C": 0.04642857142857143, "F#": 0.00017857142857142857}, "D": {"F": 0.2579750346740638, "B": 0.0651872399445215, "G#": 0.040915395284327326, "D#": 0.05790568654646325, "G": 0.18914701803051318, "A": 0.05495839112343967, "E": 0.0, "A#": 0.1435506241331484, "D": 0.10176837725381414, "C#": 0.0, "C": 0.07420249653259361, "F#": 0.014389736477115118}, "C#": {"F": 0.17475728155339806, "B": 0.0, "G#": 0.07766990291262135, "D#": 0.06796116504854369, "G": 0.2621359223300971, "A": 0.014563106796116505, "E": 0.014563106796116505, "A#": 0.35436893203883496, "D": 0.0, "C#": 0.0048543689320388345, "C": 0.02912621359223301, "F#": 0.0}, "C": {"F": 0.14200298953662183, "B": 0.0007473841554559044, "G#": 0.059683963271407216, "D#": 0.3270339525944907, "G": 0.16325005338458254, "A": 0.039077514413837285, "E": 0.00661968823403801, "A#": 0.017616912235746317, "D": 0.08125133461456331, "C#": 0.000533845825325646, "C": 0.1587657484518471, "F#": 0.003416613282084134}, "F#": {"F": 0.0, "B": 0.0018796992481203006, "G#": 0.0018796992481203006, "D#": 0.12781954887218044, "G": 0.0037593984962406013, "A": 0.34210526315789475, "E": 0.0, "A#": 0.03007518796992481, "D": 0.18796992481203006, "C#": 0.0, "C": 0.30451127819548873, "F#": 0.0}}