{"F#": {"F#": 0.010411123391597419, "A": 0.002633482063667499, "E": 0.023674048603435808, "G": 0.019989902711258476, "F": 0.0010370188437239893, "B": 0.0054852838839084695, "C": 0.00023196474135931338, "A#": 0.00010915987828673571, "D#": 0.0005594443762195205, "C#": 0.0013372085090125124, "G#": 0.006645107590705036, "D": 0.006126598168843042}, "A": {"F#": 0.005007709416404001, "A": 0.030401026102855895, "E": 0.0045847148880429, "G": 0.032911703303450814, "F": 0.003083766561600284, "B": 0.02711258476946798, "C": 0.002251422489663924, "A#": 0.009892613969735424, "D#": 0.00020467477178762945, "C#": 0.0013917884481558804, "G#": 0.010192803635023947, "D": 0.015391542838429735}, "E": {"F#": 0.022418710003138345, "A": 0.010929632813459413, "E": 0.019280363502394694, "G": 0.0028790917898126544, "F": 0.011420852265749723, "B": 0.003738725831320698, "C": 0.0038615306943932757, "A#": 0.0001910297870017875, "D#": 0.004079850450966747, "C#": 0.0024697422462373955, "G#": 0.0006140243153628884, "D": 0.03273431850123487}, "G": {"F#": 0.024056108177439382, "A": 0.027849413947903447, "E": 0.005580798777409363, "G": 0.027617449206544135, "F": 0.016578656514797986, "B": 0.0028654468050268124, "C": 0.0095924243044469, "A#": 0.0009278589654372535, "D#": 0.0008050541023646759, "C#": 0.00036841458921773305, "G#": 0.001896652885232033, "D": 0.007641191480071499}, "F": {"F#": 0.0015282382960143, "A": 0.0022241325200922403, "E": 0.013658629770627807, "G": 0.01292180059219234, "F": 0.014204429162061485, "B": 0.00023196474135931338, "C": 0.003697790876963172, "A#": 0.0048439695989738974, "D#": 0.006003793305770464, "C#": 0.0002728996957168393, "G#": 9.551489350089375e-05, "D": 0.0028518018202409704}, "B": {"F#": 0.0020740376874479787, "A": 0.028736337958983175, "E": 0.00792773616057418, "G": 0.004557424918471216, "F": 0.00021831975657347143, "B": 0.013795079618486226, "C": 0.016756041317013932, "A#": 0.0017602030373736134, "D#": 0.00023196474135931338, "C#": 0.013140120348765811, "G#": 0.0011871136763682507, "D": 0.003916110633536644}, "C": {"F#": 0.00042299452836110085, "A": 0.005034999385975685, "E": 0.0020740376874479787, "G": 0.004762099690258845, "F": 0.006945297255993559, "B": 0.019062043745821225, "C": 0.019771582954685004, "A#": 0.010697668072100099, "D#": 0.000382059574003575, "C#": 0.0008596340415080437, "G#": 0.00043663951314694286, "D": 0.022445999972710032}, "A#": {"F#": 0.0005048644370761527, "A": 0.011693751961466563, "E": 0.0003001896652885232, "G": 0.0016646881438727196, "F": 0.0020058127635187687, "B": 0.002551612154952447, "C": 0.00979709907623453, "A#": 0.0073546467995688185, "D#": 0.0022104875353063983, "C#": 0.00013644984785841964, "G#": 0.001869362915660349, "D": 0.0008732790262938857}, "D#": {"F#": 0.00016373981743010357, "A": 0.00023196474135931338, "E": 0.005239674157763314, "G": 0.0006413142849345723, "F": 0.004857614583759739, "B": 0.0010915987828673571, "C": 0.0009142139806514116, "A#": 0.0010097288741523053, "D#": 0.0027153519723825507, "C#": 0.0014190784177275642, "G#": 0.0006822492392920982, "D": 0.00667239756027672}, "C#": {"F#": 0.002606192094095815, "A": 0.003929755618322485, "E": 0.0012553386002974608, "G": 0.0001910297870017875, "F": 2.728996957168393e-05, "B": 0.01215768144418519, "C": 0.000750474163221308, "A#": 0.00010915987828673571, "D#": 0.0021831975657347143, "C#": 0.0042572352531826925, "G#": 0.00035476960443189104, "D": 0.016142017001651042}, "G#": {"F#": 0.005703603640481941, "A": 0.009333169593515904, "E": 0.0024151623070940275, "G": 0.0027289969571683927, "F": 0.00036841458921773305, "B": 0.0004093495435752589, "C": 4.093495435752589e-05, "A#": 0.0017602030373736134, "D#": 0.0001910297870017875, "C#": 0.001118888752439041, "G#": 0.0016919781134444034, "D": 0.00012280486307257767}, "D": {"F#": 0.0032202164094587036, "A": 0.009346814578301745, "E": 0.028654468050268125, "G": 0.015050418218783687, "F": 0.0017602030373736134, "B": 0.005867343457912045, "C": 0.025229576869021792, "A#": 0.002306002428807292, "D#": 0.0060720182296996736, "C#": 0.017138100891017506, "G#": 0.00024560972614515533, "D": 0.03786483278071145}}