{"F": 0.10649040818327396, "B": 0.06763292918069218, "G#": 0.030450341514428575, "D#": 0.06101506585182522, "G": 0.1922366744011242, "A": 0.07465113238994739, "E": 0.08768260400666689, "A#": 0.04715023366776692, "D": 0.12942416418837216, "C#": 0.0049348017909082, "C": 0.1844586424392954, "F#": 0.01387300238569888}