{"E": {"#ii": 0.0, "IV": 0.0014947683109118087, "vi": 0.0, "v": 0.0, "-II": 0.0, "III": 0.0, "#vi": 0.01195814648729447, "#i": 0.005979073243647235, "VI": 0.005979073243647235, "-VI": 0.0343796711509716, "VII": 0.0, "I": 0.7668161434977578, "iv": 0.008968609865470852, "II": 0.0, "-III": 0.0, "-vii": 0.0, "#iv": 0.0014947683109118087, "-iii": 0.0, "i": 0.0, "iii": 0.0, "#iii": 0.14947683109118087, "vii": 0.0, "-ii": 0.0, "ii": 0.004484304932735426, "#v": 0.0, "V": 0.0, "#vii": 0.0, "-VII": 0.008968609865470852, "-vi": 0.0, "-I": 0.0}, "A": {"#ii": 0.0, "IV": 0.3382130237253912, "vi": 0.0, "v": 0.049974760222110046, "-II": 0.0, "III": 0.005047955577990914, "#vi": 0.2221100454316002, "#i": 0.0, "VI": 0.004543160020191822, "-VI": 0.0, "VII": 0.0, "I": 0.0, "iv": 0.0, "II": 0.1696113074204947, "-III": 0.0, "-vii": 0.0020191822311963654, "#iv": 0.10045431600201918, "-iii": 0.0, "i": 0.0, "iii": 0.0, "#iii": 0.0005047955577990914, "vii": 0.0, "-ii": 0.0, "ii": 0.0767289247854619, "#v": 0.0, "V": 0.002523977788995457, "#vii": 0.0020191822311963654, "-VII": 0.02624936900555275, "-vi": 0.0, "-I": 0.0}, "F": {"#ii": 0.0, "IV": 0.09876819708846585, "vi": 0.0, "v": 0.03930571108622621, "-II": 0.005151175811870101, "III": 0.021388577827547592, "#vi": 0.0, "#i": 0.0, "VI": 0.0, "-VI": 0.0, "VII": 0.0, "I": 0.00022396416573348266, "iv": 0.24535274356103023, "II": 0.0, "-III": 0.0, "-vii": 0.020716685330347144, "#iv": 0.0, "-iii": 0.0, "i": 0.020156774916013438, "iii": 0.01769316909294513, "#iii": 0.0005599104143337066, "vii": 0.0, "-ii": 0.0, "ii": 0.1880179171332587, "#v": 0.0, "V": 0.09193729003359462, "#vii": 0.059574468085106386, "-VII": 0.19115341545352743, "-vi": 0.0, "-I": 0.0}, "D#": {"#ii": 0.0, "IV": 0.028420422816114878, "vi": 0.0, "v": 0.0, "-II": 0.0, "III": 0.3111288392500997, "#vi": 0.0362983645791783, "#i": 9.972078181092939e-05, "VI": 0.0, "-VI": 0.09114479457518947, "VII": 0.0, "I": 0.0, "iv": 0.052552852014359795, "II": 9.972078181092939e-05, "-III": 0.0, "-vii": 0.000498603909054647, "#iv": 0.012265656162744316, "-iii": 0.0, "i": 0.4242122058236937, "iii": 0.020243318707618668, "#iii": 0.0, "vii": 0.0, "-ii": 0.00019944156362185878, "ii": 0.006082967690466693, "#v": 0.0, "V": 0.0, "#vii": 0.0021938571998404467, "-VII": 0.0043877143996808934, "-vi": 0.01007179896290387, "-I": 9.972078181092939e-05}, "B": {"#ii": 0.0, "IV": 0.0003341129301703976, "vi": 0.0, "v": 0.0, "-II": 0.0, "III": 0.043434680922151685, "#vi": 0.0, "#i": 0.0, "VI": 0.0, "-VI": 0.001670564650851988, "VII": 0.0, "I": 0.0003341129301703976, "iv": 0.006348145673237555, "II": 0.0, "-III": 0.0, "-vii": 0.0, "#iv": 0.0, "-iii": 0.0, "i": 0.018710324089542266, "iii": 0.0006682258603407952, "#iii": 0.0006682258603407952, "vii": 0.0, "-ii": 0.0, "ii": 0.0003341129301703976, "#v": 0.0, "V": 0.7627798195790177, "#vii": 0.16237888406281323, "-VII": 0.0, "-vi": 0.0020046775810223854, "-I": 0.0003341129301703976}, "A#": {"#ii": 0.0, "IV": 0.0012875536480686696, "vi": 0.0, "v": 0.16080114449213162, "-II": 0.0, "III": 0.2947067238912732, "#vi": 0.0012875536480686696, "#i": 0.0005722460658082976, "VI": 0.0, "-VI": 0.00944206008583691, "VII": 0.0, "I": 0.02074391988555079, "iv": 0.013304721030042918, "II": 0.0, "-III": 0.0, "-vii": 0.022889842632331903, "#iv": 0.0001430615164520744, "-iii": 0.0, "i": 0.06638054363376251, "iii": 0.03748211731044349, "#iii": 0.013733905579399141, "vii": 0.0, "-ii": 0.0, "ii": 0.0001430615164520744, "#v": 0.0, "V": 0.0, "#vii": 0.0, "-VII": 0.3469241773962804, "-vi": 0.010157367668097281, "-I": 0.0}, "F#": {"#ii": 0.0, "IV": 0.003355704697986577, "vi": 0.0, "v": 0.006711409395973154, "-II": 0.0, "III": 0.003355704697986577, "#vi": 0.013422818791946308, "#i": 0.0, "VI": 0.0, "-VI": 0.008389261744966443, "VII": 0.0, "I": 0.0, "iv": 0.0, "II": 0.5973154362416108, "-III": 0.0, "-vii": 0.0, "#iv": 0.3104026845637584, "-iii": 0.0, "i": 0.0050335570469798654, "iii": 0.0050335570469798654, "#iii": 0.0, "vii": 0.0, "-ii": 0.0, "ii": 0.0, "#v": 0.0, "V": 0.0, "#vii": 0.008389261744966443, "-VII": 0.03691275167785235, "-vi": 0.0, "-I": 0.0016778523489932886}, "D": {"#ii": 0.0, "IV": 0.0, "vi": 0.0, "v": 0.11798753339269813, "-II": 0.0, "III": 0.03784505788067676, "#vi": 0.003561887800534283, "#i": 0.0, "VI": 0.0, "-VI": 0.005120213713268032, "VII": 0.0, "I": 0.0002226179875333927, "iv": 0.0, "II": 0.05732413178984862, "-III": 0.0, "-vii": 0.0, "#iv": 0.0, "-iii": 0.0, "i": 0.07435440783615316, "iii": 0.0017809439002671415, "#iii": 0.0017809439002671415, "vii": 0.0, "-ii": 0.0, "ii": 0.16618432769367764, "#v": 0.0, "V": 0.2619100623330365, "#vii": 0.07201691896705253, "-VII": 0.19991095280498664, "-vi": 0.0, "-I": 0.0}, "G": {"#ii": 0.0, "IV": 0.0015936254980079682, "vi": 0.0, "v": 0.11097428467946396, "-II": 7.243752263672582e-05, "III": 0.19391524809851504, "#vi": 0.018326693227091632, "#i": 0.00043462513582035497, "VI": 0.0003621876131836291, "-VI": 0.018978630930822166, "VII": 0.0, "I": 0.038102136906917786, "iv": 0.02151394422310757, "II": 0.00021731256791017748, "-III": 0.0, "-vii": 0.0, "#iv": 0.00021731256791017748, "-iii": 0.0, "i": 0.31850778703368343, "iii": 0.0, "#iii": 0.009779065555957986, "vii": 0.0, "-ii": 0.0, "ii": 0.013618254255704456, "#v": 0.0, "V": 0.25287939152480987, "#vii": 0.0, "-VII": 0.0, "-vi": 0.0005070626584570808, "-I": 0.0}, "C#": {"#ii": 0.0, "IV": 0.0, "vi": 0.0, "v": 0.16129032258064516, "-II": 0.15668202764976957, "III": 0.21658986175115208, "#vi": 0.0, "#i": 0.02304147465437788, "VI": 0.027649769585253458, "-VI": 0.018433179723502304, "VII": 0.0, "I": 0.009216589861751152, "iv": 0.0, "II": 0.0, "-III": 0.0, "-vii": 0.20276497695852536, "#iv": 0.0, "-iii": 0.0, "i": 0.009216589861751152, "iii": 0.004608294930875576, "#iii": 0.16129032258064516, "vii": 0.0, "-ii": 0.009216589861751152, "ii": 0.0, "#v": 0.0, "V": 0.0, "#vii": 0.0, "-VII": 0.0, "-vi": 0.0, "-I": 0.0}, "C": {"#ii": 0.0, "IV": 0.05368061621535774, "vi": 0.0, "v": 0.006988009211466688, "-II": 0.0006352735646787898, "III": 0.0, "#vi": 0.04129278170412134, "#i": 0.0, "VI": 0.0, "-VI": 0.10418486460732153, "VII": 0.0, "I": 0.06455967601048201, "iv": 0.15135392678472168, "II": 0.015325974747875804, "-III": 0.0, "-vii": 0.005479234495354562, "#iv": 0.017072977050742476, "-iii": 0.0, "i": 0.4650202493448741, "iii": 0.0, "#iii": 0.0, "vii": 0.0, "-ii": 0.0, "ii": 0.06670372429127293, "#v": 0.0, "V": 0.002382275867545462, "#vii": 0.0019058206940363695, "-VII": 0.0034145954101484953, "-vi": 0.0, "-I": 0.0}, "G#": {"#ii": 0.0, "IV": 0.0, "vi": 0.0, "v": 0.005590195656847989, "-II": 0.0053751881315846056, "III": 0.010535368737905827, "#vi": 0.0, "#i": 0.0, "VI": 0.0, "-VI": 0.2491937217802623, "VII": 0.0, "I": 0.0, "iv": 0.3594925822403784, "II": 0.0006450225757901526, "-III": 0.0, "-vii": 0.004730165555794453, "#iv": 0.0008600301010535369, "-iii": 0.0, "i": 0.0, "iii": 0.00043001505052676843, "#iii": 0.0006450225757901526, "vii": 0.0, "-ii": 0.0008600301010535369, "ii": 0.20855729950548269, "#v": 0.0, "V": 0.0043001505052676844, "#vii": 0.03999139969898947, "-VII": 0.09331326596430875, "-vi": 0.015480541818963663, "-I": 0.0}}