{"F": {"F": 0.11316250198949547, "B": 0.06939360178258794, "G#": 0.0001591596371160274, "D#": 0.0, "G": 0.09454082444692026, "A": 0.25099474773197517, "E": 0.06350469520929493, "A#": 0.00668470475887315, "D": 0.273277096928219, "C#": 0.0004774789113480821, "C": 0.12780518860416998, "F#": 0.0}, "B": {"F": 0.10547882835028077, "B": 0.04553042950371832, "G#": 0.0037942024586431933, "D#": 0.0007588404917286386, "G": 0.27500379420245863, "A": 0.02868417058734254, "E": 0.11352253756260434, "A#": 0.0, "D": 0.37957201396266504, "C#": 0.00015176809834572774, "C": 0.041736227045075125, "F#": 0.005767187737137654}, "G#": {"F": 0.05197132616487455, "B": 0.3046594982078853, "G#": 0.0, "D#": 0.0, "G": 0.0, "A": 0.007168458781362007, "E": 0.4175627240143369, "A#": 0.0, "D": 0.1989247311827957, "C#": 0.0, "C": 0.01971326164874552, "F#": 0.0}, "D#": {"F": 0.014492753623188406, "B": 0.1956521739130435, "G#": 0.0, "D#": 0.0, "G": 0.09420289855072464, "A": 0.2826086956521739, "E": 0.0, "A#": 0.043478260869565216, "D": 0.021739130434782608, "C#": 0.0, "C": 0.26811594202898553, "F#": 0.07971014492753623}, "G": {"F": 0.0633623226312692, "B": 0.1078271104426862, "G#": 0.0, "D#": 0.0, "G": 0.14948015431896947, "A": 0.04047603478715752, "E": 0.20734976786765186, "A#": 0.007062054534754463, "D": 0.2591381677891846, "C#": 0.001307787876806382, "C": 0.16268881187471393, "F#": 0.001307787876806382}, "A": {"F": 0.21378323596041493, "B": 0.024919518302134257, "G#": 0.0, "D#": 0.0002384642899725766, "G": 0.05556217956361035, "A": 0.08501251937522356, "E": 0.1671634672707762, "A#": 0.0021461786097531897, "D": 0.1569095028019554, "C#": 0.005961607249314415, "C": 0.26028377250506735, "F#": 0.028019554071777752}, "E": {"F": 0.03202490826198154, "B": 0.07272322917824975, "G#": 0.004003113532747692, "D#": 0.0, "G": 0.2833314800400311, "A": 0.09585232958968086, "E": 0.11853663960858446, "A#": 0.006671855887912821, "D": 0.04636939842099411, "C#": 0.005226287112198377, "C": 0.332703213610586, "F#": 0.0025575447570332483}, "A#": {"F": 0.09177592371871275, "B": 0.0, "G#": 0.0, "D#": 0.0, "G": 0.3134684147794994, "A": 0.057210965435041714, "E": 0.20500595947556616, "A#": 0.014302741358760428, "D": 0.2026221692491061, "C#": 0.0059594755661501785, "C": 0.10727056019070322, "F#": 0.0023837902264600714}, "D": {"F": 0.20816864295125165, "B": 0.13899868247694336, "G#": 0.0013175230566534915, "D#": 0.0, "G": 0.21717171717171718, "A": 0.15711462450592886, "E": 0.06104523495827844, "A#": 0.008454106280193236, "D": 0.11693017127799736, "C#": 0.00021958717610891525, "C": 0.06005709266578832, "F#": 0.03052261747913922}, "C#": {"F": 0.045714285714285714, "B": 0.022857142857142857, "G#": 0.0, "D#": 0.0, "G": 0.2361904761904762, "A": 0.24571428571428572, "E": 0.42095238095238097, "A#": 0.009523809523809525, "D": 0.017142857142857144, "C#": 0.0, "C": 0.0, "F#": 0.0019047619047619048}, "C": {"F": 0.10791722579278197, "B": 0.01024083621724698, "G#": 0.0002118793700120065, "D#": 0.0, "G": 0.19062080655413519, "A": 0.12628010452715588, "E": 0.32297478635496857, "A#": 0.003743202203545448, "D": 0.08235044847799985, "C#": 0.0, "C": 0.1441485980648351, "F#": 0.01151211243731902}, "F#": {"F": 0.0013850415512465374, "B": 0.07340720221606649, "G#": 0.0006925207756232687, "D#": 0.002077562326869806, "G": 0.029778393351800554, "A": 0.4134349030470914, "E": 0.036011080332409975, "A#": 0.0006925207756232687, "D": 0.2098337950138504, "C#": 0.0, "C": 0.2098337950138504, "F#": 0.022853185595567867}}