{"F": {"#vi": 0.01297895152643756, "#I": 0.002595790305287512, "ii": 0.23418542971615597, "V": 0.12301788838101688, "#ii": 0.0, "#II": 5.643022402798939e-05, "#iv": 0.0, "iv": 0.14180915298233734, "III": 0.011624626149765815, "I": 0.017831950792844647, "vii": 0.05287511991422606, "#IV": 0.0, "vi": 0.0, "i": 0.0398961683877885, "#i": 0.0004514417922239151, "v": 0.028497263134134643, "IV": 0.21358839794593984, "iii": 0.013599683990745444, "#v": 0.002877941425427459, "VI": 0.0, "VII": 0.0, "#VI": 0.10411376333164042, "II": 0.0, "#V": 0.0}, "B": {"#vi": 0.0, "#I": 0.0, "ii": 8.968609865470852e-05, "V": 0.630762331838565, "#ii": 0.0, "#II": 0.0, "#iv": 0.0010762331838565023, "iv": 0.001883408071748879, "III": 0.054260089686098655, "I": 0.0368609865470852, "vii": 0.09174887892376682, "#IV": 0.0, "vi": 0.018923766816143498, "i": 0.05219730941704036, "#i": 0.0010762331838565023, "v": 0.0, "IV": 0.005919282511210763, "iii": 0.08789237668161436, "#v": 0.010134529147982062, "VI": 0.0002690582959641256, "VII": 0.006457399103139014, "#VI": 0.0, "II": 0.0, "#V": 0.0004484304932735426}, "G#": {"#vi": 0.004216174779609045, "#I": 0.004791107704101188, "ii": 0.18532004599463395, "V": 0.004216174779609045, "#ii": 0.0, "#II": 0.0, "#iv": 0.0007665772326561902, "iv": 0.32119586048294363, "III": 0.09409735530854733, "I": 0.005174396320429283, "vii": 0.0005749329244921426, "#IV": 0.0, "vi": 0.0011498658489842851, "i": 0.03545419701034879, "#i": 0.0007665772326561902, "v": 0.004982752012265236, "IV": 0.00019164430816404754, "iii": 0.0003832886163280951, "#v": 0.03181295515523189, "VI": 0.0, "VII": 0.0, "#VI": 0.08279034112686853, "II": 0.0005749329244921426, "#V": 0.22154082023763894}, "D#": {"#vi": 0.035986159169550176, "#I": 0.0, "ii": 0.006129510627780524, "V": 0.0001977261492832427, "#ii": 0.002471576866040534, "#II": 0.0009886307464162135, "#iv": 0.013643104300543748, "iv": 0.052100840336134456, "III": 0.30716757291151753, "I": 0.0, "vii": 0.0, "#IV": 0.0, "vi": 0.001977261492832427, "i": 0.4207612456747405, "#i": 0.00029658922392486405, "v": 9.886307464162135e-05, "IV": 0.02906574394463668, "iii": 0.020168067226890758, "#v": 0.009985170538803757, "VI": 0.0, "VII": 0.004745427582797825, "#VI": 0.00434997528423134, "II": 9.886307464162135e-05, "#V": 0.08976767177459219}, "G": {"#vi": 0.007569105937206697, "#I": 3.027642374882679e-05, "ii": 0.017893366435556633, "V": 0.3224741893487541, "#ii": 3.027642374882679e-05, "#II": 0.0004844227799812286, "#iv": 0.0007871870174694965, "iv": 0.020406309606709257, "III": 0.0808077749856187, "I": 0.21465984437918192, "vii": 0.0, "#IV": 0.0, "vi": 0.02688546428895819, "i": 0.15916315964758243, "#i": 0.0047533985285658055, "v": 0.06760725423113022, "IV": 0.008719610039662115, "iii": 0.0528929122892004, "#v": 0.00021193496624178753, "VI": 0.005480032698537649, "VII": 0.0, "#VI": 0.0, "II": 0.001150504102455418, "#V": 0.007992975869690272}, "A": {"#vi": 0.03488282156392606, "#I": 0.0, "ii": 0.16513264753654575, "V": 0.012994044396318355, "#ii": 0.0020109830613349836, "#II": 0.0, "#iv": 0.04648464691778173, "iv": 7.734550235903782e-05, "III": 0.0010828370330265296, "I": 0.0, "vii": 0.031170237450692244, "#IV": 0.0, "vi": 0.24750560754892104, "i": 0.00030938200943615127, "#i": 0.0, "v": 0.021811431665248664, "IV": 0.26854358419057933, "iii": 0.007502513728826669, "#v": 0.0, "VI": 0.04207595328331658, "VII": 0.0019336375589759456, "#VI": 0.006961095212313404, "II": 0.10952123134039755, "#V": 0.0}, "E": {"#vi": 0.0005792484251683441, "#I": 0.0, "ii": 0.01643617406415176, "V": 0.0, "#ii": 0.00021721815943812902, "#II": 0.0, "#iv": 0.008471508218087032, "iv": 0.011584968503366882, "III": 0.04851205560784882, "I": 0.5385562233002679, "vii": 0.0060097024111215695, "#IV": 0.0, "vi": 0.1674752009267975, "i": 0.0, "#i": 0.013250307725725871, "v": 0.0, "IV": 0.0351893418289769, "iii": 0.12062848454130766, "#v": 0.00014481210629208602, "VI": 0.028600390992686988, "VII": 7.240605314604301e-05, "#VI": 0.0010136847440446021, "II": 0.001592933169212946, "#V": 0.0016653392223589891}, "A#": {"#vi": 0.02485177242336319, "#I": 0.0, "ii": 0.00012615112905260502, "V": 0.0, "#ii": 0.00025230225810521004, "#II": 0.0011353601614734453, "#iv": 0.0003784533871578151, "iv": 0.023968714519994955, "III": 0.2588621168159455, "I": 0.050965056137252426, "vii": 0.0, "#IV": 0.0, "vi": 0.0013876624195786552, "i": 0.06042639081619781, "#i": 0.006812160968840671, "v": 0.16689794373659644, "IV": 0.004036836129683361, "iii": 0.054118834363567556, "#v": 0.008956730162734957, "VI": 0.0003784533871578151, "VII": 0.0, "#VI": 0.3281190866658257, "II": 0.0, "#V": 0.008325974517471931}, "D": {"#vi": 0.0013956419953178461, "#I": 0.0, "ii": 0.1967855213398163, "V": 0.32167296956600033, "#ii": 4.502070952638214e-05, "#II": 4.502070952638214e-05, "#iv": 0.0, "iv": 0.0007203313524221142, "III": 0.023050603277507655, "I": 0.021159733477399603, "vii": 0.05857194309382316, "#IV": 0.0, "vi": 0.008779038357644516, "i": 0.0804069872141185, "#i": 0.00022510354763191067, "v": 0.07378894291374032, "IV": 0.0, "iii": 0.026517197911039077, "#v": 0.004817215919322888, "VI": 0.0004051863857374392, "VII": 0.0, "#VI": 0.08959121195750044, "II": 0.08995137763371151, "#V": 0.0020709526382135784}, "C#": {"#vi": 0.05844980940279543, "#I": 0.043202033036848796, "ii": 0.010165184243964422, "V": 0.0038119440914866584, "#ii": 0.0, "#II": 0.0012706480304955528, "#iv": 0.010165184243964422, "iv": 0.044472681067344345, "III": 0.05972045743329098, "I": 0.0025412960609911056, "vii": 0.0, "#IV": 0.0, "vi": 0.0012706480304955528, "i": 0.0025412960609911056, "#i": 0.1880559085133418, "v": 0.04955527318932656, "IV": 0.048284625158831, "iii": 0.0012706480304955528, "#v": 0.0, "VI": 0.46886912325285895, "VII": 0.0, "#VI": 0.0012706480304955528, "II": 0.0, "#V": 0.005082592121982211}, "C": {"#vi": 0.019381875327396544, "#I": 0.00026191723415400735, "ii": 0.0646935568360398, "V": 0.005402042954426401, "#ii": 0.0006220534311157674, "#II": 0.0, "#iv": 0.019087218438973284, "iv": 0.0767090099528549, "III": 0.0, "I": 0.33112886327920377, "vii": 0.0034704033525405974, "#IV": 0.0, "vi": 0.09088528025144055, "i": 0.21221843897328443, "#i": 0.0, "v": 0.0041906757464641176, "IV": 0.10208224201152435, "iii": 0.0, "#v": 6.547930853850184e-05, "VI": 0.0, "VII": 0.0, "#VI": 0.0017679413305395496, "II": 0.025242273441592456, "#V": 0.04279072812991095}, "F#": {"#vi": 0.0034949759720401923, "#I": 0.0, "ii": 0.00043687199650502403, "V": 0.019659239842726082, "#ii": 0.012669287898645697, "#II": 0.0, "#iv": 0.22105723023154217, "iv": 0.0, "III": 0.0008737439930100481, "I": 0.005679335954565312, "vii": 0.045434687636522496, "#IV": 0.0, "vi": 0.0, "i": 0.0034949759720401923, "#i": 0.00043687199650502403, "v": 0.004805591961555264, "IV": 0.001310615989515072, "iii": 0.01834862385321101, "#v": 0.00043687199650502403, "VI": 0.0, "VII": 0.019659239842726082, "#VI": 0.013543031891655745, "II": 0.6264744429882044, "#V": 0.00218435998252512}}