{"E": {"#ii": 0.00020788580139976439, "IV": 0.03506340516942693, "vi": 0.16859538493520893, "v": 0.0, "-II": 0.0, "III": 0.048783868061811377, "#vi": 0.0005543621370660384, "#i": 0.012681033885385629, "VI": 0.027718106853301918, "-VI": 0.0015937911440648603, "VII": 6.92952671332548e-05, "I": 0.5377312729540572, "iv": 0.005127849767860855, "II": 0.0015244958769316055, "-III": 0.0, "-vii": 0.0, "#iv": 0.008246136788857321, "-iii": 0.0, "i": 0.0, "iii": 0.12085094588039637, "#iii": 0.0069295267133254795, "vii": 0.006444459843392696, "-ii": 0.0, "ii": 0.016769454646247663, "#v": 0.0, "V": 0.0, "#vii": 0.0, "-VII": 0.0009701337398655672, "-vi": 0.0001385905342665096, "-I": 0.0}, "A": {"#ii": 0.0020858164481525627, "IV": 0.2666120381406436, "vi": 0.2535756853396901, "v": 0.02130512514898689, "-II": 0.0, "III": 0.001266388557806913, "#vi": 0.032777115613825986, "#i": 0.0, "VI": 0.04082240762812873, "-VI": 0.0, "VII": 0.001862336114421931, "I": 0.0, "iv": 0.0, "II": 0.10794100119189512, "-III": 0.0, "-vii": 0.001266388557806913, "#iv": 0.045887961859356376, "-iii": 0.0, "i": 0.0, "iii": 0.007523837902264601, "#iii": 7.449344457687723e-05, "vii": 0.0307657926102503, "-ii": 0.0, "ii": 0.1649284862932062, "#v": 0.0006704410011918951, "V": 0.013632300357568534, "#vii": 0.0002979737783075089, "-VII": 0.006704410011918951, "-vi": 0.0, "-I": 0.0}, "F": {"#ii": 0.0, "IV": 0.21384615384615385, "vi": 0.0, "v": 0.03054945054945055, "-II": 0.0025274725274725277, "III": 0.011483516483516483, "#vi": 0.0, "#i": 0.00043956043956043956, "VI": 0.0, "-VI": 0.0, "VII": 0.0, "I": 0.01802197802197802, "iv": 0.14175824175824175, "II": 0.0, "-III": 5.4945054945054945e-05, "-vii": 0.012747252747252748, "#iv": 5.4945054945054945e-05, "-iii": 0.0, "i": 0.009945054945054946, "iii": 0.013351648351648352, "#iii": 0.0002747252747252747, "vii": 0.053956043956043954, "-ii": 0.0, "ii": 0.2343956043956044, "#v": 0.003076923076923077, "V": 0.12252747252747252, "#vii": 0.02923076923076923, "-VII": 0.10175824175824176, "-vi": 0.0, "-I": 0.0}, "D#": {"#ii": 0.0025515210991167814, "IV": 0.02885181550539745, "vi": 0.0023552502453385673, "v": 9.813542688910697e-05, "-II": 0.0, "III": 0.30618253189401373, "#vi": 0.03572129538763494, "#i": 9.813542688910697e-05, "VI": 0.0, "-VI": 0.08969578017664377, "VII": 0.004612365063788027, "I": 0.0, "iv": 0.05181550539744848, "II": 9.813542688910697e-05, "-III": 0.0015701668302257115, "-vii": 0.0004906771344455348, "#iv": 0.014033366045142296, "-iii": 9.813542688910697e-05, "i": 0.4187438665358194, "iii": 0.02001962708537782, "#iii": 0.0, "vii": 0.0, "-ii": 0.00019627085377821394, "ii": 0.006084396467124632, "#v": 0.0, "V": 0.00019627085377821394, "#vii": 0.0021589793915603533, "-VII": 0.0043179587831207065, "-vi": 0.009911678115799804, "-I": 9.813542688910697e-05}, "B": {"#ii": 0.0, "IV": 0.006040210544481836, "vi": 0.019414962464405904, "v": 0.0, "-II": 0.0, "III": 0.05444818362240055, "#vi": 0.0, "#i": 0.0010354646647683149, "VI": 0.0002588661661920787, "-VI": 0.0004314436103201312, "VII": 0.006126499266545862, "I": 0.037880748986107514, "iv": 0.0016394857192164984, "II": 0.0, "-III": 0.0, "-vii": 0.0, "#iv": 0.0010354646647683149, "-iii": 0.0, "i": 0.010268357925619122, "iii": 0.08654758823021831, "#iii": 0.00017257744412805246, "vii": 0.09517646043662094, "-ii": 0.0, "ii": 8.628872206402623e-05, "#v": 0.010354646647683147, "V": 0.6264561221848305, "#vii": 0.04193631892311675, "-VII": 0.0, "-vi": 0.0006040210544481836, "-I": 8.628872206402623e-05}, "A#": {"#ii": 0.0, "IV": 0.004004004004004004, "vi": 0.0013763763763763764, "v": 0.1682932932932933, "-II": 0.0, "III": 0.2577577577577578, "#vi": 0.0011261261261261261, "#i": 0.007257257257257258, "VI": 0.00037537537537537537, "-VI": 0.008258258258258258, "VII": 0.0, "I": 0.0508008008008008, "iv": 0.011761761761761762, "II": 0.0, "-III": 0.0011261261261261261, "-vii": 0.023773773773773772, "#iv": 0.00037537537537537537, "-iii": 0.00025025025025025025, "i": 0.06118618618618619, "iii": 0.05442942942942943, "#iii": 0.012012012012012012, "vii": 0.0, "-ii": 0.0, "ii": 0.00012512512512512512, "#v": 0.0, "V": 0.0, "#vii": 0.0, "-VII": 0.32682682682682684, "-vi": 0.008883883883883883, "-I": 0.0}, "F#": {"#ii": 0.013130029648454045, "IV": 0.0012706480304955528, "vi": 0.0, "v": 0.004659042778483694, "-II": 0.0, "III": 0.0008470986869970351, "#vi": 0.0033883947479881405, "#i": 0.00042354934349851756, "VI": 0.0, "-VI": 0.0021177467174925877, "VII": 0.018636171113934775, "I": 0.005929690808979246, "iv": 0.0, "II": 0.6217704362558238, "-III": 0.0016941973739940702, "-vii": 0.0, "#iv": 0.22490470139771285, "-iii": 0.0, "i": 0.0012706480304955528, "iii": 0.017789072426937738, "#iii": 0.0, "vii": 0.04531977975434138, "-ii": 0.0, "ii": 0.00042354934349851756, "#v": 0.00042354934349851756, "V": 0.020330368487928845, "#vii": 0.0021177467174925877, "-VII": 0.013130029648454045, "-vi": 0.0, "-I": 0.00042354934349851756}, "D": {"#ii": 0.0, "IV": 0.0, "vi": 0.009221221921160738, "v": 0.07556157678524604, "-II": 0.0, "III": 0.02290009614544183, "#vi": 0.001398479153920112, "#i": 0.0002185123678000175, "VI": 0.0003933222620400315, "-VI": 0.0020103137837601606, "VII": 0.0, "I": 0.02189493925356175, "iv": 0.0, "II": 0.08941526090376715, "-III": 4.37024735600035e-05, "-vii": 0.0, "#iv": 0.0, "-iii": 4.37024735600035e-05, "i": 0.05060746438248405, "iii": 0.026177781662442095, "#iii": 0.000699239576960056, "vii": 0.060047198671444806, "-ii": 0.0, "ii": 0.19858403985665588, "#v": 0.005113189406520409, "V": 0.3200332138799056, "#vii": 0.028275500393322262, "-VII": 0.08736124464644698, "-vi": 0.0, "-I": 0.0}, "G": {"#ii": 2.940657531023937e-05, "IV": 0.00888078574369229, "vi": 0.027789213668176205, "v": 0.0701346821149209, "-II": 2.940657531023937e-05, "III": 0.07872140210551079, "#vi": 0.00743986355349056, "#i": 0.004734458624948539, "VI": 0.005440216432394283, "-VI": 0.007763335881903193, "VII": 0.0, "I": 0.21502087866847028, "iv": 0.01593836381814974, "II": 0.001264482738340293, "-III": 0.0006469446568252662, "-vii": 0.0, "#iv": 0.0008527906839969417, "-iii": 0.0, "i": 0.15706051873198848, "iii": 0.05363759336587661, "#iii": 0.003969887666882315, "vii": 0.0, "-ii": 0.0, "ii": 0.01773216491207434, "#v": 0.0, "V": 0.32270775745456687, "#vii": 0.0, "-VII": 0.0, "-vi": 0.0002058460271716756, "-I": 0.0}, "C#": {"#ii": 0.0, "IV": 0.04779874213836478, "vi": 0.0012578616352201257, "v": 0.04905660377358491, "-II": 0.042767295597484274, "III": 0.05911949685534591, "#vi": 0.0, "#i": 0.18867924528301888, "VI": 0.4691823899371069, "-VI": 0.005031446540880503, "VII": 0.0, "I": 0.0025157232704402514, "iv": 0.0, "II": 0.0, "-III": 0.0012578616352201257, "-vii": 0.05786163522012579, "#iv": 0.010062893081761006, "-iii": 0.0, "i": 0.0025157232704402514, "iii": 0.0012578616352201257, "#iii": 0.0440251572327044, "vii": 0.0, "-ii": 0.0025157232704402514, "ii": 0.010062893081761006, "#v": 0.0, "V": 0.0037735849056603774, "#vii": 0.0, "-VII": 0.0012578616352201257, "-vi": 0.0, "-I": 0.0}, "C": {"#ii": 0.0006648094212992275, "IV": 0.10120931999493478, "vi": 0.09323160693934406, "v": 0.004147144485247563, "-II": 0.0002532607319235153, "III": 0.0, "#vi": 0.01646194757502849, "#i": 0.0, "VI": 0.0, "-VI": 0.04156641762694694, "VII": 0.0, "I": 0.33382930226668356, "iv": 0.07525009497277448, "II": 0.024914524502975814, "-III": 0.0, "-vii": 0.0024692921362542736, "#iv": 0.019311130809168037, "-iii": 0.0, "i": 0.2093516525262758, "iii": 0.0, "#iii": 0.0, "vii": 0.0038622261618336076, "-ii": 0.0, "ii": 0.06524629606179562, "#v": 6.331518298087882e-05, "V": 0.005698366468279093, "#vii": 0.0007597821957705458, "-VII": 0.001709509940483728, "-vi": 0.0, "-I": 0.0}, "G#": {"#ii": 0.0, "IV": 0.0001884303749764462, "vi": 0.0015074429998115696, "v": 0.004899189749387601, "-II": 0.004710759374411155, "III": 0.09628792161296401, "#vi": 0.0, "#i": 0.0, "VI": 0.0, "-VI": 0.2185792349726776, "VII": 0.0, "I": 0.005087620124364048, "iv": 0.31901262483512344, "II": 0.0005652911249293386,