{"B0": 0.0, "G#6": 0.0, "F3": 0.03769572781751401, "C4": 0.0872414459694568, "B7": 0.0, "D7": 0.0, "F0": 0.0, "G6": 0.00011598685482312004, "C#0": 0.0, "B1": 0.0, "C#2": 0.00023197370964624008, "E1": 0.0, "C6": 0.0, "G2": 0.010052194084670405, "A#2": 0.004368838198337522, "C1": 0.0, "A4": 0.014169727430891167, "G#5": 0.004117533346220762, "B5": 0.0015078291127005605, "D2": 0.006727237579740962, "C3": 0.06309684902377731, "D#0": 0.0, "C0": 0.0, "F2": 0.004794123332688962, "D#2": 0.007268509568915523, "D#6": 0.00023197370964624008, "E6": 0.0, "F7": 0.0, "E3": 0.005219408467040402, "G#2": 0.003247631935047361, "G0": 0.0, "D#7": 0.0, "F#3": 0.0039822153489271215, "G#0": 0.0, "A0": 0.0, "A#4": 0.05105354726464334, "F5": 0.018403247631935047, "D0": 0.0, "D3": 0.04160061859655906, "D4": 0.061299052774018946, "F#1": 0.0, "G#7": 0.0, "C2": 0.016276821960177847, "C#7": 0.0, "D#4": 0.06868354919775758, "F#0": 0.0, "D5": 0.011927314904310845, "F4": 0.06153102648366519, "F#5": 0.0002513048521167601, "D#1": 0.0, "D#5": 0.021438236999806688, "G1": 0.0, "G#4": 0.029847283974482892, "A1": 0.0, "F#7": 0.0, "A#6": 0.0, "A#0": 0.0, "D6": 0.00011598685482312004, "E2": 0.0005026097042335202, "C#3": 0.0017204716798762806, "D1": 0.0, "A#1": 0.0, "E7": 0.0, "A3": 0.009974869514788324, "B3": 0.015058959984535086, "A6": 0.0, "C#4": 0.0013145176879953606, "F1": 0.0, "B6": 0.0, "E0": 0.0, "A7": 0.0, "G3": 0.06211096075778078, "D#3": 0.044654939106901215, "A#7": 0.0, "C5": 0.008776338681616083, "F#6": 0.0, "B2": 0.0016818093949352406, "F#4": 0.003402281074811521, "G4": 0.09704233520201044, "G7": 0.0, "F#2": 0.0005026097042335202, "F6": 0.00021264256717572007, "E4": 0.004678136477865842, "C7": 0.0, "B4": 0.02302339068238933, "A#5": 0.006843224434564083, "C#6": 0.0, "G#1": 0.0, "G#3": 0.02598105548037889, "A#3": 0.035047361299052775, "A2": 0.0015464913976416005, "E5": 0.00017398028223468008, "A5": 0.002145756814227721, "G5": 0.016992074231587086, "C#5": 0.00011598685482312004, "C#1": 0.0}