{"E": {"E": 0.020920338784590764, "A": 0.012392178291245462, "F": 0.01647086374458452, "D#": 0.005308145661761836, "B": 0.003629834901057726, "A#": 0.0002927286210530424, "F#": 0.0165684399516022, "D": 0.03350766948987159, "G": 0.002400374692634948, "C#": 0.0014831583466687482, "C": 0.00411771593614613, "G#": 0.0006635182077202295}, "A": {"E": 0.005737480972639632, "A": 0.024237929823191912, "F": 0.0038249873150930877, "D#": 0.0003512743452636509, "B": 0.022559619062487803, "A#": 0.013816790913703603, "F#": 0.002302798485617267, "D": 0.012645876429491432, "G": 0.03501034307794387, "C#": 0.0005464267592990125, "C": 0.002985831934741033, "G#": 0.011104172358612076}, "F": {"E": 0.0220717380273994, "A": 0.001697826002107646, "F": 0.011162718082822685, "D#": 0.008098825182467507, "B": 0.0008001248975449826, "A#": 0.0037664415908824794, "F#": 0.002888255727723352, "D": 0.003259045314390539, "G": 0.014987705397915772, "C#": 0.0009367315873697357, "C": 0.0017368564849147184, "G#": 0.00023418289684243394}, "D#": {"E": 0.005756996214043168, "A": 0.0005464267592990125, "F": 0.004722688419655751, "D#": 0.0023808594512314115, "B": 0.0016197650364935014, "A#": 0.00048788103508840404, "F#": 0.0001951524140353616, "D": 0.011689629600718161, "G": 0.0008586706217555911, "C#": 0.0013855821396510674, "C": 0.0016002497950899652, "G#": 0.0007806096561414464}, "B": {"E": 0.008762343390187737, "A": 0.025350298583193473, "F": 5.8545724210608484e-05, "D#": 0.00033175910386011473, "B": 0.01276296787791265, "A#": 0.004566566488427462, "F#": 0.0027126185550915265, "D": 0.0015612193122828929, "G": 0.003161469107372858, "C#": 0.011006596151594395, "C": 0.019124936575465438, "G#": 0.0014831583466687482}, "A#": {"E": 0.0002927286210530424, "A": 0.018051598298270948, "F": 0.001327036415440459, "D#": 0.0021076460715819057, "B": 0.005425237110183053, "A#": 0.00722063931930838, "F#": 0.0019905546231606887, "D": 0.0019515241403536162, "G": 0.0026150423480738455, "C#": 0.00048788103508840404, "C": 0.011240779048436829, "G#": 0.002302798485617267}, "F#": {"E": 0.016080558916513797, "A": 0.0011904297256157058, "F": 0.002302798485617267, "D#": 0.00042933531087779555, "B": 0.005952148628078529, "A#": 0.0005659420007025486, "F#": 0.010850474220366106, "D": 0.003922563522110768, "G": 0.018832207954412396, "C#": 0.0009367315873697357, "C": 9.75762070176808e-05, "G#": 0.005776511455446704}, "D": {"E": 0.02837516100074158, "A": 0.005874087662464385, "F": 0.0022052222785995863, "D#": 0.008762343390187737, "B": 0.004215292143163811, "A#": 0.0030053471761445688, "F#": 0.001327036415440459, "D": 0.02745794465477538, "G": 0.012177510635806564, "C#": 0.016919714296865854, "C": 0.03167323679793919, "G#": 0.000604972483509621}, "G": {"E": 0.004195776901760275, "A": 0.02648218258459857, "F": 0.022442527614066586, "D#": 0.0015221888294758206, "B": 0.001327036415440459, "A#": 0.0017954022091253268, "F#": 0.021935131337574645, "D": 0.005347176144568908, "G": 0.02236446664845244, "C#": 0.0006244877249131571, "C": 0.00915264821825846, "G#": 0.0023808594512314115}, "C#": {"E": 0.0007806096561414464, "A": 0.0023808594512314115, "F": 0.00015612193122828928, "D#": 0.0019710393817571523, "B": 0.010186956012645876, "A#": 0.0007415791733343741, "F#": 0.002790679520705671, "D": 0.01596346746809258, "G": 7.806096561414464e-05, "C#": 0.00386401779790016, "C": 0.0013075211740369228, "G#": 0.00013660668982475312}, "C": {"E": 0.0020100698645642246, "A": 0.0047812341438663595, "F": 0.0060106943522891376, "D#": 0.0008391553803520549, "B": 0.022969439131962064, "A#": 0.01606104367511026, "F#": 0.0008586706217555911, "D": 0.024628234651262636, "G": 0.0034151672456188284, "C#": 0.0016392802778970375, "C": 0.016666016158619883, "G#": 0.0006830334491237656}, "G#": {"E": 0.002771164279302135, "A": 0.011884782014753523, "F": 0.0004488505522813317, "D#": 0.00017563717263182545, "B": 0.00031224386245657856, "A#": 0.002166191795792514, "F#": 0.003161469107372858, "D": 0.00011709144842121697, "G": 0.0032980757971976114, "C#": 0.001073338277194489, "C": 0.00031224386245657856, "G#": 0.001814917450528863}}