{"G0": 0.0, "F#3": 0.0039609290878326415, "C5": 0.008864020919858483, "G6": 0.00011536686663590217, "E2": 0.000499923088755576, "G#2": 0.003230272265805261, "G2": 0.010190739886171358, "F0": 0.0, "C7": 0.0, "C1": 0.0, "D5": 0.011978926319027841, "A2": 0.0015382248884786955, "D#2": 0.007248884786955853, "C#0": 0.0, "G3": 0.06220196892785725, "D2": 0.006691278264882325, "G#0": 0.0, "F#1": 0.0, "D#1": 0.0, "G7": 0.0, "C6": 0.0, "C#5": 0.00011536686663590217, "G#5": 0.0041147515766805105, "A1": 0.0, "A0": 0.0, "A#2": 0.004345485309952315, "B0": 0.0, "E0": 0.0, "E3": 0.005210736809721581, "C4": 0.08733271804337794, "E6": 0.0, "F#7": 0.0, "B7": 0.0, "B1": 0.0, "G#3": 0.02591908937086602, "F5": 0.018304876172896476, "C0": 0.0, "C#6": 0.0, "B5": 0.0015382248884786955, "D3": 0.04164743885556068, "C2": 0.01618981695123827, "A5": 0.0022304260882941088, "D0": 0.0, "D#0": 0.0, "E7": 0.0, "A3": 0.009921550530687587, "E5": 0.00017305029995385326, "F3": 0.03776342101215198, "F#0": 0.0, "F#5": 0.000249961544377788, "A6": 0.0, "D#7": 0.0, "E4": 0.004653130287648054, "F#2": 0.000499923088755576, "E1": 0.0, "F#4": 0.003403322565759114, "G1": 0.0, "A#5": 0.006883556375942163, "C#1": 0.0, "A#6": 0.0, "G5": 0.016901245962159667, "D7": 0.0, "C#4": 0.0013074911552068912, "D#5": 0.021362098138747884, "D#4": 0.06883556375942163, "A#3": 0.034936932779572376, "A7": 0.0, "C#3": 0.0017112751884325488, "D4": 0.061279033994770034, "C#7": 0.0, "D1": 0.0, "B2": 0.0016728195662205814, "G4": 0.0970427626518997, "G#7": 0.0, "A#0": 0.0, "A#7": 0.0, "F1": 0.0, "F#6": 0.0, "B6": 0.0, "D#6": 0.00023073373327180433, "A#1": 0.0, "C3": 0.06304799261652054, "D6": 0.00011536686663590217, "B4": 0.02305414551607445, "F6": 0.00021150592216582064, "D#3": 0.044723888632518076, "F7": 0.0, "F4": 0.06149053991693586, "G#6": 0.0, "F2": 0.0048261805876019075, "A4": 0.014132441162898015, "B3": 0.014978464851561298, "C#2": 0.00023073373327180433, "A#4": 0.05104983848638671, "G#1": 0.0, "G#4": 0.029841562836486694}