{"C#4": 0.00228888410168031, "G#0": 0.0, "G#6": 0.0, "A#7": 0.0, "A4": 0.052846294700560105, "F#2": 0.0007001292546316243, "C7": 0.0, "F2": 0.004227703576044808, "B2": 0.0020734597156398106, "D3": 0.03811665230504093, "D#6": 0.0, "B0": 0.0, "G1": 0.0, "C#1": 0.0, "D#2": 0.00021542438604049978, "D4": 0.06705084015510555, "C#6": 0.0, "C#5": 0.000511632916846187, "G0": 0.0, "F#0": 0.0, "C0": 0.0, "E2": 0.007822598018095648, "D1": 0.0, "B5": 0.0124138302455838, "A7": 0.0, "F7": 0.0, "D#1": 0.0, "C3": 0.05815112020680741, "A3": 0.03713377854373115, "G3": 0.05712785437311504, "D#3": 0.0008347694959069367, "C6": 0.0010501938819474364, "D#0": 0.0, "E1": 0.0, "A#0": 0.0, "F4": 0.03772619560534252, "B3": 0.029890133563119346, "G7": 0.0, "D#7": 0.0, "F#7": 0.0, "A#5": 0.0012656182679879361, "G#2": 0.0005250969409737182, "A#6": 5.3856096510124945e-05, "F5": 0.02111158983196898, "A5": 0.013665984489444205, "F3": 0.031317320120637655, "A1": 0.0, "B4": 0.042169323567427835, "G#4": 0.002908229211546747, "C#3": 0.002908229211546747, "F#3": 0.006449267557087462, "F1": 0.0, "E6": 6.732012063765618e-05, "D#4": 0.0004847048685911245, "C5": 0.02680687203791469, "F#4": 0.00881893580353296, "D7": 0.0, "C#0": 0.0, "G#5": 0.00041738474795346834, "C4": 0.09080137871607066, "D5": 0.022054071520896164, "A2": 0.0054798578199052135, "C#7": 0.0, "G5": 0.027170400689358037, "F0": 0.0, "D2": 0.00772834984920293, "G2": 0.012009909521757864, "A#1": 0.0, "E5": 0.026079814735028004, "G#3": 0.002840909090909091, "D#5": 6.732012063765618e-05, "F#5": 0.001979211546747092, "C2": 0.014783498492029298, "E4": 0.06567750969409737, "G6": 0.0004981688927186557, "G#1": 0.0, "A#3": 0.003635286514433434, "E7": 0.0, "C#2": 0.0001884963377854373, "G#7": 0.0, "B1": 0.0, "A6": 0.0001481042654028436, "G4": 0.09943181818181818, "D0": 0.0, "A#2": 0.00024235243429556225, "D6": 0.00016156828953037484, "F#1": 0.0, "F#6": 2.6928048255062473e-05, "F6": 0.0002558164584230935, "C1": 0.0, "E0": 0.0, "B7": 0.0, "A0": 0.0, "E3": 0.04369075829383886, "A#4": 0.005210577337354589, "B6": 0.0006866652305040931}