{"Hold": {"Hold": 0.42180843546205254, "Note": 0.18892971794302327, "Rest": 0.06343253447475217}, "Note": {"Hold": 0.25236225241777543, "Note": 0.005723919319994347, "Rest": 0.0005400876254315653}, "Rest": {"Hold": 0.0, "Note": 0.06022229400957015, "Rest": 0.006980758747400513}}