{"Hold": {"Hold": {"Hold": {"Hold": 0.10916453017539576, "Note": 0.10696699629674847, "Rest": 0.05080779717576202}, "Note": {"Hold": 0.10654987181052375, "Note": 0.0006562080332071786, "Rest": 0.0001424327513938062}, "Rest": {"Hold": 0.0, "Note": 0.045339396899035524, "Rest": 0.0016888454808122737}}, "Note": {"Hold": {"Hold": 0.10687034550115981, "Note": 0.06737577829324869, "Rest": 0.013012249216619868}, "Note": {"Hold": 0.00022890977902575998, "Note": 0.0023704879339112033, "Rest": 0.00040186383428966754}, "Rest": {"Hold": 0.0, "Note": 0.0001424327513938062, "Rest": 0.0}}, "Rest": {"Hold": {"Hold": 0.0, "Note": 0.0, "Rest": 0.0}, "Note": {"Hold": 0.05830077727587189, "Note": 0.00011191144752370488, "Rest": 0.0}, "Rest": {"Hold": 0.0, "Note": 4.069507182680177e-05, "Rest": 0.0016837585968339235}}}, "Note": {"Hold": {"Hold": {"Hold": 0.15777479347251047, "Note": 0.00038151629837626666, "Rest": 0.0}, "Note": {"Hold": 0.08070850120050461, "Note": 0.002345053514019452, "Rest": 0.0}, "Rest": {"Hold": 0.0, "Note": 0.01307329182436007, "Rest": 3.560818784845155e-05}}, "Note": {"Hold": {"Hold": 0.0017295405526390755, "Note": 0.0009003784641679893, "Rest": 8.139014365360354e-05}, "Note": {"Hold": 0.002482399381434908, "Note": 0.00017295405526390753, "Rest": 0.0}, "Rest": {"Hold": 0.0, "Note": 0.00040186383428966754, "Rest": 0.0}}, "Rest": {"Hold": {"Hold": 0.0, "Note": 0.0, "Rest": 0.0}, "Note": {"Hold": 0.0005442965856834737, "Note": 0.0, "Rest": 0.0}, "Rest": {"Hold": 0.0, "Note": 0.0, "Rest": 0.0}}}, "Rest": {"Hold": {"Hold": {"Hold": 0.0, "Note": 0.0, "Rest": 0.0}, "Note": {"Hold": 0.0, "Note": 0.0, "Rest": 0.0}, "Rest": {"Hold": 0.0, "Note": 0.0, "Rest": 0.0}}, "Note": {"Hold": {"Hold": 0.046550075285882876, "Note": 0.014004191592398161, "Rest": 2.543441989175111e-05}, "Note": {"Hold": 0.0, "Note": 0.00011191144752370488, "Rest": 0.0}, "Rest": {"Hold": 0.0, "Note": 0.0, "Rest": 0.0}}, "Rest": {"Hold": {"Hold": 0.0, "Note": 0.0, "Rest": 0.0}, "Note": {"Hold": 0.0017346274366174257, "Note": 0.0, "Rest": 0.0}, "Rest": {"Hold": 0.0, "Note": 0.0016786717128555733, "Rest": 0.0034082122654946487}}}}