{"Note": {"Note": {"Note": 0.0, "Rest": 0.0, "Hold": 0.0}, "Rest": {"Note": 0.0, "Rest": 0.0, "Hold": 0.0}, "Hold": {"Note": 6.475074463356328e-05, "Rest": 5.25006037569432e-06, "Hold": 0.061763460279793216}}, "Rest": {"Note": {"Note": 0.0, "Rest": 0.0, "Hold": 0.015471927927171163}, "Rest": {"Note": 0.0013151401241114273, "Rest": 0.09192155709790663, "Hold": 0.0}, "Hold": {"Note": 0.0, "Rest": 0.0, "Hold": 0.0}}, "Hold": {"Note": {"Note": 0.0, "Rest": 0.0, "Hold": 0.0455871492522164}, "Rest": {"Note": 0.014156787803059736, "Rest": 0.0012766396813563357, "Hold": 0.0}, "Hold": {"Note": 0.045522398507582836, "Rest": 0.01624106177221038, "Hold": 0.7066738767495826}}}