{"Rest": 0.02439919617540994, "Hold": 0.9077895741381367, "Note": 0.06781122968645335}