{"Note": 0.06172910682963305, "Rest": 0.10940131519179298, "Hold": 0.828869577978574}