{"Rest": {"Rest": {"Rest": 0.0580357166302113, "Hold": 0.0, "Note": 0.0009715595631658137}, "Hold": {"Rest": 0.0, "Hold": 0.0, "Note": 0.0}, "Note": {"Rest": 0.0, "Hold": 0.015596944576465677, "Note": 0.0}}, "Hold": {"Rest": {"Rest": 0.0009468766985880876, "Hold": 0.0, "Note": 0.014625385013299862}, "Hold": {"Rest": 0.01645086665738871, "Hold": 0.7334917588116514, "Note": 0.04777814831250607}, "Note": {"Rest": 0.0, "Hold": 0.04782436303767288, "Note": 0.0}}, "Note": {"Rest": {"Rest": 0.0, "Hold": 0.0, "Note": 0.0}, "Hold": {"Rest": 3.151003988645882e-06, "Hold": 0.06422901496989478, "Note": 4.621472516680627e-05}, "Note": {"Rest": 0.0, "Hold": 0.0, "Note": 0.0}}}