{"Chord": {"Chord": 0.0, "Note": 0.0, "Hold": 1.303750368309479e-06, "Rest": 0.0}, "Note": {"Chord": 0.0, "Note": 0.0, "Hold": 0.06780544915503939, "Rest": 0.0}, "Hold": {"Chord": 0.0, "Note": 0.05106659817631398, "Hold": 0.8410311100912886, "Rest": 0.016740154729093713}, "Rest": {"Chord": 1.303750368309479e-06, "Note": 0.015759734452124984, "Hold": 0.0, "Rest": 0.007594345895402715}}