{"Note": {"Note": 0.0, "Rest": 0.0, "Hold": 0.06178123989124068}, "Rest": {"Note": 0.015458861174495764, "Rest": 0.09319030258521957, "Hold": 0.0}, "Hold": {"Note": 0.04554864881405128, "Rest": 0.016232591077189395, "Hold": 0.7677883564578033}}