{"Hold": 0.6715740992146096, "Note": 0.25763015255277, "Rest": 0.07079574823262035}