{"Rest": {"Rest": 0.9588894440082792, "Hold": 0.03761330383270288, "Note": 0.0034972521590179145}, "Hold": {"Rest": 0.0001079341216379003, "Hold": 0.9925101429163414, "Note": 0.007381922962020681}, "Note": {"Rest": 0.00019733109691423496, "Hold": 0.2540884536641918, "Note": 0.7457142152388939}}