{"Chord": 4.070747557169833e-05, "Note": 0.06406389852440489, "Hold": 0.854044364024565, "Rest": 0.08185102997545848}