{"Hold": 0.8194994688704645, "Note": 0.061708733907443164, "Chord": 6.597363726859121e-05, "Rest": 0.11872582358482373}