{"Note": {"Note": 0.7457142152388939, "Rest": 0.00019733109691423496, "Hold": 0.2540884536641918}, "Rest": {"Note": 0.0034972521590179145, "Rest": 0.9588894440082792, "Hold": 0.03761330383270288}, "Hold": {"Note": 0.007381922962020681, "Rest": 0.0001079341216379003, "Hold": 0.9925101429163414}}