{"Hold": 0.6357536621059062, "Note": 0.23391657076282624, "Rest": 0.13032976713126748}