{"Note": {"Note": 0.0, "Rest": 0.0, "Hold": 0.06787983445351026}, "Rest": {"Note": 0.015768644319115267, "Rest": 0.007643534422804895, "Hold": 0.0}, "Hold": {"Note": 0.051130980655624984, "Rest": 0.016748853797885266, "Hold": 0.8408281523510593}}