{"Hold": {"Hold": 0.9412265930900164, "Note": 0.05823578340873588, "Rest": 0.0005376235012476923}, "Note": {"Hold": 0.20499316855049063, "Note": 0.794360948950441, "Rest": 0.0006458824990684387}, "Rest": {"Hold": 0.0074243289548829245, "Note": 0.003902531886541024, "Rest": 0.988673139158576}}