{"Hold": {"Hold": 0.8410311100912886, "Rest": 0.016740154729093713, "Note": 0.05106659817631398, "Chord": 0.0}, "Rest": {"Hold": 0.0, "Rest": 0.007594345895402715, "Note": 0.015759734452124984, "Chord": 1.303750368309479e-06}, "Note": {"Hold": 0.06780544915503939, "Rest": 0.0, "Note": 0.0, "Chord": 0.0}, "Chord": {"Hold": 1.303750368309479e-06, "Rest": 0.0, "Note": 0.0, "Chord": 0.0}}