{"Rest": {"Rest": 0.621139903329753, "Hold": 0.32442434210526316, "Note": 0.05443575456498389}, "Hold": {"Rest": 0.047115747300222825, "Hold": 0.9431818542009388, "Note": 0.009702398498838312}, "Note": {"Rest": 0.051093089944805894, "Hold": 0.22729281654384179, "Note": 0.7216140935113523}}