{"Chord": {"Chord": 0.0, "Note": 0.0, "Hold": 6.602861295615115e-05, "Rest": 0.0}, "Note": {"Chord": 0.0, "Note": 0.0, "Hold": 0.06176015566036553, "Rest": 0.0}, "Hold": {"Chord": 4.93125084102901e-05, "Note": 0.045532161367243626, "Hold": 0.7583561717111691, "Rest": 0.01624471039766777}, "Rest": {"Chord": 1.671610454586105e-05, "Note": 0.015479112809467333, "Hold": 0.0, "Rest": 0.10249563082817433}}