{"Rest": {"Rest": 0.5761385357132668, "Hold": 0.36263872115028006, "Note": 0.061222743136453116}, "Hold": {"Rest": 0.07993583817440228, "Hold": 0.908741645034927, "Note": 0.011322516790670699}, "Note": {"Rest": 0.08745066253171695, "Hold": 0.20815125458133635, "Note": 0.7043980828869467}}