{"Note": {"Note": {"Note": 0.0, "Rest": 0.0, "Hold": 0.0}, "Rest": {"Note": 0.0, "Rest": 0.0, "Hold": 0.0}, "Hold": {"Note": 1.8389331035542636e-05, "Rest": 0.0, "Hold": 0.0679301888452945}}, "Rest": {"Note": {"Note": 0.0, "Rest": 0.0, "Hold": 0.01578461364672256}, "Rest": {"Note": 0.0004557927049523782, "Rest": 0.0071678985329254406, "Hold": 0.0}, "Hold": {"Note": 0.0, "Rest": 0.0, "Hold": 0.0}}, "Hold": {"Note": {"Note": 0.0, "Rest": 0.0, "Hold": 0.05118276236649674}, "Rest": {"Note": 0.015328820941770183, "Rest": 0.0004518521340161905, "Hold": 0.0}, "Hold": {"Note": 0.051164373035461196, "Rest": 0.0167658158098333, "Hold": 0.773749492651492}}}