{"Hold": {"Hold": 0.9231423362135439, "Note": 0.05550470946866239, "Rest": 0.02135295431779365}, "Note": {"Hold": 0.18946309616443036, "Note": 0.7925641950238181, "Rest": 0.01797270881175153}, "Rest": {"Hold": 0.061774059734513276, "Note": 0.029798119469026548, "Rest": 0.9084278207964602}}