{"Rest": {"Rest": 0.007643534422804895, "Hold": 0.0, "Note": 0.015768644319115267}, "Hold": {"Rest": 0.016748853797885266, "Hold": 0.8408281523510593, "Note": 0.051130980655624984}, "Note": {"Rest": 0.0, "Hold": 0.06787983445351026, "Note": 0.0}}