{"Note": 0.06416132277292912, "Rest": 0.07540931701080242, "Hold": 0.8604293602162685}