{"Note": {"Note": 0.0, "Rest": 0.0, "Hold": 0.06421979839361307}, "Rest": {"Note": 0.015582729766429578, "Rest": 0.05898392983442923, "Hold": 0.0}, "Hold": {"Note": 0.047780776665204534, "Rest": 0.016439021728408536, "Hold": 0.796993743611915}}