{"Rest": {"Rest": 0.09319030258521957, "Hold": 0.0, "Note": 0.015458861174495764}, "Hold": {"Rest": 0.016232591077189395, "Hold": 0.7677883564578033, "Note": 0.04554864881405128}, "Note": {"Rest": 0.0, "Hold": 0.06178123989124068, "Note": 0.0}}