{"Chord": 1.3024343800998446e-06, "Note": 0.06773700724023272, "Hold": 0.9079204941957012, "Rest": 0.024341196129685997}