{"Hold": {"Hold": 0.7906526662758617, "Rest": 0.01643825290850021, "Note": 0.047694157636305946, "Chord": 3.0048857404929744e-05}, "Rest": {"Hold": 0.0, "Rest": 0.0654229835052145, "Note": 0.015588736058476094, "Chord": 1.0695356025483468e-05}, "Note": {"Hold": 0.06412171518878067, "Rest": 0.0, "Note": 0.0, "Chord": 0.0}, "Chord": {"Hold": 4.074421343041321e-05, "Rest": 0.0, "Note": 0.0, "Chord": 0.0}}