{"Hold": {"Hold": 0.4125456178365741, "Note": 0.1635969664138678, "Rest": 0.06174089068825911}, "Note": {"Hold": 0.22533785710212692, "Note": 0.008503449848890916, "Rest": 0.0008588983292467354}, "Rest": {"Hold": 0.0, "Note": 0.05949207390089525, "Rest": 0.06792424588013914}}